2026-04-27T15:11:58.366+05:45  INFO 13272 --- [EShopDemo] [restartedMain] c.cdsc.eshopdemo.EShopDemoApplication    : Starting EShopDemoApplication using Java 25.0.2 with PID 13272 (E:\CDC_training\EShopDemo\target\classes started by DELL in E:\CDC_training\EShopDemo)
2026-04-27T15:11:58.383+05:45  INFO 13272 --- [EShopDemo] [restartedMain] c.cdsc.eshopdemo.EShopDemoApplication    : The following 1 profile is active: "prod"
2026-04-27T15:11:58.581+05:45  INFO 13272 --- [EShopDemo] [restartedMain] .e.DevToolsPropertyDefaultsPostProcessor : Devtools property defaults active! Set 'spring.devtools.add-properties' to 'false' to disable
2026-04-27T15:11:58.582+05:45  INFO 13272 --- [EShopDemo] [restartedMain] .e.DevToolsPropertyDefaultsPostProcessor : For additional web related logging consider setting the 'logging.level.web' property to 'DEBUG'
2026-04-27T15:12:00.364+05:45  INFO 13272 --- [EShopDemo] [restartedMain] .s.d.r.c.RepositoryConfigurationDelegate : Bootstrapping Spring Data JPA repositories in DEFAULT mode.
2026-04-27T15:12:00.501+05:45  INFO 13272 --- [EShopDemo] [restartedMain] .s.d.r.c.RepositoryConfigurationDelegate : Finished Spring Data repository scanning in 113 ms. Found 2 JPA repository interfaces.
2026-04-27T15:12:01.599+05:45  INFO 13272 --- [EShopDemo] [restartedMain] o.s.boot.tomcat.TomcatWebServer          : Tomcat initialized with port 8080 (http)
2026-04-27T15:12:01.628+05:45  INFO 13272 --- [EShopDemo] [restartedMain] o.apache.catalina.core.StandardService   : Starting service [Tomcat]
2026-04-27T15:12:01.629+05:45  INFO 13272 --- [EShopDemo] [restartedMain] o.apache.catalina.core.StandardEngine    : Starting Servlet engine: [Apache Tomcat/11.0.20]
2026-04-27T15:12:01.840+05:45  INFO 13272 --- [EShopDemo] [restartedMain] b.w.c.s.WebApplicationContextInitializer : Root WebApplicationContext: initialization completed in 3254 ms
2026-04-27T15:12:02.211+05:45  INFO 13272 --- [EShopDemo] [restartedMain] org.hibernate.orm.jpa                    : HHH008540: Processing PersistenceUnitInfo [name: default]
2026-04-27T15:12:02.361+05:45  INFO 13272 --- [EShopDemo] [restartedMain] org.hibernate.orm.core                   : HHH000001: Hibernate ORM core version 7.2.7.Final
2026-04-27T15:12:03.524+05:45  INFO 13272 --- [EShopDemo] [restartedMain] o.s.o.j.p.SpringPersistenceUnitInfo      : No LoadTimeWeaver setup: ignoring JPA class transformer
2026-04-27T15:12:03.636+05:45  INFO 13272 --- [EShopDemo] [restartedMain] com.zaxxer.hikari.HikariDataSource       : HikariPool-1 - Starting...
2026-04-27T15:12:05.218+05:45  INFO 13272 --- [EShopDemo] [restartedMain] com.zaxxer.hikari.pool.HikariPool        : HikariPool-1 - Added connection com.mysql.cj.jdbc.ConnectionImpl@478ca6e8
2026-04-27T15:12:05.221+05:45  INFO 13272 --- [EShopDemo] [restartedMain] com.zaxxer.hikari.HikariDataSource       : HikariPool-1 - Start completed.
2026-04-27T15:12:05.411+05:45  INFO 13272 --- [EShopDemo] [restartedMain] org.hibernate.orm.connections.pooling    : HHH10001005: Database info:
	Database JDBC URL [jdbc:mysql://localhost:3306/prod_eshop_db?createDatabaseIfNotExist=true]
	Database driver: MySQL Connector/J
	Database dialect: MySQLDialect
	Database version: 8.0.35
	Default catalog/schema: prod_eshop_db/undefined
	Autocommit mode: undefined/unknown
	Isolation level: REPEATABLE_READ [default REPEATABLE_READ]
	JDBC fetch size: none
	Pool: DataSourceConnectionProvider
	Minimum pool size: undefined/unknown
	Maximum pool size: undefined/unknown
2026-04-27T15:12:07.351+05:45  INFO 13272 --- [EShopDemo] [restartedMain] org.hibernate.orm.core                   : HHH000489: No JTA platform available (set 'hibernate.transaction.jta.platform' to enable JTA platform integration)
2026-04-27T15:12:07.506+05:45  INFO 13272 --- [EShopDemo] [restartedMain] j.LocalContainerEntityManagerFactoryBean : Initialized JPA EntityManagerFactory for persistence unit 'default'
2026-04-27T15:12:08.136+05:45  INFO 13272 --- [EShopDemo] [restartedMain] o.s.d.j.r.query.QueryEnhancerFactories   : Hibernate is in classpath; If applicable, HQL parser will be used.
2026-04-27T15:12:08.653+05:45  WARN 13272 --- [EShopDemo] [restartedMain] JpaBaseConfiguration$JpaWebConfiguration : spring.jpa.open-in-view is enabled by default. Therefore, database queries may be performed during view rendering. Explicitly configure spring.jpa.open-in-view to disable this warning
2026-04-27T15:12:09.263+05:45  WARN 13272 --- [EShopDemo] [restartedMain] ion$DefaultTemplateResolverConfiguration : Cannot find template location: classpath:/templates/ (please add some templates, check your Thymeleaf configuration, or set spring.thymeleaf.check-template-location=false)
2026-04-27T15:12:09.588+05:45  INFO 13272 --- [EShopDemo] [restartedMain] o.s.boot.tomcat.TomcatWebServer          : Tomcat started on port 8080 (http) with context path '/'
2026-04-27T15:12:09.602+05:45  INFO 13272 --- [EShopDemo] [restartedMain] c.cdsc.eshopdemo.EShopDemoApplication    : Started EShopDemoApplication in 12.269 seconds (process running for 15.57)
2026-04-27T15:18:39.330+05:45  INFO 13272 --- [EShopDemo] [File Watcher] rtingClassPathChangeChangedEventListener : Restarting due to 1 class path change (0 additions, 0 deletions, 1 modification)
2026-04-27T15:18:40.683+05:45  INFO 13272 --- [EShopDemo] [Thread-1] o.s.boot.tomcat.GracefulShutdown         : Commencing graceful shutdown. Waiting for active requests to complete
2026-04-27T15:18:40.798+05:45  INFO 13272 --- [EShopDemo] [tomcat-shutdown] o.s.boot.tomcat.GracefulShutdown         : Graceful shutdown complete
2026-04-27T15:18:40.879+05:45  INFO 13272 --- [EShopDemo] [Thread-1] j.LocalContainerEntityManagerFactoryBean : Closing JPA EntityManagerFactory for persistence unit 'default'
2026-04-27T15:18:40.996+05:45  INFO 13272 --- [EShopDemo] [Thread-1] com.zaxxer.hikari.HikariDataSource       : HikariPool-1 - Shutdown initiated...
2026-04-27T15:18:41.101+05:45  INFO 13272 --- [EShopDemo] [Thread-1] com.zaxxer.hikari.HikariDataSource       : HikariPool-1 - Shutdown completed.
2026-04-27T15:18:42.248+05:45  INFO 13272 --- [EShopDemo] [restartedMain] c.cdsc.eshopdemo.EShopDemoApplication    : Starting EShopDemoApplication using Java 25.0.2 with PID 13272 (E:\CDC_training\EShopDemo\target\classes started by DELL in E:\CDC_training\EShopDemo)
2026-04-27T15:18:42.249+05:45  INFO 13272 --- [EShopDemo] [restartedMain] c.cdsc.eshopdemo.EShopDemoApplication    : The following 1 profile is active: "prod"
2026-04-27T15:18:42.848+05:45  INFO 13272 --- [EShopDemo] [restartedMain] .s.d.r.c.RepositoryConfigurationDelegate : Bootstrapping Spring Data JPA repositories in DEFAULT mode.
2026-04-27T15:18:42.889+05:45  INFO 13272 --- [EShopDemo] [restartedMain] .s.d.r.c.RepositoryConfigurationDelegate : Finished Spring Data repository scanning in 36 ms. Found 2 JPA repository interfaces.
2026-04-27T15:18:44.062+05:45  INFO 13272 --- [EShopDemo] [restartedMain] o.s.boot.tomcat.TomcatWebServer          : Tomcat initialized with port 8080 (http)
2026-04-27T15:18:44.068+05:45  INFO 13272 --- [EShopDemo] [restartedMain] o.apache.catalina.core.StandardService   : Starting service [Tomcat]
2026-04-27T15:18:44.069+05:45  INFO 13272 --- [EShopDemo] [restartedMain] o.apache.catalina.core.StandardEngine    : Starting Servlet engine: [Apache Tomcat/11.0.20]
2026-04-27T15:18:44.287+05:45  INFO 13272 --- [EShopDemo] [restartedMain] b.w.c.s.WebApplicationContextInitializer : Root WebApplicationContext: initialization completed in 2025 ms
2026-04-27T15:18:44.555+05:45  INFO 13272 --- [EShopDemo] [restartedMain] org.hibernate.orm.jpa                    : HHH008540: Processing PersistenceUnitInfo [name: default]
2026-04-27T15:18:45.099+05:45  INFO 13272 --- [EShopDemo] [restartedMain] o.s.o.j.p.SpringPersistenceUnitInfo      : No LoadTimeWeaver setup: ignoring JPA class transformer
2026-04-27T15:18:45.506+05:45  INFO 13272 --- [EShopDemo] [restartedMain] com.zaxxer.hikari.HikariDataSource       : HikariPool-2 - Starting...
2026-04-27T15:18:45.823+05:45  INFO 13272 --- [EShopDemo] [restartedMain] com.zaxxer.hikari.pool.HikariPool        : HikariPool-2 - Added connection com.mysql.cj.jdbc.ConnectionImpl@7e07f57d
2026-04-27T15:18:45.825+05:45  INFO 13272 --- [EShopDemo] [restartedMain] com.zaxxer.hikari.HikariDataSource       : HikariPool-2 - Start completed.
2026-04-27T15:18:45.832+05:45  INFO 13272 --- [EShopDemo] [restartedMain] org.hibernate.orm.connections.pooling    : HHH10001005: Database info:
	Database JDBC URL [jdbc:mysql://localhost:3306/prod_eshop_db?createDatabaseIfNotExist=true]
	Database driver: MySQL Connector/J
	Database dialect: MySQLDialect
	Database version: 8.0.35
	Default catalog/schema: prod_eshop_db/undefined
	Autocommit mode: undefined/unknown
	Isolation level: REPEATABLE_READ [default REPEATABLE_READ]
	JDBC fetch size: none
	Pool: DataSourceConnectionProvider
	Minimum pool size: undefined/unknown
	Maximum pool size: undefined/unknown
2026-04-27T15:18:46.588+05:45  INFO 13272 --- [EShopDemo] [restartedMain] org.hibernate.orm.core                   : HHH000489: No JTA platform available (set 'hibernate.transaction.jta.platform' to enable JTA platform integration)
2026-04-27T15:18:46.677+05:45  INFO 13272 --- [EShopDemo] [restartedMain] j.LocalContainerEntityManagerFactoryBean : Initialized JPA EntityManagerFactory for persistence unit 'default'
2026-04-27T15:18:47.046+05:45  WARN 13272 --- [EShopDemo] [restartedMain] JpaBaseConfiguration$JpaWebConfiguration : spring.jpa.open-in-view is enabled by default. Therefore, database queries may be performed during view rendering. Explicitly configure spring.jpa.open-in-view to disable this warning
2026-04-27T15:18:47.386+05:45  WARN 13272 --- [EShopDemo] [restartedMain] ion$DefaultTemplateResolverConfiguration : Cannot find template location: classpath:/templates/ (please add some templates, check your Thymeleaf configuration, or set spring.thymeleaf.check-template-location=false)
2026-04-27T15:18:47.573+05:45  INFO 13272 --- [EShopDemo] [restartedMain] o.s.boot.tomcat.TomcatWebServer          : Tomcat started on port 8080 (http) with context path '/'
2026-04-27T15:18:47.592+05:45  INFO 13272 --- [EShopDemo] [restartedMain] c.cdsc.eshopdemo.EShopDemoApplication    : Started EShopDemoApplication in 5.574 seconds (process running for 413.559)
2026-04-27T15:18:47.597+05:45  INFO 13272 --- [EShopDemo] [restartedMain] .ConditionEvaluationDeltaLoggingListener : Condition evaluation unchanged
2026-04-27T15:18:48.919+05:45  INFO 13272 --- [EShopDemo] [File Watcher] rtingClassPathChangeChangedEventListener : Restarting due to 1 class path change (0 additions, 0 deletions, 1 modification)
2026-04-27T15:18:48.922+05:45  INFO 13272 --- [EShopDemo] [Thread-5] o.s.boot.tomcat.GracefulShutdown         : Commencing graceful shutdown. Waiting for active requests to complete
2026-04-27T15:18:48.942+05:45  INFO 13272 --- [EShopDemo] [tomcat-shutdown] o.s.boot.tomcat.GracefulShutdown         : Graceful shutdown complete
2026-04-27T15:18:48.948+05:45  INFO 13272 --- [EShopDemo] [Thread-5] j.LocalContainerEntityManagerFactoryBean : Closing JPA EntityManagerFactory for persistence unit 'default'
2026-04-27T15:18:48.951+05:45  INFO 13272 --- [EShopDemo] [Thread-5] com.zaxxer.hikari.HikariDataSource       : HikariPool-2 - Shutdown initiated...
2026-04-27T15:18:48.972+05:45  INFO 13272 --- [EShopDemo] [Thread-5] com.zaxxer.hikari.HikariDataSource       : HikariPool-2 - Shutdown completed.
2026-04-27T15:18:49.230+05:45  INFO 13272 --- [EShopDemo] [restartedMain] c.cdsc.eshopdemo.EShopDemoApplication    : Starting EShopDemoApplication using Java 25.0.2 with PID 13272 (E:\CDC_training\EShopDemo\target\classes started by DELL in E:\CDC_training\EShopDemo)
2026-04-27T15:18:49.231+05:45  INFO 13272 --- [EShopDemo] [restartedMain] c.cdsc.eshopdemo.EShopDemoApplication    : The following 1 profile is active: "prod"
2026-04-27T15:18:49.638+05:45  INFO 13272 --- [EShopDemo] [restartedMain] .s.d.r.c.RepositoryConfigurationDelegate : Bootstrapping Spring Data JPA repositories in DEFAULT mode.
2026-04-27T15:18:49.670+05:45  INFO 13272 --- [EShopDemo] [restartedMain] .s.d.r.c.RepositoryConfigurationDelegate : Finished Spring Data repository scanning in 27 ms. Found 2 JPA repository interfaces.
2026-04-27T15:18:49.876+05:45  INFO 13272 --- [EShopDemo] [restartedMain] o.s.boot.tomcat.TomcatWebServer          : Tomcat initialized with port 8080 (http)
2026-04-27T15:18:49.878+05:45  INFO 13272 --- [EShopDemo] [restartedMain] o.apache.catalina.core.StandardService   : Starting service [Tomcat]
2026-04-27T15:18:49.878+05:45  INFO 13272 --- [EShopDemo] [restartedMain] o.apache.catalina.core.StandardEngine    : Starting Servlet engine: [Apache Tomcat/11.0.20]
2026-04-27T15:18:49.999+05:45  INFO 13272 --- [EShopDemo] [restartedMain] b.w.c.s.WebApplicationContextInitializer : Root WebApplicationContext: initialization completed in 763 ms
2026-04-27T15:18:50.094+05:45  INFO 13272 --- [EShopDemo] [restartedMain] org.hibernate.orm.jpa                    : HHH008540: Processing PersistenceUnitInfo [name: default]
2026-04-27T15:18:50.192+05:45  INFO 13272 --- [EShopDemo] [restartedMain] o.s.o.j.p.SpringPersistenceUnitInfo      : No LoadTimeWeaver setup: ignoring JPA class transformer
2026-04-27T15:18:50.195+05:45  INFO 13272 --- [EShopDemo] [restartedMain] com.zaxxer.hikari.HikariDataSource       : HikariPool-3 - Starting...
2026-04-27T15:18:50.262+05:45  INFO 13272 --- [EShopDemo] [restartedMain] com.zaxxer.hikari.pool.HikariPool        : HikariPool-3 - Added connection com.mysql.cj.jdbc.ConnectionImpl@4fb0275f
2026-04-27T15:18:50.263+05:45  INFO 13272 --- [EShopDemo] [restartedMain] com.zaxxer.hikari.HikariDataSource       : HikariPool-3 - Start completed.
2026-04-27T15:18:50.267+05:45  INFO 13272 --- [EShopDemo] [restartedMain] org.hibernate.orm.connections.pooling    : HHH10001005: Database info:
	Database JDBC URL [jdbc:mysql://localhost:3306/prod_eshop_db?createDatabaseIfNotExist=true]
	Database driver: MySQL Connector/J
	Database dialect: MySQLDialect
	Database version: 8.0.35
	Default catalog/schema: prod_eshop_db/undefined
	Autocommit mode: undefined/unknown
	Isolation level: REPEATABLE_READ [default REPEATABLE_READ]
	JDBC fetch size: none
	Pool: DataSourceConnectionProvider
	Minimum pool size: undefined/unknown
	Maximum pool size: undefined/unknown
2026-04-27T15:18:50.972+05:45  INFO 13272 --- [EShopDemo] [restartedMain] org.hibernate.orm.core                   : HHH000489: No JTA platform available (set 'hibernate.transaction.jta.platform' to enable JTA platform integration)
2026-04-27T15:18:51.009+05:45  INFO 13272 --- [EShopDemo] [restartedMain] j.LocalContainerEntityManagerFactoryBean : Initialized JPA EntityManagerFactory for persistence unit 'default'
2026-04-27T15:18:51.169+05:45  WARN 13272 --- [EShopDemo] [restartedMain] JpaBaseConfiguration$JpaWebConfiguration : spring.jpa.open-in-view is enabled by default. Therefore, database queries may be performed during view rendering. Explicitly configure spring.jpa.open-in-view to disable this warning
2026-04-27T15:18:51.396+05:45  WARN 13272 --- [EShopDemo] [restartedMain] ion$DefaultTemplateResolverConfiguration : Cannot find template location: classpath:/templates/ (please add some templates, check your Thymeleaf configuration, or set spring.thymeleaf.check-template-location=false)
2026-04-27T15:18:51.527+05:45  INFO 13272 --- [EShopDemo] [restartedMain] o.s.boot.tomcat.TomcatWebServer          : Tomcat started on port 8080 (http) with context path '/'
2026-04-27T15:18:51.543+05:45  INFO 13272 --- [EShopDemo] [restartedMain] c.cdsc.eshopdemo.EShopDemoApplication    : Started EShopDemoApplication in 2.379 seconds (process running for 417.51)
2026-04-27T15:18:51.549+05:45  INFO 13272 --- [EShopDemo] [restartedMain] .ConditionEvaluationDeltaLoggingListener : Condition evaluation unchanged
2026-04-27T15:19:11.820+05:45  INFO 13272 --- [EShopDemo] [File Watcher] rtingClassPathChangeChangedEventListener : Restarting due to 1 class path change (0 additions, 0 deletions, 1 modification)
2026-04-27T15:19:11.824+05:45  INFO 13272 --- [EShopDemo] [Thread-9] o.s.boot.tomcat.GracefulShutdown         : Commencing graceful shutdown. Waiting for active requests to complete
2026-04-27T15:19:11.840+05:45  INFO 13272 --- [EShopDemo] [tomcat-shutdown] o.s.boot.tomcat.GracefulShutdown         : Graceful shutdown complete
2026-04-27T15:19:11.845+05:45  INFO 13272 --- [EShopDemo] [Thread-9] j.LocalContainerEntityManagerFactoryBean : Closing JPA EntityManagerFactory for persistence unit 'default'
2026-04-27T15:19:11.847+05:45  INFO 13272 --- [EShopDemo] [Thread-9] com.zaxxer.hikari.HikariDataSource       : HikariPool-3 - Shutdown initiated...
2026-04-27T15:19:11.870+05:45  INFO 13272 --- [EShopDemo] [Thread-9] com.zaxxer.hikari.HikariDataSource       : HikariPool-3 - Shutdown completed.
2026-04-27T15:19:12.076+05:45  INFO 13272 --- [EShopDemo] [restartedMain] c.cdsc.eshopdemo.EShopDemoApplication    : Starting EShopDemoApplication using Java 25.0.2 with PID 13272 (E:\CDC_training\EShopDemo\target\classes started by DELL in E:\CDC_training\EShopDemo)
2026-04-27T15:19:12.077+05:45  INFO 13272 --- [EShopDemo] [restartedMain] c.cdsc.eshopdemo.EShopDemoApplication    : The following 1 profile is active: "prod"
2026-04-27T15:19:12.592+05:45  INFO 13272 --- [EShopDemo] [restartedMain] .s.d.r.c.RepositoryConfigurationDelegate : Bootstrapping Spring Data JPA repositories in DEFAULT mode.
2026-04-27T15:19:12.621+05:45  INFO 13272 --- [EShopDemo] [restartedMain] .s.d.r.c.RepositoryConfigurationDelegate : Finished Spring Data repository scanning in 25 ms. Found 2 JPA repository interfaces.
2026-04-27T15:19:12.877+05:45  INFO 13272 --- [EShopDemo] [restartedMain] o.s.boot.tomcat.TomcatWebServer          : Tomcat initialized with port 8080 (http)
2026-04-27T15:19:12.879+05:45  INFO 13272 --- [EShopDemo] [restartedMain] o.apache.catalina.core.StandardService   : Starting service [Tomcat]
2026-04-27T15:19:12.880+05:45  INFO 13272 --- [EShopDemo] [restartedMain] o.apache.catalina.core.StandardEngine    : Starting Servlet engine: [Apache Tomcat/11.0.20]
2026-04-27T15:19:12.973+05:45  INFO 13272 --- [EShopDemo] [restartedMain] b.w.c.s.WebApplicationContextInitializer : Root WebApplicationContext: initialization completed in 891 ms
2026-04-27T15:19:13.048+05:45  INFO 13272 --- [EShopDemo] [restartedMain] org.hibernate.orm.jpa                    : HHH008540: Processing PersistenceUnitInfo [name: default]
2026-04-27T15:19:13.106+05:45  INFO 13272 --- [EShopDemo] [restartedMain] o.s.o.j.p.SpringPersistenceUnitInfo      : No LoadTimeWeaver setup: ignoring JPA class transformer
2026-04-27T15:19:13.108+05:45  INFO 13272 --- [EShopDemo] [restartedMain] com.zaxxer.hikari.HikariDataSource       : HikariPool-4 - Starting...
2026-04-27T15:19:13.139+05:45  INFO 13272 --- [EShopDemo] [restartedMain] com.zaxxer.hikari.pool.HikariPool        : HikariPool-4 - Added connection com.mysql.cj.jdbc.ConnectionImpl@130b5e33
2026-04-27T15:19:13.139+05:45  INFO 13272 --- [EShopDemo] [restartedMain] com.zaxxer.hikari.HikariDataSource       : HikariPool-4 - Start completed.
2026-04-27T15:19:13.142+05:45  INFO 13272 --- [EShopDemo] [restartedMain] org.hibernate.orm.connections.pooling    : HHH10001005: Database info:
	Database JDBC URL [jdbc:mysql://localhost:3306/prod_eshop_db?createDatabaseIfNotExist=true]
	Database driver: MySQL Connector/J
	Database dialect: MySQLDialect
	Database version: 8.0.35
	Default catalog/schema: prod_eshop_db/undefined
	Autocommit mode: undefined/unknown
	Isolation level: REPEATABLE_READ [default REPEATABLE_READ]
	JDBC fetch size: none
	Pool: DataSourceConnectionProvider
	Minimum pool size: undefined/unknown
	Maximum pool size: undefined/unknown
2026-04-27T15:19:13.360+05:45  INFO 13272 --- [EShopDemo] [restartedMain] org.hibernate.orm.core                   : HHH000489: No JTA platform available (set 'hibernate.transaction.jta.platform' to enable JTA platform integration)
2026-04-27T15:19:13.403+05:45  INFO 13272 --- [EShopDemo] [restartedMain] j.LocalContainerEntityManagerFactoryBean : Initialized JPA EntityManagerFactory for persistence unit 'default'
2026-04-27T15:19:13.691+05:45  WARN 13272 --- [EShopDemo] [restartedMain] JpaBaseConfiguration$JpaWebConfiguration : spring.jpa.open-in-view is enabled by default. Therefore, database queries may be performed during view rendering. Explicitly configure spring.jpa.open-in-view to disable this warning
2026-04-27T15:19:13.901+05:45  WARN 13272 --- [EShopDemo] [restartedMain] ion$DefaultTemplateResolverConfiguration : Cannot find template location: classpath:/templates/ (please add some templates, check your Thymeleaf configuration, or set spring.thymeleaf.check-template-location=false)
2026-04-27T15:19:13.988+05:45  INFO 13272 --- [EShopDemo] [restartedMain] o.s.boot.tomcat.TomcatWebServer          : Tomcat started on port 8080 (http) with context path '/'
2026-04-27T15:19:13.993+05:45  INFO 13272 --- [EShopDemo] [restartedMain] c.cdsc.eshopdemo.EShopDemoApplication    : Started EShopDemoApplication in 1.995 seconds (process running for 439.96)
2026-04-27T15:19:13.995+05:45  INFO 13272 --- [EShopDemo] [restartedMain] .ConditionEvaluationDeltaLoggingListener : Condition evaluation unchanged
2026-04-27T15:19:59.729+05:45  INFO 13272 --- [EShopDemo] [http-nio-8080-exec-1] o.a.c.c.C.[Tomcat].[localhost].[/]       : Initializing Spring DispatcherServlet 'dispatcherServlet'
2026-04-27T15:19:59.733+05:45  INFO 13272 --- [EShopDemo] [http-nio-8080-exec-1] o.s.web.servlet.DispatcherServlet        : Initializing Servlet 'dispatcherServlet'
2026-04-27T15:19:59.778+05:45  INFO 13272 --- [EShopDemo] [http-nio-8080-exec-1] o.s.web.servlet.DispatcherServlet        : Completed initialization in 43 ms
2026-04-27T15:20:15.360+05:45 ERROR 13272 --- [EShopDemo] [http-nio-8080-exec-3] o.a.c.c.C.[.[.[/].[dispatcherServlet]    : Servlet.service() for servlet [dispatcherServlet] in context with path [] threw exception [Request processing failed: java.lang.RuntimeException: User not found with id: all] with root cause

java.lang.RuntimeException: User not found with id: all
	at com.cdsc.eshopdemo.serviceimpl.UserServiceImpl.lambda$1(UserServiceImpl.java:81) ~[classes/:na]
	at java.base/java.util.Optional.orElseThrow(Optional.java:403) ~[na:na]
	at com.cdsc.eshopdemo.serviceimpl.UserServiceImpl.getUserById(UserServiceImpl.java:81) ~[classes/:na]
	at com.cdsc.eshopdemo.controller.UserController.getSingleUser(UserController.java:55) ~[classes/:na]
	at java.base/jdk.internal.reflect.DirectMethodHandleAccessor.invoke(DirectMethodHandleAccessor.java:104) ~[na:na]
	at java.base/java.lang.reflect.Method.invoke(Method.java:565) ~[na:na]
	at org.springframework.web.method.support.InvocableHandlerMethod.doInvoke(InvocableHandlerMethod.java:252) ~[spring-web-7.0.6.jar:7.0.6]
	at org.springframework.web.method.support.InvocableHandlerMethod.invokeForRequest(InvocableHandlerMethod.java:184) ~[spring-web-7.0.6.jar:7.0.6]
	at org.springframework.web.servlet.mvc.method.annotation.ServletInvocableHandlerMethod.invokeAndHandle(ServletInvocableHandlerMethod.java:117) ~[spring-webmvc-7.0.6.jar:7.0.6]
	at org.springframework.web.servlet.mvc.method.annotation.RequestMappingHandlerAdapter.invokeHandlerMethod(RequestMappingHandlerAdapter.java:934) ~[spring-webmvc-7.0.6.jar:7.0.6]
	at org.springframework.web.servlet.mvc.method.annotation.RequestMappingHandlerAdapter.handleInternal(RequestMappingHandlerAdapter.java:853) ~[spring-webmvc-7.0.6.jar:7.0.6]
	at org.springframework.web.servlet.mvc.method.AbstractHandlerMethodAdapter.handle(AbstractHandlerMethodAdapter.java:86) ~[spring-webmvc-7.0.6.jar:7.0.6]
	at org.springframework.web.servlet.DispatcherServlet.doDispatch(DispatcherServlet.java:963) ~[spring-webmvc-7.0.6.jar:7.0.6]
	at org.springframework.web.servlet.DispatcherServlet.doService(DispatcherServlet.java:866) ~[spring-webmvc-7.0.6.jar:7.0.6]
	at org.springframework.web.servlet.FrameworkServlet.processRequest(FrameworkServlet.java:1000) ~[spring-webmvc-7.0.6.jar:7.0.6]
	at org.springframework.web.servlet.FrameworkServlet.doGet(FrameworkServlet.java:892) ~[spring-webmvc-7.0.6.jar:7.0.6]
	at jakarta.servlet.http.HttpServlet.service(HttpServlet.java:622) ~[tomcat-embed-core-11.0.20.jar:6.1]
	at org.springframework.web.servlet.FrameworkServlet.service(FrameworkServlet.java:874) ~[spring-webmvc-7.0.6.jar:7.0.6]
	at jakarta.servlet.http.HttpServlet.service(HttpServlet.java:710) ~[tomcat-embed-core-11.0.20.jar:6.1]
	at org.apache.catalina.core.ApplicationFilterChain.doFilter(ApplicationFilterChain.java:128) ~[tomcat-embed-core-11.0.20.jar:11.0.20]
	at org.apache.tomcat.websocket.server.WsFilter.doFilter(WsFilter.java:53) ~[tomcat-embed-websocket-11.0.20.jar:11.0.20]
	at org.apache.catalina.core.ApplicationFilterChain.doFilter(ApplicationFilterChain.java:107) ~[tomcat-embed-core-11.0.20.jar:11.0.20]
	at org.springframework.web.filter.RequestContextFilter.doFilterInternal(RequestContextFilter.java:100) ~[spring-web-7.0.6.jar:7.0.6]
	at org.springframework.web.filter.OncePerRequestFilter.doFilter(OncePerRequestFilter.java:116) ~[spring-web-7.0.6.jar:7.0.6]
	at org.apache.catalina.core.ApplicationFilterChain.doFilter(ApplicationFilterChain.java:107) ~[tomcat-embed-core-11.0.20.jar:11.0.20]
	at org.springframework.web.filter.FormContentFilter.doFilterInternal(FormContentFilter.java:93) ~[spring-web-7.0.6.jar:7.0.6]
	at org.springframework.web.filter.OncePerRequestFilter.doFilter(OncePerRequestFilter.java:116) ~[spring-web-7.0.6.jar:7.0.6]
	at org.apache.catalina.core.ApplicationFilterChain.doFilter(ApplicationFilterChain.java:107) ~[tomcat-embed-core-11.0.20.jar:11.0.20]
	at org.springframework.web.filter.CharacterEncodingFilter.doFilterInternal(CharacterEncodingFilter.java:199) ~[spring-web-7.0.6.jar:7.0.6]
	at org.springframework.web.filter.OncePerRequestFilter.doFilter(OncePerRequestFilter.java:116) ~[spring-web-7.0.6.jar:7.0.6]
	at org.apache.catalina.core.ApplicationFilterChain.doFilter(ApplicationFilterChain.java:107) ~[tomcat-embed-core-11.0.20.jar:11.0.20]
	at org.apache.catalina.core.StandardWrapperValve.invoke(StandardWrapperValve.java:165) ~[tomcat-embed-core-11.0.20.jar:11.0.20]
	at org.apache.catalina.core.StandardContextValve.invoke(StandardContextValve.java:77) ~[tomcat-embed-core-11.0.20.jar:11.0.20]
	at org.apache.catalina.authenticator.AuthenticatorBase.invoke(AuthenticatorBase.java:492) ~[tomcat-embed-core-11.0.20.jar:11.0.20]
	at org.apache.catalina.core.StandardHostValve.invoke(StandardHostValve.java:113) ~[tomcat-embed-core-11.0.20.jar:11.0.20]
	at org.apache.catalina.valves.ErrorReportValve.invoke(ErrorReportValve.java:83) ~[tomcat-embed-core-11.0.20.jar:11.0.20]
	at org.apache.catalina.core.StandardEngineValve.invoke(StandardEngineValve.java:72) ~[tomcat-embed-core-11.0.20.jar:11.0.20]
	at org.apache.catalina.connector.CoyoteAdapter.service(CoyoteAdapter.java:341) ~[tomcat-embed-core-11.0.20.jar:11.0.20]
	at org.apache.coyote.http11.Http11Processor.service(Http11Processor.java:397) ~[tomcat-embed-core-11.0.20.jar:11.0.20]
	at org.apache.coyote.AbstractProcessorLight.process(AbstractProcessorLight.java:63) ~[tomcat-embed-core-11.0.20.jar:11.0.20]
	at org.apache.coyote.AbstractProtocol$ConnectionHandler.process(AbstractProtocol.java:903) ~[tomcat-embed-core-11.0.20.jar:11.0.20]
	at org.apache.tomcat.util.net.NioEndpoint$SocketProcessor.doRun(NioEndpoint.java:1779) ~[tomcat-embed-core-11.0.20.jar:11.0.20]
	at org.apache.tomcat.util.net.SocketProcessorBase.run(SocketProcessorBase.java:52) ~[tomcat-embed-core-11.0.20.jar:11.0.20]
	at org.apache.tomcat.util.threads.ThreadPoolExecutor.runWorker(ThreadPoolExecutor.java:946) ~[tomcat-embed-core-11.0.20.jar:11.0.20]
	at org.apache.tomcat.util.threads.ThreadPoolExecutor$Worker.run(ThreadPoolExecutor.java:480) ~[tomcat-embed-core-11.0.20.jar:11.0.20]
	at org.apache.tomcat.util.threads.TaskThread$WrappingRunnable.run(TaskThread.java:57) ~[tomcat-embed-core-11.0.20.jar:11.0.20]
	at java.base/java.lang.Thread.run(Thread.java:1474) ~[na:na]

2026-04-27T15:26:24.207+05:45  INFO 13272 --- [EShopDemo] [File Watcher] rtingClassPathChangeChangedEventListener : Restarting due to 34 class path changes (0 additions, 34 deletions, 0 modifications)
2026-04-27T15:26:25.681+05:45  INFO 13272 --- [EShopDemo] [Thread-13] o.s.boot.tomcat.GracefulShutdown         : Commencing graceful shutdown. Waiting for active requests to complete
2026-04-27T15:26:26.843+05:45  INFO 13272 --- [EShopDemo] [tomcat-shutdown] o.s.boot.tomcat.GracefulShutdown         : Graceful shutdown complete
2026-04-27T15:26:28.452+05:45  INFO 13272 --- [EShopDemo] [Thread-13] j.LocalContainerEntityManagerFactoryBean : Closing JPA EntityManagerFactory for persistence unit 'default'
2026-04-27T15:26:28.981+05:45  INFO 13272 --- [EShopDemo] [Thread-13] com.zaxxer.hikari.HikariDataSource       : HikariPool-4 - Shutdown initiated...
2026-04-27T15:26:30.397+05:45  INFO 13272 --- [EShopDemo] [Thread-13] com.zaxxer.hikari.HikariDataSource       : HikariPool-4 - Shutdown completed.
2026-04-27T15:26:39.564+05:45  INFO 13272 --- [EShopDemo] [restartedMain] c.cdsc.eshopdemo.EShopDemoApplication    : Starting EShopDemoApplication using Java 25.0.2 with PID 13272 (E:\CDC_training\EShopDemo\target\classes started by DELL in E:\CDC_training\EShopDemo)
2026-04-27T15:26:39.567+05:45  INFO 13272 --- [EShopDemo] [restartedMain] c.cdsc.eshopdemo.EShopDemoApplication    : The following 1 profile is active: "prod"
2026-04-27T15:26:42.675+05:45  INFO 13272 --- [EShopDemo] [restartedMain] .s.d.r.c.RepositoryConfigurationDelegate : Bootstrapping Spring Data JPA repositories in DEFAULT mode.
2026-04-27T15:26:42.884+05:45  INFO 13272 --- [EShopDemo] [restartedMain] .s.d.r.c.RepositoryConfigurationDelegate : Finished Spring Data repository scanning in 184 ms. Found 2 JPA repository interfaces.
2026-04-27T15:26:45.140+05:45  INFO 13272 --- [EShopDemo] [restartedMain] o.s.boot.tomcat.TomcatWebServer          : Tomcat initialized with port 8080 (http)
2026-04-27T15:26:45.164+05:45  INFO 13272 --- [EShopDemo] [restartedMain] o.apache.catalina.core.StandardService   : Starting service [Tomcat]
2026-04-27T15:26:45.165+05:45  INFO 13272 --- [EShopDemo] [restartedMain] o.apache.catalina.core.StandardEngine    : Starting Servlet engine: [Apache Tomcat/11.0.20]
2026-04-27T15:26:46.461+05:45  INFO 13272 --- [EShopDemo] [restartedMain] b.w.c.s.WebApplicationContextInitializer : Root WebApplicationContext: initialization completed in 6881 ms
2026-04-27T15:26:47.154+05:45  INFO 13272 --- [EShopDemo] [restartedMain] org.hibernate.orm.jpa                    : HHH008540: Processing PersistenceUnitInfo [name: default]
2026-04-27T15:26:48.109+05:45  INFO 13272 --- [EShopDemo] [restartedMain] o.s.o.j.p.SpringPersistenceUnitInfo      : No LoadTimeWeaver setup: ignoring JPA class transformer
2026-04-27T15:26:48.116+05:45  INFO 13272 --- [EShopDemo] [restartedMain] com.zaxxer.hikari.HikariDataSource       : HikariPool-5 - Starting...
2026-04-27T15:26:48.867+05:45  INFO 13272 --- [EShopDemo] [restartedMain] com.zaxxer.hikari.pool.HikariPool        : HikariPool-5 - Added connection com.mysql.cj.jdbc.ConnectionImpl@2bb49a7f
2026-04-27T15:26:48.868+05:45  INFO 13272 --- [EShopDemo] [restartedMain] com.zaxxer.hikari.HikariDataSource       : HikariPool-5 - Start completed.
2026-04-27T15:26:48.898+05:45  INFO 13272 --- [EShopDemo] [restartedMain] org.hibernate.orm.connections.pooling    : HHH10001005: Database info:
	Database JDBC URL [jdbc:mysql://localhost:3306/prod_eshop_db?createDatabaseIfNotExist=true]
	Database driver: MySQL Connector/J
	Database dialect: MySQLDialect
	Database version: 8.0.35
	Default catalog/schema: prod_eshop_db/undefined
	Autocommit mode: undefined/unknown
	Isolation level: REPEATABLE_READ [default REPEATABLE_READ]
	JDBC fetch size: none
	Pool: DataSourceConnectionProvider
	Minimum pool size: undefined/unknown
	Maximum pool size: undefined/unknown
2026-04-27T15:26:49.588+05:45  INFO 13272 --- [EShopDemo] [restartedMain] org.hibernate.orm.core                   : HHH000489: No JTA platform available (set 'hibernate.transaction.jta.platform' to enable JTA platform integration)
2026-04-27T15:26:50.092+05:45  INFO 13272 --- [EShopDemo] [restartedMain] j.LocalContainerEntityManagerFactoryBean : Initialized JPA EntityManagerFactory for persistence unit 'default'
2026-04-27T15:26:50.680+05:45  WARN 13272 --- [EShopDemo] [restartedMain] JpaBaseConfiguration$JpaWebConfiguration : spring.jpa.open-in-view is enabled by default. Therefore, database queries may be performed during view rendering. Explicitly configure spring.jpa.open-in-view to disable this warning
2026-04-27T15:26:51.102+05:45  WARN 13272 --- [EShopDemo] [restartedMain] ion$DefaultTemplateResolverConfiguration : Cannot find template location: classpath:/templates/ (please add some templates, check your Thymeleaf configuration, or set spring.thymeleaf.check-template-location=false)
2026-04-27T15:26:51.437+05:45  INFO 13272 --- [EShopDemo] [restartedMain] o.s.boot.tomcat.TomcatWebServer          : Tomcat started on port 8080 (http) with context path '/'
2026-04-27T15:26:51.468+05:45  INFO 13272 --- [EShopDemo] [restartedMain] c.cdsc.eshopdemo.EShopDemoApplication    : Started EShopDemoApplication in 12.321 seconds (process running for 897.435)
2026-04-27T15:26:51.480+05:45  INFO 13272 --- [EShopDemo] [restartedMain] .ConditionEvaluationDeltaLoggingListener : Condition evaluation unchanged
2026-04-27T15:26:52.700+05:45  INFO 13272 --- [EShopDemo] [File Watcher] rtingClassPathChangeChangedEventListener : Restarting due to 35 class path changes (35 additions, 0 deletions, 0 modifications)
2026-04-27T15:26:52.704+05:45  INFO 13272 --- [EShopDemo] [Thread-17] o.s.boot.tomcat.GracefulShutdown         : Commencing graceful shutdown. Waiting for active requests to complete
2026-04-27T15:26:52.783+05:45  INFO 13272 --- [EShopDemo] [tomcat-shutdown] o.s.boot.tomcat.GracefulShutdown         : Graceful shutdown complete
2026-04-27T15:26:52.793+05:45  INFO 13272 --- [EShopDemo] [Thread-17] j.LocalContainerEntityManagerFactoryBean : Closing JPA EntityManagerFactory for persistence unit 'default'
2026-04-27T15:26:52.795+05:45  INFO 13272 --- [EShopDemo] [Thread-17] com.zaxxer.hikari.HikariDataSource       : HikariPool-5 - Shutdown initiated...
2026-04-27T15:26:52.897+05:45  INFO 13272 --- [EShopDemo] [Thread-17] com.zaxxer.hikari.HikariDataSource       : HikariPool-5 - Shutdown completed.
2026-04-27T15:26:53.582+05:45  INFO 13272 --- [EShopDemo] [restartedMain] c.cdsc.eshopdemo.EShopDemoApplication    : Starting EShopDemoApplication using Java 25.0.2 with PID 13272 (E:\CDC_training\EShopDemo\target\classes started by DELL in E:\CDC_training\EShopDemo)
2026-04-27T15:26:53.584+05:45  INFO 13272 --- [EShopDemo] [restartedMain] c.cdsc.eshopdemo.EShopDemoApplication    : The following 1 profile is active: "prod"
2026-04-27T15:26:55.429+05:45  INFO 13272 --- [EShopDemo] [restartedMain] .s.d.r.c.RepositoryConfigurationDelegate : Bootstrapping Spring Data JPA repositories in DEFAULT mode.
2026-04-27T15:26:55.511+05:45  INFO 13272 --- [EShopDemo] [restartedMain] .s.d.r.c.RepositoryConfigurationDelegate : Finished Spring Data repository scanning in 64 ms. Found 2 JPA repository interfaces.
2026-04-27T15:26:57.593+05:45  INFO 13272 --- [EShopDemo] [restartedMain] o.s.boot.tomcat.TomcatWebServer          : Tomcat initialized with port 8080 (http)
2026-04-27T15:26:57.608+05:45  INFO 13272 --- [EShopDemo] [restartedMain] o.apache.catalina.core.StandardService   : Starting service [Tomcat]
2026-04-27T15:26:57.610+05:45  INFO 13272 --- [EShopDemo] [restartedMain] o.apache.catalina.core.StandardEngine    : Starting Servlet engine: [Apache Tomcat/11.0.20]
2026-04-27T15:26:58.593+05:45  INFO 13272 --- [EShopDemo] [restartedMain] b.w.c.s.WebApplicationContextInitializer : Root WebApplicationContext: initialization completed in 5004 ms
2026-04-27T15:26:59.220+05:45  INFO 13272 --- [EShopDemo] [restartedMain] org.hibernate.orm.jpa                    : HHH008540: Processing PersistenceUnitInfo [name: default]
2026-04-27T15:26:59.524+05:45  INFO 13272 --- [EShopDemo] [restartedMain] o.s.o.j.p.SpringPersistenceUnitInfo      : No LoadTimeWeaver setup: ignoring JPA class transformer
2026-04-27T15:26:59.528+05:45  INFO 13272 --- [EShopDemo] [restartedMain] com.zaxxer.hikari.HikariDataSource       : HikariPool-6 - Starting...
2026-04-27T15:26:59.637+05:45  INFO 13272 --- [EShopDemo] [restartedMain] com.zaxxer.hikari.pool.HikariPool        : HikariPool-6 - Added connection com.mysql.cj.jdbc.ConnectionImpl@49f365a7
2026-04-27T15:26:59.638+05:45  INFO 13272 --- [EShopDemo] [restartedMain] com.zaxxer.hikari.HikariDataSource       : HikariPool-6 - Start completed.
2026-04-27T15:26:59.661+05:45  INFO 13272 --- [EShopDemo] [restartedMain] org.hibernate.orm.connections.pooling    : HHH10001005: Database info:
	Database JDBC URL [jdbc:mysql://localhost:3306/prod_eshop_db?createDatabaseIfNotExist=true]
	Database driver: MySQL Connector/J
	Database dialect: MySQLDialect
	Database version: 8.0.35
	Default catalog/schema: prod_eshop_db/undefined
	Autocommit mode: undefined/unknown
	Isolation level: REPEATABLE_READ [default REPEATABLE_READ]
	JDBC fetch size: none
	Pool: DataSourceConnectionProvider
	Minimum pool size: undefined/unknown
	Maximum pool size: undefined/unknown
2026-04-27T15:27:00.159+05:45  INFO 13272 --- [EShopDemo] [restartedMain] org.hibernate.orm.core                   : HHH000489: No JTA platform available (set 'hibernate.transaction.jta.platform' to enable JTA platform integration)
2026-04-27T15:27:00.288+05:45  INFO 13272 --- [EShopDemo] [restartedMain] j.LocalContainerEntityManagerFactoryBean : Initialized JPA EntityManagerFactory for persistence unit 'default'
2026-04-27T15:27:05.769+05:45  WARN 13272 --- [EShopDemo] [restartedMain] JpaBaseConfiguration$JpaWebConfiguration : spring.jpa.open-in-view is enabled by default. Therefore, database queries may be performed during view rendering. Explicitly configure spring.jpa.open-in-view to disable this warning
2026-04-27T15:27:07.569+05:45  WARN 13272 --- [EShopDemo] [restartedMain] ion$DefaultTemplateResolverConfiguration : Cannot find template location: classpath:/templates/ (please add some templates, check your Thymeleaf configuration, or set spring.thymeleaf.check-template-location=false)
2026-04-27T15:27:08.374+05:45  INFO 13272 --- [EShopDemo] [restartedMain] o.s.boot.tomcat.TomcatWebServer          : Tomcat started on port 8080 (http) with context path '/'
2026-04-27T15:27:08.382+05:45  INFO 13272 --- [EShopDemo] [restartedMain] c.cdsc.eshopdemo.EShopDemoApplication    : Started EShopDemoApplication in 15.008 seconds (process running for 914.35)
2026-04-27T15:27:08.407+05:45  INFO 13272 --- [EShopDemo] [restartedMain] .ConditionEvaluationDeltaLoggingListener : Condition evaluation unchanged
2026-04-27T15:27:09.590+05:45  INFO 13272 --- [EShopDemo] [File Watcher] rtingClassPathChangeChangedEventListener : Restarting due to 1 class path change (0 additions, 0 deletions, 1 modification)
2026-04-27T15:27:09.599+05:45  INFO 13272 --- [EShopDemo] [Thread-21] o.s.boot.tomcat.GracefulShutdown         : Commencing graceful shutdown. Waiting for active requests to complete
2026-04-27T15:27:09.630+05:45  INFO 13272 --- [EShopDemo] [tomcat-shutdown] o.s.boot.tomcat.GracefulShutdown         : Graceful shutdown complete
2026-04-27T15:27:09.639+05:45  INFO 13272 --- [EShopDemo] [Thread-21] j.LocalContainerEntityManagerFactoryBean : Closing JPA EntityManagerFactory for persistence unit 'default'
2026-04-27T15:27:09.642+05:45  INFO 13272 --- [EShopDemo] [Thread-21] com.zaxxer.hikari.HikariDataSource       : HikariPool-6 - Shutdown initiated...
2026-04-27T15:27:09.684+05:45  INFO 13272 --- [EShopDemo] [Thread-21] com.zaxxer.hikari.HikariDataSource       : HikariPool-6 - Shutdown completed.
2026-04-27T15:27:10.038+05:45  INFO 13272 --- [EShopDemo] [restartedMain] c.cdsc.eshopdemo.EShopDemoApplication    : Starting EShopDemoApplication using Java 25.0.2 with PID 13272 (E:\CDC_training\EShopDemo\target\classes started by DELL in E:\CDC_training\EShopDemo)
2026-04-27T15:27:10.039+05:45  INFO 13272 --- [EShopDemo] [restartedMain] c.cdsc.eshopdemo.EShopDemoApplication    : The following 1 profile is active: "prod"
2026-04-27T15:27:10.857+05:45  INFO 13272 --- [EShopDemo] [restartedMain] .s.d.r.c.RepositoryConfigurationDelegate : Bootstrapping Spring Data JPA repositories in DEFAULT mode.
2026-04-27T15:27:10.885+05:45  INFO 13272 --- [EShopDemo] [restartedMain] .s.d.r.c.RepositoryConfigurationDelegate : Finished Spring Data repository scanning in 24 ms. Found 2 JPA repository interfaces.
2026-04-27T15:27:11.109+05:45  INFO 13272 --- [EShopDemo] [restartedMain] o.s.boot.tomcat.TomcatWebServer          : Tomcat initialized with port 8080 (http)
2026-04-27T15:27:11.110+05:45  INFO 13272 --- [EShopDemo] [restartedMain] o.apache.catalina.core.StandardService   : Starting service [Tomcat]
2026-04-27T15:27:11.111+05:45  INFO 13272 --- [EShopDemo] [restartedMain] o.apache.catalina.core.StandardEngine    : Starting Servlet engine: [Apache Tomcat/11.0.20]
2026-04-27T15:27:11.276+05:45  INFO 13272 --- [EShopDemo] [restartedMain] b.w.c.s.WebApplicationContextInitializer : Root WebApplicationContext: initialization completed in 1222 ms
2026-04-27T15:27:11.493+05:45  INFO 13272 --- [EShopDemo] [restartedMain] org.hibernate.orm.jpa                    : HHH008540: Processing PersistenceUnitInfo [name: default]
2026-04-27T15:27:11.568+05:45  INFO 13272 --- [EShopDemo] [restartedMain] o.s.o.j.p.SpringPersistenceUnitInfo      : No LoadTimeWeaver setup: ignoring JPA class transformer
2026-04-27T15:27:11.574+05:45  INFO 13272 --- [EShopDemo] [restartedMain] com.zaxxer.hikari.HikariDataSource       : HikariPool-7 - Starting...
2026-04-27T15:27:11.640+05:45  INFO 13272 --- [EShopDemo] [restartedMain] com.zaxxer.hikari.pool.HikariPool        : HikariPool-7 - Added connection com.mysql.cj.jdbc.ConnectionImpl@3c8990f5
2026-04-27T15:27:11.641+05:45  INFO 13272 --- [EShopDemo] [restartedMain] com.zaxxer.hikari.HikariDataSource       : HikariPool-7 - Start completed.
2026-04-27T15:27:11.647+05:45  INFO 13272 --- [EShopDemo] [restartedMain] org.hibernate.orm.connections.pooling    : HHH10001005: Database info:
	Database JDBC URL [jdbc:mysql://localhost:3306/prod_eshop_db?createDatabaseIfNotExist=true]
	Database driver: MySQL Connector/J
	Database dialect: MySQLDialect
	Database version: 8.0.35
	Default catalog/schema: prod_eshop_db/undefined
	Autocommit mode: undefined/unknown
	Isolation level: REPEATABLE_READ [default REPEATABLE_READ]
	JDBC fetch size: none
	Pool: DataSourceConnectionProvider
	Minimum pool size: undefined/unknown
	Maximum pool size: undefined/unknown
2026-04-27T15:27:11.836+05:45  INFO 13272 --- [EShopDemo] [restartedMain] org.hibernate.orm.core                   : HHH000489: No JTA platform available (set 'hibernate.transaction.jta.platform' to enable JTA platform integration)
2026-04-27T15:27:11.868+05:45  INFO 13272 --- [EShopDemo] [restartedMain] j.LocalContainerEntityManagerFactoryBean : Initialized JPA EntityManagerFactory for persistence unit 'default'
2026-04-27T15:27:12.074+05:45  WARN 13272 --- [EShopDemo] [restartedMain] JpaBaseConfiguration$JpaWebConfiguration : spring.jpa.open-in-view is enabled by default. Therefore, database queries may be performed during view rendering. Explicitly configure spring.jpa.open-in-view to disable this warning
2026-04-27T15:27:12.250+05:45  WARN 13272 --- [EShopDemo] [restartedMain] ion$DefaultTemplateResolverConfiguration : Cannot find template location: classpath:/templates/ (please add some templates, check your Thymeleaf configuration, or set spring.thymeleaf.check-template-location=false)
2026-04-27T15:27:12.473+05:45  INFO 13272 --- [EShopDemo] [restartedMain] o.s.boot.tomcat.TomcatWebServer          : Tomcat started on port 8080 (http) with context path '/'
2026-04-27T15:27:12.483+05:45  INFO 13272 --- [EShopDemo] [restartedMain] c.cdsc.eshopdemo.EShopDemoApplication    : Started EShopDemoApplication in 2.581 seconds (process running for 918.45)
2026-04-27T15:27:12.485+05:45  INFO 13272 --- [EShopDemo] [restartedMain] .ConditionEvaluationDeltaLoggingListener : Condition evaluation unchanged
2026-04-27T15:28:51.228+05:45  INFO 13272 --- [EShopDemo] [File Watcher] rtingClassPathChangeChangedEventListener : Restarting due to 1 class path change (0 additions, 0 deletions, 1 modification)
2026-04-27T15:28:51.569+05:45  INFO 13272 --- [EShopDemo] [Thread-25] o.s.boot.tomcat.GracefulShutdown         : Commencing graceful shutdown. Waiting for active requests to complete
2026-04-27T15:28:51.745+05:45  INFO 13272 --- [EShopDemo] [tomcat-shutdown] o.s.boot.tomcat.GracefulShutdown         : Graceful shutdown complete
2026-04-27T15:28:51.949+05:45  INFO 13272 --- [EShopDemo] [Thread-25] j.LocalContainerEntityManagerFactoryBean : Closing JPA EntityManagerFactory for persistence unit 'default'
2026-04-27T15:28:52.041+05:45  INFO 13272 --- [EShopDemo] [Thread-25] com.zaxxer.hikari.HikariDataSource       : HikariPool-7 - Shutdown initiated...
2026-04-27T15:28:52.263+05:45  INFO 13272 --- [EShopDemo] [Thread-25] com.zaxxer.hikari.HikariDataSource       : HikariPool-7 - Shutdown completed.
2026-04-27T15:28:53.865+05:45  INFO 13272 --- [EShopDemo] [restartedMain] c.cdsc.eshopdemo.EShopDemoApplication    : Starting EShopDemoApplication using Java 25.0.2 with PID 13272 (E:\CDC_training\EShopDemo\target\classes started by DELL in E:\CDC_training\EShopDemo)
2026-04-27T15:28:53.866+05:45  INFO 13272 --- [EShopDemo] [restartedMain] c.cdsc.eshopdemo.EShopDemoApplication    : The following 1 profile is active: "prod"
2026-04-27T15:28:54.908+05:45  INFO 13272 --- [EShopDemo] [restartedMain] .s.d.r.c.RepositoryConfigurationDelegate : Bootstrapping Spring Data JPA repositories in DEFAULT mode.
2026-04-27T15:28:54.995+05:45  INFO 13272 --- [EShopDemo] [restartedMain] .s.d.r.c.RepositoryConfigurationDelegate : Finished Spring Data repository scanning in 77 ms. Found 2 JPA repository interfaces.
2026-04-27T15:28:55.251+05:45  INFO 13272 --- [EShopDemo] [restartedMain] o.s.boot.tomcat.TomcatWebServer          : Tomcat initialized with port 8080 (http)
2026-04-27T15:28:55.253+05:45  INFO 13272 --- [EShopDemo] [restartedMain] o.apache.catalina.core.StandardService   : Starting service [Tomcat]
2026-04-27T15:28:55.253+05:45  INFO 13272 --- [EShopDemo] [restartedMain] o.apache.catalina.core.StandardEngine    : Starting Servlet engine: [Apache Tomcat/11.0.20]
2026-04-27T15:28:55.542+05:45  INFO 13272 --- [EShopDemo] [restartedMain] b.w.c.s.WebApplicationContextInitializer : Root WebApplicationContext: initialization completed in 1671 ms
2026-04-27T15:28:55.683+05:45  INFO 13272 --- [EShopDemo] [restartedMain] org.hibernate.orm.jpa                    : HHH008540: Processing PersistenceUnitInfo [name: default]
2026-04-27T15:28:55.775+05:45  INFO 13272 --- [EShopDemo] [restartedMain] o.s.o.j.p.SpringPersistenceUnitInfo      : No LoadTimeWeaver setup: ignoring JPA class transformer
2026-04-27T15:28:55.778+05:45  INFO 13272 --- [EShopDemo] [restartedMain] com.zaxxer.hikari.HikariDataSource       : HikariPool-8 - Starting...
2026-04-27T15:28:55.880+05:45  INFO 13272 --- [EShopDemo] [restartedMain] com.zaxxer.hikari.pool.HikariPool        : HikariPool-8 - Added connection com.mysql.cj.jdbc.ConnectionImpl@3fa48da8
2026-04-27T15:28:55.882+05:45  INFO 13272 --- [EShopDemo] [restartedMain] com.zaxxer.hikari.HikariDataSource       : HikariPool-8 - Start completed.
2026-04-27T15:28:55.901+05:45  INFO 13272 --- [EShopDemo] [restartedMain] org.hibernate.orm.connections.pooling    : HHH10001005: Database info:
	Database JDBC URL [jdbc:mysql://localhost:3306/prod_eshop_db?createDatabaseIfNotExist=true]
	Database driver: MySQL Connector/J
	Database dialect: MySQLDialect
	Database version: 8.0.35
	Default catalog/schema: prod_eshop_db/undefined
	Autocommit mode: undefined/unknown
	Isolation level: REPEATABLE_READ [default REPEATABLE_READ]
	JDBC fetch size: none
	Pool: DataSourceConnectionProvider
	Minimum pool size: undefined/unknown
	Maximum pool size: undefined/unknown
2026-04-27T15:28:56.464+05:45  INFO 13272 --- [EShopDemo] [restartedMain] org.hibernate.orm.core                   : HHH000489: No JTA platform available (set 'hibernate.transaction.jta.platform' to enable JTA platform integration)
2026-04-27T15:28:57.937+05:45  INFO 13272 --- [EShopDemo] [restartedMain] j.LocalContainerEntityManagerFactoryBean : Initialized JPA EntityManagerFactory for persistence unit 'default'
2026-04-27T15:28:58.876+05:45  WARN 13272 --- [EShopDemo] [restartedMain] JpaBaseConfiguration$JpaWebConfiguration : spring.jpa.open-in-view is enabled by default. Therefore, database queries may be performed during view rendering. Explicitly configure spring.jpa.open-in-view to disable this warning
2026-04-27T15:28:59.308+05:45  WARN 13272 --- [EShopDemo] [restartedMain] ion$DefaultTemplateResolverConfiguration : Cannot find template location: classpath:/templates/ (please add some templates, check your Thymeleaf configuration, or set spring.thymeleaf.check-template-location=false)
2026-04-27T15:28:59.665+05:45  INFO 13272 --- [EShopDemo] [restartedMain] o.s.boot.tomcat.TomcatWebServer          : Tomcat started on port 8080 (http) with context path '/'
2026-04-27T15:28:59.694+05:45  INFO 13272 --- [EShopDemo] [restartedMain] c.cdsc.eshopdemo.EShopDemoApplication    : Started EShopDemoApplication in 5.9 seconds (process running for 1025.661)
2026-04-27T15:28:59.709+05:45  INFO 13272 --- [EShopDemo] [restartedMain] .ConditionEvaluationDeltaLoggingListener : Condition evaluation unchanged
2026-04-27T15:31:05.900+05:45  INFO 13272 --- [EShopDemo] [File Watcher] rtingClassPathChangeChangedEventListener : Restarting due to 1 class path change (0 additions, 0 deletions, 1 modification)
2026-04-27T15:31:06.741+05:45  INFO 13272 --- [EShopDemo] [Thread-29] o.s.boot.tomcat.GracefulShutdown         : Commencing graceful shutdown. Waiting for active requests to complete
2026-04-27T15:31:07.043+05:45  INFO 13272 --- [EShopDemo] [tomcat-shutdown] o.s.boot.tomcat.GracefulShutdown         : Graceful shutdown complete
2026-04-27T15:31:07.404+05:45  INFO 13272 --- [EShopDemo] [Thread-29] j.LocalContainerEntityManagerFactoryBean : Closing JPA EntityManagerFactory for persistence unit 'default'
2026-04-27T15:31:07.676+05:45  INFO 13272 --- [EShopDemo] [Thread-29] com.zaxxer.hikari.HikariDataSource       : HikariPool-8 - Shutdown initiated...
2026-04-27T15:31:07.881+05:45  INFO 13272 --- [EShopDemo] [Thread-29] com.zaxxer.hikari.HikariDataSource       : HikariPool-8 - Shutdown completed.
2026-04-27T15:31:12.067+05:45  INFO 13272 --- [EShopDemo] [restartedMain] c.cdsc.eshopdemo.EShopDemoApplication    : Starting EShopDemoApplication using Java 25.0.2 with PID 13272 (E:\CDC_training\EShopDemo\target\classes started by DELL in E:\CDC_training\EShopDemo)
2026-04-27T15:31:12.068+05:45  INFO 13272 --- [EShopDemo] [restartedMain] c.cdsc.eshopdemo.EShopDemoApplication    : The following 1 profile is active: "prod"
2026-04-27T15:31:14.149+05:45  INFO 13272 --- [EShopDemo] [restartedMain] .s.d.r.c.RepositoryConfigurationDelegate : Bootstrapping Spring Data JPA repositories in DEFAULT mode.
2026-04-27T15:31:14.270+05:45  INFO 13272 --- [EShopDemo] [restartedMain] .s.d.r.c.RepositoryConfigurationDelegate : Finished Spring Data repository scanning in 91 ms. Found 2 JPA repository interfaces.
2026-04-27T15:31:17.081+05:45  INFO 13272 --- [EShopDemo] [restartedMain] o.s.boot.tomcat.TomcatWebServer          : Tomcat initialized with port 8080 (http)
2026-04-27T15:31:17.087+05:45  INFO 13272 --- [EShopDemo] [restartedMain] o.apache.catalina.core.StandardService   : Starting service [Tomcat]
2026-04-27T15:31:17.087+05:45  INFO 13272 --- [EShopDemo] [restartedMain] o.apache.catalina.core.StandardEngine    : Starting Servlet engine: [Apache Tomcat/11.0.20]
2026-04-27T15:31:17.601+05:45  INFO 13272 --- [EShopDemo] [restartedMain] b.w.c.s.WebApplicationContextInitializer : Root WebApplicationContext: initialization completed in 5509 ms
2026-04-27T15:31:17.922+05:45  INFO 13272 --- [EShopDemo] [restartedMain] org.hibernate.orm.jpa                    : HHH008540: Processing PersistenceUnitInfo [name: default]
2026-04-27T15:31:18.142+05:45  INFO 13272 --- [EShopDemo] [restartedMain] o.s.o.j.p.SpringPersistenceUnitInfo      : No LoadTimeWeaver setup: ignoring JPA class transformer
2026-04-27T15:31:18.175+05:45  INFO 13272 --- [EShopDemo] [restartedMain] com.zaxxer.hikari.HikariDataSource       : HikariPool-9 - Starting...
2026-04-27T15:31:18.411+05:45  INFO 13272 --- [EShopDemo] [restartedMain] com.zaxxer.hikari.pool.HikariPool        : HikariPool-9 - Added connection com.mysql.cj.jdbc.ConnectionImpl@709e69b
2026-04-27T15:31:18.412+05:45  INFO 13272 --- [EShopDemo] [restartedMain] com.zaxxer.hikari.HikariDataSource       : HikariPool-9 - Start completed.
2026-04-27T15:31:18.442+05:45  INFO 13272 --- [EShopDemo] [restartedMain] org.hibernate.orm.connections.pooling    : HHH10001005: Database info:
	Database JDBC URL [jdbc:mysql://localhost:3306/prod_eshop_db?createDatabaseIfNotExist=true]
	Database driver: MySQL Connector/J
	Database dialect: MySQLDialect
	Database version: 8.0.35
	Default catalog/schema: prod_eshop_db/undefined
	Autocommit mode: undefined/unknown
	Isolation level: REPEATABLE_READ [default REPEATABLE_READ]
	JDBC fetch size: none
	Pool: DataSourceConnectionProvider
	Minimum pool size: undefined/unknown
	Maximum pool size: undefined/unknown
2026-04-27T15:31:19.193+05:45  INFO 13272 --- [EShopDemo] [restartedMain] org.hibernate.orm.core                   : HHH000489: No JTA platform available (set 'hibernate.transaction.jta.platform' to enable JTA platform integration)
2026-04-27T15:31:19.631+05:45  INFO 13272 --- [EShopDemo] [restartedMain] j.LocalContainerEntityManagerFactoryBean : Initialized JPA EntityManagerFactory for persistence unit 'default'
2026-04-27T15:31:19.925+05:45  WARN 13272 --- [EShopDemo] [restartedMain] JpaBaseConfiguration$JpaWebConfiguration : spring.jpa.open-in-view is enabled by default. Therefore, database queries may be performed during view rendering. Explicitly configure spring.jpa.open-in-view to disable this warning
2026-04-27T15:31:20.210+05:45  WARN 13272 --- [EShopDemo] [restartedMain] ion$DefaultTemplateResolverConfiguration : Cannot find template location: classpath:/templates/ (please add some templates, check your Thymeleaf configuration, or set spring.thymeleaf.check-template-location=false)
2026-04-27T15:31:20.388+05:45  INFO 13272 --- [EShopDemo] [restartedMain] o.s.boot.tomcat.TomcatWebServer          : Tomcat started on port 8080 (http) with context path '/'
2026-04-27T15:31:20.397+05:45  INFO 13272 --- [EShopDemo] [restartedMain] c.cdsc.eshopdemo.EShopDemoApplication    : Started EShopDemoApplication in 8.714 seconds (process running for 1166.364)
2026-04-27T15:31:20.399+05:45  INFO 13272 --- [EShopDemo] [restartedMain] .ConditionEvaluationDeltaLoggingListener : Condition evaluation unchanged
2026-04-27T15:31:21.786+05:45  INFO 13272 --- [EShopDemo] [File Watcher] rtingClassPathChangeChangedEventListener : Restarting due to 1 class path change (0 additions, 0 deletions, 1 modification)
2026-04-27T15:31:21.789+05:45  INFO 13272 --- [EShopDemo] [Thread-33] o.s.boot.tomcat.GracefulShutdown         : Commencing graceful shutdown. Waiting for active requests to complete
2026-04-27T15:31:21.801+05:45  INFO 13272 --- [EShopDemo] [tomcat-shutdown] o.s.boot.tomcat.GracefulShutdown         : Graceful shutdown complete
2026-04-27T15:31:21.806+05:45  INFO 13272 --- [EShopDemo] [Thread-33] j.LocalContainerEntityManagerFactoryBean : Closing JPA EntityManagerFactory for persistence unit 'default'
2026-04-27T15:31:21.808+05:45  INFO 13272 --- [EShopDemo] [Thread-33] com.zaxxer.hikari.HikariDataSource       : HikariPool-9 - Shutdown initiated...
2026-04-27T15:31:21.835+05:45  INFO 13272 --- [EShopDemo] [Thread-33] com.zaxxer.hikari.HikariDataSource       : HikariPool-9 - Shutdown completed.
2026-04-27T15:31:22.105+05:45  INFO 13272 --- [EShopDemo] [restartedMain] c.cdsc.eshopdemo.EShopDemoApplication    : Starting EShopDemoApplication using Java 25.0.2 with PID 13272 (E:\CDC_training\EShopDemo\target\classes started by DELL in E:\CDC_training\EShopDemo)
2026-04-27T15:31:22.107+05:45  INFO 13272 --- [EShopDemo] [restartedMain] c.cdsc.eshopdemo.EShopDemoApplication    : The following 1 profile is active: "prod"
2026-04-27T15:31:22.658+05:45  INFO 13272 --- [EShopDemo] [restartedMain] .s.d.r.c.RepositoryConfigurationDelegate : Bootstrapping Spring Data JPA repositories in DEFAULT mode.
2026-04-27T15:31:22.713+05:45  INFO 13272 --- [EShopDemo] [restartedMain] .s.d.r.c.RepositoryConfigurationDelegate : Finished Spring Data repository scanning in 50 ms. Found 2 JPA repository interfaces.
2026-04-27T15:31:22.977+05:45  INFO 13272 --- [EShopDemo] [restartedMain] o.s.boot.tomcat.TomcatWebServer          : Tomcat initialized with port 8080 (http)
2026-04-27T15:31:22.979+05:45  INFO 13272 --- [EShopDemo] [restartedMain] o.apache.catalina.core.StandardService   : Starting service [Tomcat]
2026-04-27T15:31:22.979+05:45  INFO 13272 --- [EShopDemo] [restartedMain] o.apache.catalina.core.StandardEngine    : Starting Servlet engine: [Apache Tomcat/11.0.20]
2026-04-27T15:31:23.184+05:45  INFO 13272 --- [EShopDemo] [restartedMain] b.w.c.s.WebApplicationContextInitializer : Root WebApplicationContext: initialization completed in 1072 ms
2026-04-27T15:31:23.294+05:45  INFO 13272 --- [EShopDemo] [restartedMain] org.hibernate.orm.jpa                    : HHH008540: Processing PersistenceUnitInfo [name: default]
2026-04-27T15:31:23.404+05:45  INFO 13272 --- [EShopDemo] [restartedMain] o.s.o.j.p.SpringPersistenceUnitInfo      : No LoadTimeWeaver setup: ignoring JPA class transformer
2026-04-27T15:31:23.406+05:45  INFO 13272 --- [EShopDemo] [restartedMain] com.zaxxer.hikari.HikariDataSource       : HikariPool-10 - Starting...
2026-04-27T15:31:23.495+05:45  INFO 13272 --- [EShopDemo] [restartedMain] com.zaxxer.hikari.pool.HikariPool        : HikariPool-10 - Added connection com.mysql.cj.jdbc.ConnectionImpl@7e13d442
2026-04-27T15:31:23.496+05:45  INFO 13272 --- [EShopDemo] [restartedMain] com.zaxxer.hikari.HikariDataSource       : HikariPool-10 - Start completed.
2026-04-27T15:31:23.508+05:45  INFO 13272 --- [EShopDemo] [restartedMain] org.hibernate.orm.connections.pooling    : HHH10001005: Database info:
	Database JDBC URL [jdbc:mysql://localhost:3306/prod_eshop_db?createDatabaseIfNotExist=true]
	Database driver: MySQL Connector/J
	Database dialect: MySQLDialect
	Database version: 8.0.35
	Default catalog/schema: prod_eshop_db/undefined
	Autocommit mode: undefined/unknown
	Isolation level: REPEATABLE_READ [default REPEATABLE_READ]
	JDBC fetch size: none
	Pool: DataSourceConnectionProvider
	Minimum pool size: undefined/unknown
	Maximum pool size: undefined/unknown
2026-04-27T15:31:23.786+05:45  INFO 13272 --- [EShopDemo] [restartedMain] org.hibernate.orm.core                   : HHH000489: No JTA platform available (set 'hibernate.transaction.jta.platform' to enable JTA platform integration)
2026-04-27T15:31:23.876+05:45  INFO 13272 --- [EShopDemo] [restartedMain] j.LocalContainerEntityManagerFactoryBean : Initialized JPA EntityManagerFactory for persistence unit 'default'
2026-04-27T15:31:24.276+05:45  WARN 13272 --- [EShopDemo] [restartedMain] JpaBaseConfiguration$JpaWebConfiguration : spring.jpa.open-in-view is enabled by default. Therefore, database queries may be performed during view rendering. Explicitly configure spring.jpa.open-in-view to disable this warning
2026-04-27T15:31:24.442+05:45  WARN 13272 --- [EShopDemo] [restartedMain] ion$DefaultTemplateResolverConfiguration : Cannot find template location: classpath:/templates/ (please add some templates, check your Thymeleaf configuration, or set spring.thymeleaf.check-template-location=false)
2026-04-27T15:31:24.706+05:45  INFO 13272 --- [EShopDemo] [restartedMain] o.s.boot.tomcat.TomcatWebServer          : Tomcat started on port 8080 (http) with context path '/'
2026-04-27T15:31:24.719+05:45  INFO 13272 --- [EShopDemo] [restartedMain] c.cdsc.eshopdemo.EShopDemoApplication    : Started EShopDemoApplication in 2.684 seconds (process running for 1170.687)
2026-04-27T15:31:24.722+05:45  INFO 13272 --- [EShopDemo] [restartedMain] .ConditionEvaluationDeltaLoggingListener : Condition evaluation unchanged
2026-04-27T15:33:51.088+05:45  INFO 13272 --- [EShopDemo] [File Watcher] rtingClassPathChangeChangedEventListener : Restarting due to 2 class path changes (1 addition, 0 deletions, 1 modification)
2026-04-27T15:33:52.132+05:45  INFO 13272 --- [EShopDemo] [Thread-37] o.s.boot.tomcat.GracefulShutdown         : Commencing graceful shutdown. Waiting for active requests to complete
2026-04-27T15:33:52.397+05:45  INFO 13272 --- [EShopDemo] [tomcat-shutdown] o.s.boot.tomcat.GracefulShutdown         : Graceful shutdown complete
2026-04-27T15:33:53.230+05:45  INFO 13272 --- [EShopDemo] [Thread-37] j.LocalContainerEntityManagerFactoryBean : Closing JPA EntityManagerFactory for persistence unit 'default'
2026-04-27T15:33:53.411+05:45  INFO 13272 --- [EShopDemo] [Thread-37] com.zaxxer.hikari.HikariDataSource       : HikariPool-10 - Shutdown initiated...
2026-04-27T15:33:53.719+05:45  INFO 13272 --- [EShopDemo] [Thread-37] com.zaxxer.hikari.HikariDataSource       : HikariPool-10 - Shutdown completed.
2026-04-27T15:33:57.191+05:45  INFO 13272 --- [EShopDemo] [restartedMain] c.cdsc.eshopdemo.EShopDemoApplication    : Starting EShopDemoApplication using Java 25.0.2 with PID 13272 (E:\CDC_training\EShopDemo\target\classes started by DELL in E:\CDC_training\EShopDemo)
2026-04-27T15:33:57.192+05:45  INFO 13272 --- [EShopDemo] [restartedMain] c.cdsc.eshopdemo.EShopDemoApplication    : The following 1 profile is active: "prod"
2026-04-27T15:33:58.265+05:45  INFO 13272 --- [EShopDemo] [restartedMain] .s.d.r.c.RepositoryConfigurationDelegate : Bootstrapping Spring Data JPA repositories in DEFAULT mode.
2026-04-27T15:33:58.441+05:45  INFO 13272 --- [EShopDemo] [restartedMain] .s.d.r.c.RepositoryConfigurationDelegate : Finished Spring Data repository scanning in 158 ms. Found 2 JPA repository interfaces.
2026-04-27T15:33:59.236+05:45  INFO 13272 --- [EShopDemo] [restartedMain] o.s.boot.tomcat.TomcatWebServer          : Tomcat initialized with port 8080 (http)
2026-04-27T15:33:59.242+05:45  INFO 13272 --- [EShopDemo] [restartedMain] o.apache.catalina.core.StandardService   : Starting service [Tomcat]
2026-04-27T15:33:59.243+05:45  INFO 13272 --- [EShopDemo] [restartedMain] o.apache.catalina.core.StandardEngine    : Starting Servlet engine: [Apache Tomcat/11.0.20]
2026-04-27T15:33:59.474+05:45  INFO 13272 --- [EShopDemo] [restartedMain] b.w.c.s.WebApplicationContextInitializer : Root WebApplicationContext: initialization completed in 2275 ms
2026-04-27T15:33:59.653+05:45  INFO 13272 --- [EShopDemo] [restartedMain] org.hibernate.orm.jpa                    : HHH008540: Processing PersistenceUnitInfo [name: default]
2026-04-27T15:33:59.868+05:45  INFO 13272 --- [EShopDemo] [restartedMain] o.s.o.j.p.SpringPersistenceUnitInfo      : No LoadTimeWeaver setup: ignoring JPA class transformer
2026-04-27T15:33:59.871+05:45  INFO 13272 --- [EShopDemo] [restartedMain] com.zaxxer.hikari.HikariDataSource       : HikariPool-11 - Starting...
2026-04-27T15:34:00.220+05:45  INFO 13272 --- [EShopDemo] [restartedMain] com.zaxxer.hikari.pool.HikariPool        : HikariPool-11 - Added connection com.mysql.cj.jdbc.ConnectionImpl@34b14d54
2026-04-27T15:34:00.231+05:45  INFO 13272 --- [EShopDemo] [restartedMain] com.zaxxer.hikari.HikariDataSource       : HikariPool-11 - Start completed.
2026-04-27T15:34:00.246+05:45  INFO 13272 --- [EShopDemo] [restartedMain] org.hibernate.orm.connections.pooling    : HHH10001005: Database info:
	Database JDBC URL [jdbc:mysql://localhost:3306/prod_eshop_db?createDatabaseIfNotExist=true]
	Database driver: MySQL Connector/J
	Database dialect: MySQLDialect
	Database version: 8.0.35
	Default catalog/schema: prod_eshop_db/undefined
	Autocommit mode: undefined/unknown
	Isolation level: REPEATABLE_READ [default REPEATABLE_READ]
	JDBC fetch size: none
	Pool: DataSourceConnectionProvider
	Minimum pool size: undefined/unknown
	Maximum pool size: undefined/unknown
2026-04-27T15:34:00.793+05:45  INFO 13272 --- [EShopDemo] [restartedMain] org.hibernate.orm.core                   : HHH000489: No JTA platform available (set 'hibernate.transaction.jta.platform' to enable JTA platform integration)
2026-04-27T15:34:01.133+05:45  INFO 13272 --- [EShopDemo] [restartedMain] j.LocalContainerEntityManagerFactoryBean : Initialized JPA EntityManagerFactory for persistence unit 'default'
2026-04-27T15:34:01.465+05:45  WARN 13272 --- [EShopDemo] [restartedMain] JpaBaseConfiguration$JpaWebConfiguration : spring.jpa.open-in-view is enabled by default. Therefore, database queries may be performed during view rendering. Explicitly configure spring.jpa.open-in-view to disable this warning
2026-04-27T15:34:01.936+05:45  WARN 13272 --- [EShopDemo] [restartedMain] ion$DefaultTemplateResolverConfiguration : Cannot find template location: classpath:/templates/ (please add some templates, check your Thymeleaf configuration, or set spring.thymeleaf.check-template-location=false)
2026-04-27T15:34:02.073+05:45  INFO 13272 --- [EShopDemo] [restartedMain] o.s.boot.tomcat.TomcatWebServer          : Tomcat started on port 8080 (http) with context path '/'
2026-04-27T15:34:02.084+05:45  INFO 13272 --- [EShopDemo] [restartedMain] c.cdsc.eshopdemo.EShopDemoApplication    : Started EShopDemoApplication in 5.03 seconds (process running for 1328.051)
2026-04-27T15:34:02.087+05:45  INFO 13272 --- [EShopDemo] [restartedMain] .ConditionEvaluationDeltaLoggingListener : Condition evaluation unchanged
2026-04-27T15:34:53.623+05:45  INFO 13272 --- [EShopDemo] [File Watcher] rtingClassPathChangeChangedEventListener : Restarting due to 2 class path changes (0 additions, 0 deletions, 2 modifications)
2026-04-27T15:34:54.340+05:45  INFO 13272 --- [EShopDemo] [Thread-41] o.s.boot.tomcat.GracefulShutdown         : Commencing graceful shutdown. Waiting for active requests to complete
2026-04-27T15:34:54.580+05:45  INFO 13272 --- [EShopDemo] [tomcat-shutdown] o.s.boot.tomcat.GracefulShutdown         : Graceful shutdown complete
2026-04-27T15:34:54.765+05:45  INFO 13272 --- [EShopDemo] [Thread-41] j.LocalContainerEntityManagerFactoryBean : Closing JPA EntityManagerFactory for persistence unit 'default'
2026-04-27T15:34:55.021+05:45  INFO 13272 --- [EShopDemo] [Thread-41] com.zaxxer.hikari.HikariDataSource       : HikariPool-11 - Shutdown initiated...
2026-04-27T15:34:55.411+05:45  INFO 13272 --- [EShopDemo] [Thread-41] com.zaxxer.hikari.HikariDataSource       : HikariPool-11 - Shutdown completed.
2026-04-27T15:34:58.832+05:45  INFO 13272 --- [EShopDemo] [restartedMain] c.cdsc.eshopdemo.EShopDemoApplication    : Starting EShopDemoApplication using Java 25.0.2 with PID 13272 (E:\CDC_training\EShopDemo\target\classes started by DELL in E:\CDC_training\EShopDemo)
2026-04-27T15:34:58.833+05:45  INFO 13272 --- [EShopDemo] [restartedMain] c.cdsc.eshopdemo.EShopDemoApplication    : The following 1 profile is active: "prod"
2026-04-27T15:35:01.211+05:45  INFO 13272 --- [EShopDemo] [restartedMain] .s.d.r.c.RepositoryConfigurationDelegate : Bootstrapping Spring Data JPA repositories in DEFAULT mode.
2026-04-27T15:35:01.439+05:45  INFO 13272 --- [EShopDemo] [restartedMain] .s.d.r.c.RepositoryConfigurationDelegate : Finished Spring Data repository scanning in 126 ms. Found 2 JPA repository interfaces.
2026-04-27T15:35:01.923+05:45  INFO 13272 --- [EShopDemo] [restartedMain] o.s.boot.tomcat.TomcatWebServer          : Tomcat initialized with port 8080 (http)
2026-04-27T15:35:01.925+05:45  INFO 13272 --- [EShopDemo] [restartedMain] o.apache.catalina.core.StandardService   : Starting service [Tomcat]
2026-04-27T15:35:01.925+05:45  INFO 13272 --- [EShopDemo] [restartedMain] o.apache.catalina.core.StandardEngine    : Starting Servlet engine: [Apache Tomcat/11.0.20]
2026-04-27T15:35:02.119+05:45  INFO 13272 --- [EShopDemo] [restartedMain] b.w.c.s.WebApplicationContextInitializer : Root WebApplicationContext: initialization completed in 3275 ms
2026-04-27T15:35:02.292+05:45  INFO 13272 --- [EShopDemo] [restartedMain] org.hibernate.orm.jpa                    : HHH008540: Processing PersistenceUnitInfo [name: default]
2026-04-27T15:35:02.453+05:45  INFO 13272 --- [EShopDemo] [restartedMain] o.s.o.j.p.SpringPersistenceUnitInfo      : No LoadTimeWeaver setup: ignoring JPA class transformer
2026-04-27T15:35:02.456+05:45  INFO 13272 --- [EShopDemo] [restartedMain] com.zaxxer.hikari.HikariDataSource       : HikariPool-12 - Starting...
2026-04-27T15:35:02.734+05:45  INFO 13272 --- [EShopDemo] [restartedMain] com.zaxxer.hikari.pool.HikariPool        : HikariPool-12 - Added connection com.mysql.cj.jdbc.ConnectionImpl@5ae679b7
2026-04-27T15:35:02.735+05:45  INFO 13272 --- [EShopDemo] [restartedMain] com.zaxxer.hikari.HikariDataSource       : HikariPool-12 - Start completed.
2026-04-27T15:35:02.745+05:45  INFO 13272 --- [EShopDemo] [restartedMain] org.hibernate.orm.connections.pooling    : HHH10001005: Database info:
	Database JDBC URL [jdbc:mysql://localhost:3306/prod_eshop_db?createDatabaseIfNotExist=true]
	Database driver: MySQL Connector/J
	Database dialect: MySQLDialect
	Database version: 8.0.35
	Default catalog/schema: prod_eshop_db/undefined
	Autocommit mode: undefined/unknown
	Isolation level: REPEATABLE_READ [default REPEATABLE_READ]
	JDBC fetch size: none
	Pool: DataSourceConnectionProvider
	Minimum pool size: undefined/unknown
	Maximum pool size: undefined/unknown
2026-04-27T15:35:02.987+05:45  INFO 13272 --- [EShopDemo] [restartedMain] org.hibernate.orm.core                   : HHH000489: No JTA platform available (set 'hibernate.transaction.jta.platform' to enable JTA platform integration)
2026-04-27T15:35:04.151+05:45  INFO 13272 --- [EShopDemo] [restartedMain] j.LocalContainerEntityManagerFactoryBean : Initialized JPA EntityManagerFactory for persistence unit 'default'
2026-04-27T15:35:04.834+05:45  WARN 13272 --- [EShopDemo] [restartedMain] JpaBaseConfiguration$JpaWebConfiguration : spring.jpa.open-in-view is enabled by default. Therefore, database queries may be performed during view rendering. Explicitly configure spring.jpa.open-in-view to disable this warning
2026-04-27T15:35:05.062+05:45  WARN 13272 --- [EShopDemo] [restartedMain] ion$DefaultTemplateResolverConfiguration : Cannot find template location: classpath:/templates/ (please add some templates, check your Thymeleaf configuration, or set spring.thymeleaf.check-template-location=false)
2026-04-27T15:35:05.392+05:45  INFO 13272 --- [EShopDemo] [restartedMain] o.s.boot.tomcat.TomcatWebServer          : Tomcat started on port 8080 (http) with context path '/'
2026-04-27T15:35:05.399+05:45  INFO 13272 --- [EShopDemo] [restartedMain] c.cdsc.eshopdemo.EShopDemoApplication    : Started EShopDemoApplication in 6.91 seconds (process running for 1391.366)
2026-04-27T15:35:05.401+05:45  INFO 13272 --- [EShopDemo] [restartedMain] .ConditionEvaluationDeltaLoggingListener : Condition evaluation unchanged
2026-04-27T15:35:25.726+05:45  INFO 13272 --- [EShopDemo] [File Watcher] rtingClassPathChangeChangedEventListener : Restarting due to 2 class path changes (0 additions, 0 deletions, 2 modifications)
2026-04-27T15:35:25.904+05:45  INFO 13272 --- [EShopDemo] [Thread-45] o.s.boot.tomcat.GracefulShutdown         : Commencing graceful shutdown. Waiting for active requests to complete
2026-04-27T15:35:26.068+05:45  INFO 13272 --- [EShopDemo] [tomcat-shutdown] o.s.boot.tomcat.GracefulShutdown         : Graceful shutdown complete
2026-04-27T15:35:26.092+05:45  INFO 13272 --- [EShopDemo] [Thread-45] j.LocalContainerEntityManagerFactoryBean : Closing JPA EntityManagerFactory for persistence unit 'default'
2026-04-27T15:35:26.108+05:45  INFO 13272 --- [EShopDemo] [Thread-45] com.zaxxer.hikari.HikariDataSource       : HikariPool-12 - Shutdown initiated...
2026-04-27T15:35:26.216+05:45  INFO 13272 --- [EShopDemo] [Thread-45] com.zaxxer.hikari.HikariDataSource       : HikariPool-12 - Shutdown completed.
2026-04-27T15:35:28.586+05:45  INFO 13272 --- [EShopDemo] [restartedMain] c.cdsc.eshopdemo.EShopDemoApplication    : Starting EShopDemoApplication using Java 25.0.2 with PID 13272 (E:\CDC_training\EShopDemo\target\classes started by DELL in E:\CDC_training\EShopDemo)
2026-04-27T15:35:28.587+05:45  INFO 13272 --- [EShopDemo] [restartedMain] c.cdsc.eshopdemo.EShopDemoApplication    : The following 1 profile is active: "prod"
2026-04-27T15:35:32.402+05:45  INFO 13272 --- [EShopDemo] [restartedMain] .s.d.r.c.RepositoryConfigurationDelegate : Bootstrapping Spring Data JPA repositories in DEFAULT mode.
2026-04-27T15:35:32.570+05:45  INFO 13272 --- [EShopDemo] [restartedMain] .s.d.r.c.RepositoryConfigurationDelegate : Finished Spring Data repository scanning in 127 ms. Found 2 JPA repository interfaces.
2026-04-27T15:35:33.697+05:45  INFO 13272 --- [EShopDemo] [restartedMain] o.s.boot.tomcat.TomcatWebServer          : Tomcat initialized with port 8080 (http)
2026-04-27T15:35:33.707+05:45  INFO 13272 --- [EShopDemo] [restartedMain] o.apache.catalina.core.StandardService   : Starting service [Tomcat]
2026-04-27T15:35:33.708+05:45  INFO 13272 --- [EShopDemo] [restartedMain] o.apache.catalina.core.StandardEngine    : Starting Servlet engine: [Apache Tomcat/11.0.20]
2026-04-27T15:35:34.155+05:45  INFO 13272 --- [EShopDemo] [restartedMain] b.w.c.s.WebApplicationContextInitializer : Root WebApplicationContext: initialization completed in 5552 ms
2026-04-27T15:35:34.594+05:45  INFO 13272 --- [EShopDemo] [restartedMain] org.hibernate.orm.jpa                    : HHH008540: Processing PersistenceUnitInfo [name: default]
2026-04-27T15:35:35.370+05:45  INFO 13272 --- [EShopDemo] [restartedMain] o.s.o.j.p.SpringPersistenceUnitInfo      : No LoadTimeWeaver setup: ignoring JPA class transformer
2026-04-27T15:35:35.381+05:45  INFO 13272 --- [EShopDemo] [restartedMain] com.zaxxer.hikari.HikariDataSource       : HikariPool-13 - Starting...
2026-04-27T15:35:35.682+05:45  INFO 13272 --- [EShopDemo] [restartedMain] com.zaxxer.hikari.pool.HikariPool        : HikariPool-13 - Added connection com.mysql.cj.jdbc.ConnectionImpl@387fcc6a
2026-04-27T15:35:35.688+05:45  INFO 13272 --- [EShopDemo] [restartedMain] com.zaxxer.hikari.HikariDataSource       : HikariPool-13 - Start completed.
2026-04-27T15:35:35.707+05:45  INFO 13272 --- [EShopDemo] [restartedMain] org.hibernate.orm.connections.pooling    : HHH10001005: Database info:
	Database JDBC URL [jdbc:mysql://localhost:3306/prod_eshop_db?createDatabaseIfNotExist=true]
	Database driver: MySQL Connector/J
	Database dialect: MySQLDialect
	Database version: 8.0.35
	Default catalog/schema: prod_eshop_db/undefined
	Autocommit mode: undefined/unknown
	Isolation level: REPEATABLE_READ [default REPEATABLE_READ]
	JDBC fetch size: none
	Pool: DataSourceConnectionProvider
	Minimum pool size: undefined/unknown
	Maximum pool size: undefined/unknown
2026-04-27T15:35:36.832+05:45  INFO 13272 --- [EShopDemo] [restartedMain] org.hibernate.orm.core                   : HHH000489: No JTA platform available (set 'hibernate.transaction.jta.platform' to enable JTA platform integration)
2026-04-27T15:35:37.191+05:45  INFO 13272 --- [EShopDemo] [restartedMain] j.LocalContainerEntityManagerFactoryBean : Initialized JPA EntityManagerFactory for persistence unit 'default'
2026-04-27T15:35:38.451+05:45  WARN 13272 --- [EShopDemo] [restartedMain] JpaBaseConfiguration$JpaWebConfiguration : spring.jpa.open-in-view is enabled by default. Therefore, database queries may be performed during view rendering. Explicitly configure spring.jpa.open-in-view to disable this warning
2026-04-27T15:35:38.776+05:45  WARN 13272 --- [EShopDemo] [restartedMain] ion$DefaultTemplateResolverConfiguration : Cannot find template location: classpath:/templates/ (please add some templates, check your Thymeleaf configuration, or set spring.thymeleaf.check-template-location=false)
2026-04-27T15:35:39.015+05:45  INFO 13272 --- [EShopDemo] [restartedMain] o.s.boot.tomcat.TomcatWebServer          : Tomcat started on port 8080 (http) with context path '/'
2026-04-27T15:35:39.044+05:45  INFO 13272 --- [EShopDemo] [restartedMain] c.cdsc.eshopdemo.EShopDemoApplication    : Started EShopDemoApplication in 11.504 seconds (process running for 1425.011)
2026-04-27T15:35:39.047+05:45  INFO 13272 --- [EShopDemo] [restartedMain] .ConditionEvaluationDeltaLoggingListener : Condition evaluation unchanged
2026-04-27T15:35:52.054+05:45  INFO 13272 --- [EShopDemo] [File Watcher] rtingClassPathChangeChangedEventListener : Restarting due to 2 class path changes (2 additions, 0 deletions, 0 modifications)
2026-04-27T15:35:52.079+05:45  INFO 13272 --- [EShopDemo] [Thread-49] o.s.boot.tomcat.GracefulShutdown         : Commencing graceful shutdown. Waiting for active requests to complete
2026-04-27T15:35:52.146+05:45  INFO 13272 --- [EShopDemo] [tomcat-shutdown] o.s.boot.tomcat.GracefulShutdown         : Graceful shutdown complete
2026-04-27T15:35:52.184+05:45  INFO 13272 --- [EShopDemo] [Thread-49] j.LocalContainerEntityManagerFactoryBean : Closing JPA EntityManagerFactory for persistence unit 'default'
2026-04-27T15:35:52.189+05:45  INFO 13272 --- [EShopDemo] [Thread-49] com.zaxxer.hikari.HikariDataSource       : HikariPool-13 - Shutdown initiated...
2026-04-27T15:35:52.253+05:45  INFO 13272 --- [EShopDemo] [Thread-49] com.zaxxer.hikari.HikariDataSource       : HikariPool-13 - Shutdown completed.
2026-04-27T15:35:53.699+05:45  INFO 13272 --- [EShopDemo] [restartedMain] c.cdsc.eshopdemo.EShopDemoApplication    : Starting EShopDemoApplication using Java 25.0.2 with PID 13272 (E:\CDC_training\EShopDemo\target\classes started by DELL in E:\CDC_training\EShopDemo)
2026-04-27T15:35:53.701+05:45  INFO 13272 --- [EShopDemo] [restartedMain] c.cdsc.eshopdemo.EShopDemoApplication    : The following 1 profile is active: "prod"
2026-04-27T15:35:56.860+05:45  INFO 13272 --- [EShopDemo] [restartedMain] .s.d.r.c.RepositoryConfigurationDelegate : Bootstrapping Spring Data JPA repositories in DEFAULT mode.
2026-04-27T15:35:57.048+05:45  INFO 13272 --- [EShopDemo] [restartedMain] .s.d.r.c.RepositoryConfigurationDelegate : Finished Spring Data repository scanning in 177 ms. Found 2 JPA repository interfaces.
2026-04-27T15:35:57.528+05:45  INFO 13272 --- [EShopDemo] [restartedMain] o.s.boot.tomcat.TomcatWebServer          : Tomcat initialized with port 8080 (http)
2026-04-27T15:35:57.530+05:45  INFO 13272 --- [EShopDemo] [restartedMain] o.apache.catalina.core.StandardService   : Starting service [Tomcat]
2026-04-27T15:35:57.531+05:45  INFO 13272 --- [EShopDemo] [restartedMain] o.apache.catalina.core.StandardEngine    : Starting Servlet engine: [Apache Tomcat/11.0.20]
2026-04-27T15:35:57.733+05:45  INFO 13272 --- [EShopDemo] [restartedMain] b.w.c.s.WebApplicationContextInitializer : Root WebApplicationContext: initialization completed in 4001 ms
2026-04-27T15:35:57.810+05:45  INFO 13272 --- [EShopDemo] [restartedMain] org.hibernate.orm.jpa                    : HHH008540: Processing PersistenceUnitInfo [name: default]
2026-04-27T15:35:57.925+05:45  INFO 13272 --- [EShopDemo] [restartedMain] o.s.o.j.p.SpringPersistenceUnitInfo      : No LoadTimeWeaver setup: ignoring JPA class transformer
2026-04-27T15:35:57.927+05:45  INFO 13272 --- [EShopDemo] [restartedMain] com.zaxxer.hikari.HikariDataSource       : HikariPool-14 - Starting...
2026-04-27T15:35:57.989+05:45  INFO 13272 --- [EShopDemo] [restartedMain] com.zaxxer.hikari.pool.HikariPool        : HikariPool-14 - Added connection com.mysql.cj.jdbc.ConnectionImpl@6dcd249d
2026-04-27T15:35:57.990+05:45  INFO 13272 --- [EShopDemo] [restartedMain] com.zaxxer.hikari.HikariDataSource       : HikariPool-14 - Start completed.
2026-04-27T15:35:57.994+05:45  INFO 13272 --- [EShopDemo] [restartedMain] org.hibernate.orm.connections.pooling    : HHH10001005: Database info:
	Database JDBC URL [jdbc:mysql://localhost:3306/prod_eshop_db?createDatabaseIfNotExist=true]
	Database driver: MySQL Connector/J
	Database dialect: MySQLDialect
	Database version: 8.0.35
	Default catalog/schema: prod_eshop_db/undefined
	Autocommit mode: undefined/unknown
	Isolation level: REPEATABLE_READ [default REPEATABLE_READ]
	JDBC fetch size: none
	Pool: DataSourceConnectionProvider
	Minimum pool size: undefined/unknown
	Maximum pool size: undefined/unknown
2026-04-27T15:35:58.016+05:45  WARN 13272 --- [EShopDemo] [restartedMain] ConfigServletWebServerApplicationContext : Exception encountered during context initialization - cancelling refresh attempt: org.springframework.beans.factory.BeanCreationException: Error creating bean with name 'entityManagerFactory' defined in class path resource [org/springframework/boot/hibernate/autoconfigure/HibernateJpaConfiguration.class]: Category
2026-04-27T15:35:58.018+05:45  INFO 13272 --- [EShopDemo] [restartedMain] com.zaxxer.hikari.HikariDataSource       : HikariPool-14 - Shutdown initiated...
2026-04-27T15:35:58.040+05:45  INFO 13272 --- [EShopDemo] [restartedMain] com.zaxxer.hikari.HikariDataSource       : HikariPool-14 - Shutdown completed.
2026-04-27T15:35:58.042+05:45  INFO 13272 --- [EShopDemo] [restartedMain] o.apache.catalina.core.StandardService   : Stopping service [Tomcat]
2026-04-27T15:35:58.066+05:45  INFO 13272 --- [EShopDemo] [restartedMain] .s.b.a.l.ConditionEvaluationReportLogger : 

Error starting ApplicationContext. To display the condition evaluation report re-run your application with 'debug' enabled.
2026-04-27T15:35:58.207+05:45 ERROR 13272 --- [EShopDemo] [restartedMain] o.s.boot.SpringApplication               : Application run failed

org.springframework.beans.factory.BeanCreationException: Error creating bean with name 'entityManagerFactory' defined in class path resource [org/springframework/boot/hibernate/autoconfigure/HibernateJpaConfiguration.class]: Category
	at org.springframework.beans.factory.support.AbstractAutowireCapableBeanFactory.initializeBean(AbstractAutowireCapableBeanFactory.java:1817) ~[spring-beans-7.0.6.jar:7.0.6]
	at org.springframework.beans.factory.support.AbstractAutowireCapableBeanFactory.doCreateBean(AbstractAutowireCapableBeanFactory.java:603) ~[spring-beans-7.0.6.jar:7.0.6]
	at org.springframework.beans.factory.support.AbstractAutowireCapableBeanFactory.createBean(AbstractAutowireCapableBeanFactory.java:525) ~[spring-beans-7.0.6.jar:7.0.6]
	at org.springframework.beans.factory.support.AbstractBeanFactory.lambda$doGetBean$0(AbstractBeanFactory.java:333) ~[spring-beans-7.0.6.jar:7.0.6]
	at org.springframework.beans.factory.support.DefaultSingletonBeanRegistry.getSingleton(DefaultSingletonBeanRegistry.java:371) ~[spring-beans-7.0.6.jar:7.0.6]
	at org.springframework.beans.factory.support.AbstractBeanFactory.doGetBean(AbstractBeanFactory.java:331) ~[spring-beans-7.0.6.jar:7.0.6]
	at org.springframework.beans.factory.support.AbstractBeanFactory.getBean(AbstractBeanFactory.java:201) ~[spring-beans-7.0.6.jar:7.0.6]
	at org.springframework.context.support.AbstractApplicationContext.finishBeanFactoryInitialization(AbstractApplicationContext.java:977) ~[spring-context-7.0.6.jar:7.0.6]
	at org.springframework.context.support.AbstractApplicationContext.refresh(AbstractApplicationContext.java:621) ~[spring-context-7.0.6.jar:7.0.6]
	at org.springframework.boot.web.server.servlet.context.ServletWebServerApplicationContext.refresh(ServletWebServerApplicationContext.java:143) ~[spring-boot-web-server-4.0.5.jar:4.0.5]
	at org.springframework.boot.SpringApplication.refresh(SpringApplication.java:756) ~[spring-boot-4.0.5.jar:4.0.5]
	at org.springframework.boot.SpringApplication.refreshContext(SpringApplication.java:445) ~[spring-boot-4.0.5.jar:4.0.5]
	at org.springframework.boot.SpringApplication.run(SpringApplication.java:321) ~[spring-boot-4.0.5.jar:4.0.5]
	at org.springframework.boot.SpringApplication.run(SpringApplication.java:1365) ~[spring-boot-4.0.5.jar:4.0.5]
	at org.springframework.boot.SpringApplication.run(SpringApplication.java:1354) ~[spring-boot-4.0.5.jar:4.0.5]
	at com.cdsc.eshopdemo.EShopDemoApplication.main(EShopDemoApplication.java:10) ~[classes/:na]
	at java.base/jdk.internal.reflect.DirectMethodHandleAccessor.invoke(DirectMethodHandleAccessor.java:104) ~[na:na]
	at java.base/java.lang.reflect.Method.invoke(Method.java:565) ~[na:na]
	at org.springframework.boot.devtools.restart.RestartLauncher.run(RestartLauncher.java:52) ~[spring-boot-devtools-4.0.5.jar:4.0.5]
Caused by: java.lang.NoClassDefFoundError: Category
	at java.base/java.lang.Class.getDeclaredMethods0(Native Method) ~[na:na]
	at java.base/java.lang.Class.privateGetDeclaredMethods(Class.java:3010) ~[na:na]
	at java.base/java.lang.Class.getDeclaredMethods(Class.java:2329) ~[na:na]
	at org.hibernate.models.internal.jdk.JdkClassDetails.getMethods(JdkClassDetails.java:216) ~[hibernate-models-1.0.1.jar:na]
	at org.hibernate.boot.model.internal.InheritanceState.determineDefaultAccessType(InheritanceState.java:268) ~[hibernate-core-7.2.7.Final.jar:7.2.7.Final]
	at org.hibernate.boot.model.internal.InheritanceState.getElementsToProcess(InheritanceState.java:233) ~[hibernate-core-7.2.7.Final.jar:7.2.7.Final]
	at org.hibernate.boot.model.internal.InheritanceState.postProcess(InheritanceState.java:166) ~[hibernate-core-7.2.7.Final.jar:7.2.7.Final]
	at org.hibernate.boot.model.internal.EntityBinder.handleIdentifier(EntityBinder.java:371) ~[hibernate-core-7.2.7.Final.jar:7.2.7.Final]
	at org.hibernate.boot.model.internal.EntityBinder.bindEntityClass(EntityBinder.java:217) ~[hibernate-core-7.2.7.Final.jar:7.2.7.Final]
	at org.hibernate.boot.model.internal.AnnotationBinder.bindClass(AnnotationBinder.java:247) ~[hibernate-core-7.2.7.Final.jar:7.2.7.Final]
	at org.hibernate.boot.model.source.internal.annotations.AnnotationMetadataSourceProcessorImpl.processEntityHierarchies(AnnotationMetadataSourceProcessorImpl.java:167) ~[hibernate-core-7.2.7.Final.jar:7.2.7.Final]
	at org.hibernate.boot.model.process.spi.MetadataBuildingProcess$1.processEntityHierarchies(MetadataBuildingProcess.java:318) ~[hibernate-core-7.2.7.Final.jar:7.2.7.Final]
	at org.hibernate.boot.model.process.spi.MetadataBuildingProcess.coordinateProcessors(MetadataBuildingProcess.java:352) ~[hibernate-core-7.2.7.Final.jar:7.2.7.Final]
	at org.hibernate.boot.model.process.spi.MetadataBuildingProcess.complete(MetadataBuildingProcess.java:201) ~[hibernate-core-7.2.7.Final.jar:7.2.7.Final]
	at org.hibernate.jpa.boot.internal.EntityManagerFactoryBuilderImpl.metadata(EntityManagerFactoryBuilderImpl.java:1392) ~[hibernate-core-7.2.7.Final.jar:7.2.7.Final]
	at org.hibernate.jpa.boot.internal.EntityManagerFactoryBuilderImpl.populateSessionFactoryBuilder(EntityManagerFactoryBuilderImpl.java:1472) ~[hibernate-core-7.2.7.Final.jar:7.2.7.Final]
	at org.hibernate.jpa.boot.internal.EntityManagerFactoryBuilderImpl.build(EntityManagerFactoryBuilderImpl.java:1454) ~[hibernate-core-7.2.7.Final.jar:7.2.7.Final]
	at org.springframework.orm.jpa.vendor.SpringHibernateJpaPersistenceProvider.createContainerEntityManagerFactory(SpringHibernateJpaPersistenceProvider.java:93) ~[spring-orm-7.0.6.jar:7.0.6]
	at org.springframework.orm.jpa.LocalContainerEntityManagerFactoryBean.createNativeEntityManagerFactory(LocalContainerEntityManagerFactoryBean.java:443) ~[spring-orm-7.0.6.jar:7.0.6]
	at org.springframework.orm.jpa.AbstractEntityManagerFactoryBean.buildNativeEntityManagerFactory(AbstractEntityManagerFactoryBean.java:436) ~[spring-orm-7.0.6.jar:7.0.6]
	at org.springframework.orm.jpa.AbstractEntityManagerFactoryBean.afterPropertiesSet(AbstractEntityManagerFactoryBean.java:411) ~[spring-orm-7.0.6.jar:7.0.6]
	at org.springframework.orm.jpa.LocalContainerEntityManagerFactoryBean.afterPropertiesSet(LocalContainerEntityManagerFactoryBean.java:419) ~[spring-orm-7.0.6.jar:7.0.6]
	at org.springframework.beans.factory.support.AbstractAutowireCapableBeanFactory.invokeInitMethods(AbstractAutowireCapableBeanFactory.java:1864) ~[spring-beans-7.0.6.jar:7.0.6]
	at org.springframework.beans.factory.support.AbstractAutowireCapableBeanFactory.initializeBean(AbstractAutowireCapableBeanFactory.java:1813) ~[spring-beans-7.0.6.jar:7.0.6]
	... 18 common frames omitted
Caused by: java.lang.ClassNotFoundException: Category
	at java.base/jdk.internal.loader.BuiltinClassLoader.loadClass(BuiltinClassLoader.java:580) ~[na:na]
	at java.base/java.lang.ClassLoader.loadClass(ClassLoader.java:490) ~[na:na]
	at java.base/java.lang.Class.forName0(Native Method) ~[na:na]
	at java.base/java.lang.Class.forName(Class.java:547) ~[na:na]
	at org.springframework.boot.devtools.restart.classloader.RestartClassLoader.loadClass(RestartClassLoader.java:123) ~[spring-boot-devtools-4.0.5.jar:4.0.5]
	at java.base/java.lang.ClassLoader.loadClass(ClassLoader.java:490) ~[na:na]
	... 42 common frames omitted

2026-04-27T15:36:15.745+05:45  INFO 13272 --- [EShopDemo] [restartedMain] c.cdsc.eshopdemo.EShopDemoApplication    : Starting EShopDemoApplication using Java 25.0.2 with PID 13272 (E:\CDC_training\EShopDemo\target\classes started by DELL in E:\CDC_training\EShopDemo)
2026-04-27T15:36:15.748+05:45  INFO 13272 --- [EShopDemo] [restartedMain] c.cdsc.eshopdemo.EShopDemoApplication    : The following 1 profile is active: "prod"
2026-04-27T15:36:17.782+05:45  INFO 13272 --- [EShopDemo] [restartedMain] .s.d.r.c.RepositoryConfigurationDelegate : Bootstrapping Spring Data JPA repositories in DEFAULT mode.
2026-04-27T15:36:17.854+05:45  INFO 13272 --- [EShopDemo] [restartedMain] .s.d.r.c.RepositoryConfigurationDelegate : Finished Spring Data repository scanning in 67 ms. Found 2 JPA repository interfaces.
2026-04-27T15:36:18.684+05:45  INFO 13272 --- [EShopDemo] [restartedMain] o.s.boot.tomcat.TomcatWebServer          : Tomcat initialized with port 8080 (http)
2026-04-27T15:36:18.710+05:45  INFO 13272 --- [EShopDemo] [restartedMain] o.apache.catalina.core.StandardService   : Starting service [Tomcat]
2026-04-27T15:36:18.710+05:45  INFO 13272 --- [EShopDemo] [restartedMain] o.apache.catalina.core.StandardEngine    : Starting Servlet engine: [Apache Tomcat/11.0.20]
2026-04-27T15:36:19.013+05:45  INFO 13272 --- [EShopDemo] [restartedMain] b.w.c.s.WebApplicationContextInitializer : Root WebApplicationContext: initialization completed in 3240 ms
2026-04-27T15:36:19.390+05:45  INFO 13272 --- [EShopDemo] [restartedMain] org.hibernate.orm.jpa                    : HHH008540: Processing PersistenceUnitInfo [name: default]
2026-04-27T15:36:19.563+05:45  INFO 13272 --- [EShopDemo] [restartedMain] o.s.o.j.p.SpringPersistenceUnitInfo      : No LoadTimeWeaver setup: ignoring JPA class transformer
2026-04-27T15:36:19.572+05:45  INFO 13272 --- [EShopDemo] [restartedMain] com.zaxxer.hikari.HikariDataSource       : HikariPool-15 - Starting...
2026-04-27T15:36:19.651+05:45  INFO 13272 --- [EShopDemo] [restartedMain] com.zaxxer.hikari.pool.HikariPool        : HikariPool-15 - Added connection com.mysql.cj.jdbc.ConnectionImpl@360c17ec
2026-04-27T15:36:19.651+05:45  INFO 13272 --- [EShopDemo] [restartedMain] com.zaxxer.hikari.HikariDataSource       : HikariPool-15 - Start completed.
2026-04-27T15:36:19.657+05:45  INFO 13272 --- [EShopDemo] [restartedMain] org.hibernate.orm.connections.pooling    : HHH10001005: Database info:
	Database JDBC URL [jdbc:mysql://localhost:3306/prod_eshop_db?createDatabaseIfNotExist=true]
	Database driver: MySQL Connector/J
	Database dialect: MySQLDialect
	Database version: 8.0.35
	Default catalog/schema: prod_eshop_db/undefined
	Autocommit mode: undefined/unknown
	Isolation level: REPEATABLE_READ [default REPEATABLE_READ]
	JDBC fetch size: none
	Pool: DataSourceConnectionProvider
	Minimum pool size: undefined/unknown
	Maximum pool size: undefined/unknown
2026-04-27T15:36:19.947+05:45  INFO 13272 --- [EShopDemo] [restartedMain] org.hibernate.orm.core                   : HHH000489: No JTA platform available (set 'hibernate.transaction.jta.platform' to enable JTA platform integration)
2026-04-27T15:36:20.058+05:45  INFO 13272 --- [EShopDemo] [restartedMain] j.LocalContainerEntityManagerFactoryBean : Initialized JPA EntityManagerFactory for persistence unit 'default'
2026-04-27T15:36:20.333+05:45  WARN 13272 --- [EShopDemo] [restartedMain] JpaBaseConfiguration$JpaWebConfiguration : spring.jpa.open-in-view is enabled by default. Therefore, database queries may be performed during view rendering. Explicitly configure spring.jpa.open-in-view to disable this warning
2026-04-27T15:36:20.646+05:45  WARN 13272 --- [EShopDemo] [restartedMain] ion$DefaultTemplateResolverConfiguration : Cannot find template location: classpath:/templates/ (please add some templates, check your Thymeleaf configuration, or set spring.thymeleaf.check-template-location=false)
2026-04-27T15:36:20.833+05:45  INFO 13272 --- [EShopDemo] [restartedMain] o.s.boot.tomcat.TomcatWebServer          : Tomcat started on port 8080 (http) with context path '/'
2026-04-27T15:36:20.842+05:45  INFO 13272 --- [EShopDemo] [restartedMain] c.cdsc.eshopdemo.EShopDemoApplication    : Started EShopDemoApplication in 5.435 seconds (process running for 1466.81)
2026-04-27T15:36:20.848+05:45  INFO 13272 --- [EShopDemo] [restartedMain] .ConditionEvaluationDeltaLoggingListener : Condition evaluation unchanged
2026-04-27T15:36:26.415+05:45  INFO 13272 --- [EShopDemo] [File Watcher] rtingClassPathChangeChangedEventListener : Restarting due to 2 class path changes (0 additions, 0 deletions, 2 modifications)
2026-04-27T15:36:26.481+05:45  INFO 13272 --- [EShopDemo] [Thread-53] o.s.boot.tomcat.GracefulShutdown         : Commencing graceful shutdown. Waiting for active requests to complete
2026-04-27T15:36:26.523+05:45  INFO 13272 --- [EShopDemo] [tomcat-shutdown] o.s.boot.tomcat.GracefulShutdown         : Graceful shutdown complete
2026-04-27T15:36:26.538+05:45  INFO 13272 --- [EShopDemo] [Thread-53] j.LocalContainerEntityManagerFactoryBean : Closing JPA EntityManagerFactory for persistence unit 'default'
2026-04-27T15:36:26.539+05:45  INFO 13272 --- [EShopDemo] [Thread-53] com.zaxxer.hikari.HikariDataSource       : HikariPool-15 - Shutdown initiated...
2026-04-27T15:36:26.595+05:45  INFO 13272 --- [EShopDemo] [Thread-53] com.zaxxer.hikari.HikariDataSource       : HikariPool-15 - Shutdown completed.
2026-04-27T15:36:27.204+05:45  INFO 13272 --- [EShopDemo] [restartedMain] c.cdsc.eshopdemo.EShopDemoApplication    : Starting EShopDemoApplication using Java 25.0.2 with PID 13272 (E:\CDC_training\EShopDemo\target\classes started by DELL in E:\CDC_training\EShopDemo)
2026-04-27T15:36:27.208+05:45  INFO 13272 --- [EShopDemo] [restartedMain] c.cdsc.eshopdemo.EShopDemoApplication    : The following 1 profile is active: "prod"
2026-04-27T15:36:29.198+05:45  INFO 13272 --- [EShopDemo] [restartedMain] .s.d.r.c.RepositoryConfigurationDelegate : Bootstrapping Spring Data JPA repositories in DEFAULT mode.
2026-04-27T15:36:29.337+05:45  INFO 13272 --- [EShopDemo] [restartedMain] .s.d.r.c.RepositoryConfigurationDelegate : Finished Spring Data repository scanning in 86 ms. Found 2 JPA repository interfaces.
2026-04-27T15:36:29.788+05:45  INFO 13272 --- [EShopDemo] [restartedMain] o.s.boot.tomcat.TomcatWebServer          : Tomcat initialized with port 8080 (http)
2026-04-27T15:36:29.789+05:45  INFO 13272 --- [EShopDemo] [restartedMain] o.apache.catalina.core.StandardService   : Starting service [Tomcat]
2026-04-27T15:36:29.789+05:45  INFO 13272 --- [EShopDemo] [restartedMain] o.apache.catalina.core.StandardEngine    : Starting Servlet engine: [Apache Tomcat/11.0.20]
2026-04-27T15:36:29.992+05:45  INFO 13272 --- [EShopDemo] [restartedMain] b.w.c.s.WebApplicationContextInitializer : Root WebApplicationContext: initialization completed in 2773 ms
2026-04-27T15:36:30.131+05:45  INFO 13272 --- [EShopDemo] [restartedMain] org.hibernate.orm.jpa                    : HHH008540: Processing PersistenceUnitInfo [name: default]
2026-04-27T15:36:30.298+05:45  INFO 13272 --- [EShopDemo] [restartedMain] o.s.o.j.p.SpringPersistenceUnitInfo      : No LoadTimeWeaver setup: ignoring JPA class transformer
2026-04-27T15:36:30.306+05:45  INFO 13272 --- [EShopDemo] [restartedMain] com.zaxxer.hikari.HikariDataSource       : HikariPool-16 - Starting...
2026-04-27T15:36:30.414+05:45  INFO 13272 --- [EShopDemo] [restartedMain] com.zaxxer.hikari.pool.HikariPool        : HikariPool-16 - Added connection com.mysql.cj.jdbc.ConnectionImpl@28b3da45
2026-04-27T15:36:30.414+05:45  INFO 13272 --- [EShopDemo] [restartedMain] com.zaxxer.hikari.HikariDataSource       : HikariPool-16 - Start completed.
2026-04-27T15:36:30.421+05:45  INFO 13272 --- [EShopDemo] [restartedMain] org.hibernate.orm.connections.pooling    : HHH10001005: Database info:
	Database JDBC URL [jdbc:mysql://localhost:3306/prod_eshop_db?createDatabaseIfNotExist=true]
	Database driver: MySQL Connector/J
	Database dialect: MySQLDialect
	Database version: 8.0.35
	Default catalog/schema: prod_eshop_db/undefined
	Autocommit mode: undefined/unknown
	Isolation level: REPEATABLE_READ [default REPEATABLE_READ]
	JDBC fetch size: none
	Pool: DataSourceConnectionProvider
	Minimum pool size: undefined/unknown
	Maximum pool size: undefined/unknown
2026-04-27T15:36:30.989+05:45  INFO 13272 --- [EShopDemo] [restartedMain] org.hibernate.orm.core                   : HHH000489: No JTA platform available (set 'hibernate.transaction.jta.platform' to enable JTA platform integration)
2026-04-27T15:36:31.061+05:45  INFO 13272 --- [EShopDemo] [restartedMain] j.LocalContainerEntityManagerFactoryBean : Initialized JPA EntityManagerFactory for persistence unit 'default'
2026-04-27T15:36:31.269+05:45  WARN 13272 --- [EShopDemo] [restartedMain] JpaBaseConfiguration$JpaWebConfiguration : spring.jpa.open-in-view is enabled by default. Therefore, database queries may be performed during view rendering. Explicitly configure spring.jpa.open-in-view to disable this warning
2026-04-27T15:36:31.475+05:45  WARN 13272 --- [EShopDemo] [restartedMain] ion$DefaultTemplateResolverConfiguration : Cannot find template location: classpath:/templates/ (please add some templates, check your Thymeleaf configuration, or set spring.thymeleaf.check-template-location=false)
2026-04-27T15:36:31.604+05:45  INFO 13272 --- [EShopDemo] [restartedMain] o.s.boot.tomcat.TomcatWebServer          : Tomcat started on port 8080 (http) with context path '/'
2026-04-27T15:36:31.608+05:45  INFO 13272 --- [EShopDemo] [restartedMain] c.cdsc.eshopdemo.EShopDemoApplication    : Started EShopDemoApplication in 4.718 seconds (process running for 1477.576)
2026-04-27T15:36:31.610+05:45  INFO 13272 --- [EShopDemo] [restartedMain] .ConditionEvaluationDeltaLoggingListener : Condition evaluation unchanged
2026-04-27T15:36:53.081+05:45  INFO 13272 --- [EShopDemo] [File Watcher] rtingClassPathChangeChangedEventListener : Restarting due to 2 class path changes (0 additions, 0 deletions, 2 modifications)
2026-04-27T15:36:53.198+05:45  INFO 13272 --- [EShopDemo] [Thread-60] o.s.boot.tomcat.GracefulShutdown         : Commencing graceful shutdown. Waiting for active requests to complete
2026-04-27T15:36:53.274+05:45  INFO 13272 --- [EShopDemo] [tomcat-shutdown] o.s.boot.tomcat.GracefulShutdown         : Graceful shutdown complete
2026-04-27T15:36:53.279+05:45  INFO 13272 --- [EShopDemo] [Thread-60] j.LocalContainerEntityManagerFactoryBean : Closing JPA EntityManagerFactory for persistence unit 'default'
2026-04-27T15:36:53.280+05:45  INFO 13272 --- [EShopDemo] [Thread-60] com.zaxxer.hikari.HikariDataSource       : HikariPool-16 - Shutdown initiated...
2026-04-27T15:36:53.353+05:45  INFO 13272 --- [EShopDemo] [Thread-60] com.zaxxer.hikari.HikariDataSource       : HikariPool-16 - Shutdown completed.
2026-04-27T15:36:53.878+05:45  INFO 13272 --- [EShopDemo] [restartedMain] c.cdsc.eshopdemo.EShopDemoApplication    : Starting EShopDemoApplication using Java 25.0.2 with PID 13272 (E:\CDC_training\EShopDemo\target\classes started by DELL in E:\CDC_training\EShopDemo)
2026-04-27T15:36:53.878+05:45  INFO 13272 --- [EShopDemo] [restartedMain] c.cdsc.eshopdemo.EShopDemoApplication    : The following 1 profile is active: "prod"
2026-04-27T15:36:55.648+05:45  INFO 13272 --- [EShopDemo] [restartedMain] .s.d.r.c.RepositoryConfigurationDelegate : Bootstrapping Spring Data JPA repositories in DEFAULT mode.
2026-04-27T15:36:55.708+05:45  INFO 13272 --- [EShopDemo] [restartedMain] .s.d.r.c.RepositoryConfigurationDelegate : Finished Spring Data repository scanning in 52 ms. Found 2 JPA repository interfaces.
2026-04-27T15:36:56.258+05:45  INFO 13272 --- [EShopDemo] [restartedMain] o.s.boot.tomcat.TomcatWebServer          : Tomcat initialized with port 8080 (http)
2026-04-27T15:36:56.263+05:45  INFO 13272 --- [EShopDemo] [restartedMain] o.apache.catalina.core.StandardService   : Starting service [Tomcat]
2026-04-27T15:36:56.266+05:45  INFO 13272 --- [EShopDemo] [restartedMain] o.apache.catalina.core.StandardEngine    : Starting Servlet engine: [Apache Tomcat/11.0.20]
2026-04-27T15:36:56.647+05:45  INFO 13272 --- [EShopDemo] [restartedMain] b.w.c.s.WebApplicationContextInitializer : Root WebApplicationContext: initialization completed in 2765 ms
2026-04-27T15:36:56.863+05:45  INFO 13272 --- [EShopDemo] [restartedMain] org.hibernate.orm.jpa                    : HHH008540: Processing PersistenceUnitInfo [name: default]
2026-04-27T15:36:56.984+05:45  INFO 13272 --- [EShopDemo] [restartedMain] o.s.o.j.p.SpringPersistenceUnitInfo      : No LoadTimeWeaver setup: ignoring JPA class transformer
2026-04-27T15:36:56.987+05:45  INFO 13272 --- [EShopDemo] [restartedMain] com.zaxxer.hikari.HikariDataSource       : HikariPool-17 - Starting...
2026-04-27T15:36:57.064+05:45  INFO 13272 --- [EShopDemo] [restartedMain] com.zaxxer.hikari.pool.HikariPool        : HikariPool-17 - Added connection com.mysql.cj.jdbc.ConnectionImpl@3e6aa7c0
2026-04-27T15:36:57.065+05:45  INFO 13272 --- [EShopDemo] [restartedMain] com.zaxxer.hikari.HikariDataSource       : HikariPool-17 - Start completed.
2026-04-27T15:36:57.072+05:45  INFO 13272 --- [EShopDemo] [restartedMain] org.hibernate.orm.connections.pooling    : HHH10001005: Database info:
	Database JDBC URL [jdbc:mysql://localhost:3306/prod_eshop_db?createDatabaseIfNotExist=true]
	Database driver: MySQL Connector/J
	Database dialect: MySQLDialect
	Database version: 8.0.35
	Default catalog/schema: prod_eshop_db/undefined
	Autocommit mode: undefined/unknown
	Isolation level: REPEATABLE_READ [default REPEATABLE_READ]
	JDBC fetch size: none
	Pool: DataSourceConnectionProvider
	Minimum pool size: undefined/unknown
	Maximum pool size: undefined/unknown
2026-04-27T15:36:57.658+05:45  INFO 13272 --- [EShopDemo] [restartedMain] org.hibernate.orm.core                   : HHH000489: No JTA platform available (set 'hibernate.transaction.jta.platform' to enable JTA platform integration)
2026-04-27T15:36:57.744+05:45  INFO 13272 --- [EShopDemo] [restartedMain] j.LocalContainerEntityManagerFactoryBean : Initialized JPA EntityManagerFactory for persistence unit 'default'
2026-04-27T15:36:58.052+05:45  WARN 13272 --- [EShopDemo] [restartedMain] JpaBaseConfiguration$JpaWebConfiguration : spring.jpa.open-in-view is enabled by default. Therefore, database queries may be performed during view rendering. Explicitly configure spring.jpa.open-in-view to disable this warning
2026-04-27T15:36:58.229+05:45  WARN 13272 --- [EShopDemo] [restartedMain] ion$DefaultTemplateResolverConfiguration : Cannot find template location: classpath:/templates/ (please add some templates, check your Thymeleaf configuration, or set spring.thymeleaf.check-template-location=false)
2026-04-27T15:36:58.320+05:45  INFO 13272 --- [EShopDemo] [restartedMain] o.s.boot.tomcat.TomcatWebServer          : Tomcat started on port 8080 (http) with context path '/'
2026-04-27T15:36:58.324+05:45  INFO 13272 --- [EShopDemo] [restartedMain] c.cdsc.eshopdemo.EShopDemoApplication    : Started EShopDemoApplication in 4.656 seconds (process running for 1504.291)
2026-04-27T15:36:58.325+05:45  INFO 13272 --- [EShopDemo] [restartedMain] .ConditionEvaluationDeltaLoggingListener : Condition evaluation unchanged
2026-04-27T15:38:27.945+05:45  INFO 13272 --- [EShopDemo] [File Watcher] rtingClassPathChangeChangedEventListener : Restarting due to 1 class path change (1 addition, 0 deletions, 0 modifications)
2026-04-27T15:38:28.235+05:45  INFO 13272 --- [EShopDemo] [Thread-64] o.s.boot.tomcat.GracefulShutdown         : Commencing graceful shutdown. Waiting for active requests to complete
2026-04-27T15:38:28.870+05:45  INFO 13272 --- [EShopDemo] [tomcat-shutdown] o.s.boot.tomcat.GracefulShutdown         : Graceful shutdown complete
2026-04-27T15:38:29.085+05:45  INFO 13272 --- [EShopDemo] [Thread-64] j.LocalContainerEntityManagerFactoryBean : Closing JPA EntityManagerFactory for persistence unit 'default'
2026-04-27T15:38:29.119+05:45  INFO 13272 --- [EShopDemo] [Thread-64] com.zaxxer.hikari.HikariDataSource       : HikariPool-17 - Shutdown initiated...
2026-04-27T15:38:29.191+05:45  INFO 13272 --- [EShopDemo] [Thread-64] com.zaxxer.hikari.HikariDataSource       : HikariPool-17 - Shutdown completed.
2026-04-27T15:38:30.744+05:45  INFO 13272 --- [EShopDemo] [restartedMain] c.cdsc.eshopdemo.EShopDemoApplication    : Starting EShopDemoApplication using Java 25.0.2 with PID 13272 (E:\CDC_training\EShopDemo\target\classes started by DELL in E:\CDC_training\EShopDemo)
2026-04-27T15:38:30.754+05:45  INFO 13272 --- [EShopDemo] [restartedMain] c.cdsc.eshopdemo.EShopDemoApplication    : The following 1 profile is active: "prod"
2026-04-27T15:38:34.335+05:45  INFO 13272 --- [EShopDemo] [restartedMain] .s.d.r.c.RepositoryConfigurationDelegate : Bootstrapping Spring Data JPA repositories in DEFAULT mode.
2026-04-27T15:38:34.539+05:45  INFO 13272 --- [EShopDemo] [restartedMain] .s.d.r.c.RepositoryConfigurationDelegate : Finished Spring Data repository scanning in 144 ms. Found 2 JPA repository interfaces.
2026-04-27T15:38:35.200+05:45  INFO 13272 --- [EShopDemo] [restartedMain] o.s.boot.tomcat.TomcatWebServer          : Tomcat initialized with port 8080 (http)
2026-04-27T15:38:35.206+05:45  INFO 13272 --- [EShopDemo] [restartedMain] o.apache.catalina.core.StandardService   : Starting service [Tomcat]
2026-04-27T15:38:35.207+05:45  INFO 13272 --- [EShopDemo] [restartedMain] o.apache.catalina.core.StandardEngine    : Starting Servlet engine: [Apache Tomcat/11.0.20]
2026-04-27T15:38:36.134+05:45  INFO 13272 --- [EShopDemo] [restartedMain] b.w.c.s.WebApplicationContextInitializer : Root WebApplicationContext: initialization completed in 5254 ms
2026-04-27T15:38:36.358+05:45  INFO 13272 --- [EShopDemo] [restartedMain] org.hibernate.orm.jpa                    : HHH008540: Processing PersistenceUnitInfo [name: default]
2026-04-27T15:38:36.578+05:45  INFO 13272 --- [EShopDemo] [restartedMain] o.s.o.j.p.SpringPersistenceUnitInfo      : No LoadTimeWeaver setup: ignoring JPA class transformer
2026-04-27T15:38:36.581+05:45  INFO 13272 --- [EShopDemo] [restartedMain] com.zaxxer.hikari.HikariDataSource       : HikariPool-18 - Starting...
2026-04-27T15:38:36.687+05:45  INFO 13272 --- [EShopDemo] [restartedMain] com.zaxxer.hikari.pool.HikariPool        : HikariPool-18 - Added connection com.mysql.cj.jdbc.ConnectionImpl@65c1bfb9
2026-04-27T15:38:36.688+05:45  INFO 13272 --- [EShopDemo] [restartedMain] com.zaxxer.hikari.HikariDataSource       : HikariPool-18 - Start completed.
2026-04-27T15:38:36.707+05:45  INFO 13272 --- [EShopDemo] [restartedMain] org.hibernate.orm.connections.pooling    : HHH10001005: Database info:
	Database JDBC URL [jdbc:mysql://localhost:3306/prod_eshop_db?createDatabaseIfNotExist=true]
	Database driver: MySQL Connector/J
	Database dialect: MySQLDialect
	Database version: 8.0.35
	Default catalog/schema: prod_eshop_db/undefined
	Autocommit mode: undefined/unknown
	Isolation level: REPEATABLE_READ [default REPEATABLE_READ]
	JDBC fetch size: none
	Pool: DataSourceConnectionProvider
	Minimum pool size: undefined/unknown
	Maximum pool size: undefined/unknown
2026-04-27T15:38:36.950+05:45  INFO 13272 --- [EShopDemo] [restartedMain] org.hibernate.orm.core                   : HHH000489: No JTA platform available (set 'hibernate.transaction.jta.platform' to enable JTA platform integration)
2026-04-27T15:38:37.063+05:45  INFO 13272 --- [EShopDemo] [restartedMain] j.LocalContainerEntityManagerFactoryBean : Initialized JPA EntityManagerFactory for persistence unit 'default'
2026-04-27T15:38:38.666+05:45  WARN 13272 --- [EShopDemo] [restartedMain] JpaBaseConfiguration$JpaWebConfiguration : spring.jpa.open-in-view is enabled by default. Therefore, database queries may be performed during view rendering. Explicitly configure spring.jpa.open-in-view to disable this warning
2026-04-27T15:38:38.939+05:45  WARN 13272 --- [EShopDemo] [restartedMain] ion$DefaultTemplateResolverConfiguration : Cannot find template location: classpath:/templates/ (please add some templates, check your Thymeleaf configuration, or set spring.thymeleaf.check-template-location=false)
2026-04-27T15:38:39.070+05:45  INFO 13272 --- [EShopDemo] [restartedMain] o.s.boot.tomcat.TomcatWebServer          : Tomcat started on port 8080 (http) with context path '/'
2026-04-27T15:38:39.078+05:45  INFO 13272 --- [EShopDemo] [restartedMain] c.cdsc.eshopdemo.EShopDemoApplication    : Started EShopDemoApplication in 9.006 seconds (process running for 1605.046)
2026-04-27T15:38:39.082+05:45  INFO 13272 --- [EShopDemo] [restartedMain] .ConditionEvaluationDeltaLoggingListener : Condition evaluation unchanged
2026-04-27T15:38:57.977+05:45  INFO 13272 --- [EShopDemo] [File Watcher] rtingClassPathChangeChangedEventListener : Restarting due to 1 class path change (0 additions, 0 deletions, 1 modification)
2026-04-27T15:38:58.129+05:45  INFO 13272 --- [EShopDemo] [Thread-68] o.s.boot.tomcat.GracefulShutdown         : Commencing graceful shutdown. Waiting for active requests to complete
2026-04-27T15:38:58.252+05:45  INFO 13272 --- [EShopDemo] [tomcat-shutdown] o.s.boot.tomcat.GracefulShutdown         : Graceful shutdown complete
2026-04-27T15:38:58.258+05:45  INFO 13272 --- [EShopDemo] [Thread-68] j.LocalContainerEntityManagerFactoryBean : Closing JPA EntityManagerFactory for persistence unit 'default'
2026-04-27T15:38:58.259+05:45  INFO 13272 --- [EShopDemo] [Thread-68] com.zaxxer.hikari.HikariDataSource       : HikariPool-18 - Shutdown initiated...
2026-04-27T15:38:58.365+05:45  INFO 13272 --- [EShopDemo] [Thread-68] com.zaxxer.hikari.HikariDataSource       : HikariPool-18 - Shutdown completed.
2026-04-27T15:38:59.034+05:45  INFO 13272 --- [EShopDemo] [restartedMain] c.cdsc.eshopdemo.EShopDemoApplication    : Starting EShopDemoApplication using Java 25.0.2 with PID 13272 (E:\CDC_training\EShopDemo\target\classes started by DELL in E:\CDC_training\EShopDemo)
2026-04-27T15:38:59.035+05:45  INFO 13272 --- [EShopDemo] [restartedMain] c.cdsc.eshopdemo.EShopDemoApplication    : The following 1 profile is active: "prod"
2026-04-27T15:39:00.977+05:45  INFO 13272 --- [EShopDemo] [restartedMain] .s.d.r.c.RepositoryConfigurationDelegate : Bootstrapping Spring Data JPA repositories in DEFAULT mode.
2026-04-27T15:39:01.197+05:45  INFO 13272 --- [EShopDemo] [restartedMain] .s.d.r.c.RepositoryConfigurationDelegate : Finished Spring Data repository scanning in 214 ms. Found 3 JPA repository interfaces.
2026-04-27T15:39:02.076+05:45  INFO 13272 --- [EShopDemo] [restartedMain] o.s.boot.tomcat.TomcatWebServer          : Tomcat initialized with port 8080 (http)
2026-04-27T15:39:02.079+05:45  INFO 13272 --- [EShopDemo] [restartedMain] o.apache.catalina.core.StandardService   : Starting service [Tomcat]
2026-04-27T15:39:02.079+05:45  INFO 13272 --- [EShopDemo] [restartedMain] o.apache.catalina.core.StandardEngine    : Starting Servlet engine: [Apache Tomcat/11.0.20]
2026-04-27T15:39:03.251+05:45  INFO 13272 --- [EShopDemo] [restartedMain] b.w.c.s.WebApplicationContextInitializer : Root WebApplicationContext: initialization completed in 4210 ms
2026-04-27T15:39:04.530+05:45  INFO 13272 --- [EShopDemo] [restartedMain] org.hibernate.orm.jpa                    : HHH008540: Processing PersistenceUnitInfo [name: default]
2026-04-27T15:39:04.974+05:45  INFO 13272 --- [EShopDemo] [restartedMain] o.s.o.j.p.SpringPersistenceUnitInfo      : No LoadTimeWeaver setup: ignoring JPA class transformer
2026-04-27T15:39:04.977+05:45  INFO 13272 --- [EShopDemo] [restartedMain] com.zaxxer.hikari.HikariDataSource       : HikariPool-19 - Starting...
2026-04-27T15:39:05.085+05:45  INFO 13272 --- [EShopDemo] [restartedMain] com.zaxxer.hikari.pool.HikariPool        : HikariPool-19 - Added connection com.mysql.cj.jdbc.ConnectionImpl@c4f56da
2026-04-27T15:39:05.085+05:45  INFO 13272 --- [EShopDemo] [restartedMain] com.zaxxer.hikari.HikariDataSource       : HikariPool-19 - Start completed.
2026-04-27T15:39:05.098+05:45  INFO 13272 --- [EShopDemo] [restartedMain] org.hibernate.orm.connections.pooling    : HHH10001005: Database info:
	Database JDBC URL [jdbc:mysql://localhost:3306/prod_eshop_db?createDatabaseIfNotExist=true]
	Database driver: MySQL Connector/J
	Database dialect: MySQLDialect
	Database version: 8.0.35
	Default catalog/schema: prod_eshop_db/undefined
	Autocommit mode: undefined/unknown
	Isolation level: REPEATABLE_READ [default REPEATABLE_READ]
	JDBC fetch size: none
	Pool: DataSourceConnectionProvider
	Minimum pool size: undefined/unknown
	Maximum pool size: undefined/unknown
2026-04-27T15:39:05.628+05:45  INFO 13272 --- [EShopDemo] [restartedMain] org.hibernate.orm.core                   : HHH000489: No JTA platform available (set 'hibernate.transaction.jta.platform' to enable JTA platform integration)
2026-04-27T15:39:05.952+05:45  INFO 13272 --- [EShopDemo] [restartedMain] j.LocalContainerEntityManagerFactoryBean : Initialized JPA EntityManagerFactory for persistence unit 'default'
2026-04-27T15:39:06.688+05:45  WARN 13272 --- [EShopDemo] [restartedMain] JpaBaseConfiguration$JpaWebConfiguration : spring.jpa.open-in-view is enabled by default. Therefore, database queries may be performed during view rendering. Explicitly configure spring.jpa.open-in-view to disable this warning
2026-04-27T15:39:07.507+05:45  WARN 13272 --- [EShopDemo] [restartedMain] ion$DefaultTemplateResolverConfiguration : Cannot find template location: classpath:/templates/ (please add some templates, check your Thymeleaf configuration, or set spring.thymeleaf.check-template-location=false)
2026-04-27T15:39:07.795+05:45  WARN 13272 --- [EShopDemo] [restartedMain] ConfigServletWebServerApplicationContext : Exception encountered during context initialization - cancelling refresh attempt: org.springframework.beans.factory.BeanCreationException: Error creating bean with name 'productRepository' defined in com.cdsc.eshopdemo.repository.ProductRepository defined in @EnableJpaRepositories declared on DataJpaRepositoriesRegistrar.EnableJpaRepositoriesConfiguration: Not a managed type: class com.cdsc.eshopdemo.dto.Product
2026-04-27T15:39:07.796+05:45  INFO 13272 --- [EShopDemo] [restartedMain] j.LocalContainerEntityManagerFactoryBean : Closing JPA EntityManagerFactory for persistence unit 'default'
2026-04-27T15:39:07.797+05:45  INFO 13272 --- [EShopDemo] [restartedMain] com.zaxxer.hikari.HikariDataSource       : HikariPool-19 - Shutdown initiated...
2026-04-27T15:39:07.858+05:45  INFO 13272 --- [EShopDemo] [restartedMain] com.zaxxer.hikari.HikariDataSource       : HikariPool-19 - Shutdown completed.
2026-04-27T15:39:07.860+05:45  INFO 13272 --- [EShopDemo] [restartedMain] o.apache.catalina.core.StandardService   : Stopping service [Tomcat]
2026-04-27T15:39:07.869+05:45  INFO 13272 --- [EShopDemo] [restartedMain] .s.b.a.l.ConditionEvaluationReportLogger : 

Error starting ApplicationContext. To display the condition evaluation report re-run your application with 'debug' enabled.
2026-04-27T15:39:07.876+05:45 ERROR 13272 --- [EShopDemo] [restartedMain] o.s.boot.SpringApplication               : Application run failed

org.springframework.beans.factory.BeanCreationException: Error creating bean with name 'productRepository' defined in com.cdsc.eshopdemo.repository.ProductRepository defined in @EnableJpaRepositories declared on DataJpaRepositoriesRegistrar.EnableJpaRepositoriesConfiguration: Not a managed type: class com.cdsc.eshopdemo.dto.Product
	at org.springframework.beans.factory.support.AbstractAutowireCapableBeanFactory.initializeBean(AbstractAutowireCapableBeanFactory.java:1817) ~[spring-beans-7.0.6.jar:7.0.6]
	at org.springframework.beans.factory.support.AbstractAutowireCapableBeanFactory.doCreateBean(AbstractAutowireCapableBeanFactory.java:603) ~[spring-beans-7.0.6.jar:7.0.6]
	at org.springframework.beans.factory.support.AbstractAutowireCapableBeanFactory.createBean(AbstractAutowireCapableBeanFactory.java:525) ~[spring-beans-7.0.6.jar:7.0.6]
	at org.springframework.beans.factory.support.AbstractBeanFactory.lambda$doGetBean$0(AbstractBeanFactory.java:333) ~[spring-beans-7.0.6.jar:7.0.6]
	at org.springframework.beans.factory.support.DefaultSingletonBeanRegistry.getSingleton(DefaultSingletonBeanRegistry.java:371) ~[spring-beans-7.0.6.jar:7.0.6]
	at org.springframework.beans.factory.support.AbstractBeanFactory.doGetBean(AbstractBeanFactory.java:331) ~[spring-beans-7.0.6.jar:7.0.6]
	at org.springframework.beans.factory.support.AbstractBeanFactory.getBean(AbstractBeanFactory.java:196) ~[spring-beans-7.0.6.jar:7.0.6]
	at org.springframework.beans.factory.support.DefaultListableBeanFactory.instantiateSingleton(DefaultListableBeanFactory.java:1212) ~[spring-beans-7.0.6.jar:7.0.6]
	at org.springframework.beans.factory.support.DefaultListableBeanFactory.preInstantiateSingleton(DefaultListableBeanFactory.java:1184) ~[spring-beans-7.0.6.jar:7.0.6]
	at org.springframework.beans.factory.support.DefaultListableBeanFactory.preInstantiateSingletons(DefaultListableBeanFactory.java:1121) ~[spring-beans-7.0.6.jar:7.0.6]
	at org.springframework.context.support.AbstractApplicationContext.finishBeanFactoryInitialization(AbstractApplicationContext.java:994) ~[spring-context-7.0.6.jar:7.0.6]
	at org.springframework.context.support.AbstractApplicationContext.refresh(AbstractApplicationContext.java:621) ~[spring-context-7.0.6.jar:7.0.6]
	at org.springframework.boot.web.server.servlet.context.ServletWebServerApplicationContext.refresh(ServletWebServerApplicationContext.java:143) ~[spring-boot-web-server-4.0.5.jar:4.0.5]
	at org.springframework.boot.SpringApplication.refresh(SpringApplication.java:756) ~[spring-boot-4.0.5.jar:4.0.5]
	at org.springframework.boot.SpringApplication.refreshContext(SpringApplication.java:445) ~[spring-boot-4.0.5.jar:4.0.5]
	at org.springframework.boot.SpringApplication.run(SpringApplication.java:321) ~[spring-boot-4.0.5.jar:4.0.5]
	at org.springframework.boot.SpringApplication.run(SpringApplication.java:1365) ~[spring-boot-4.0.5.jar:4.0.5]
	at org.springframework.boot.SpringApplication.run(SpringApplication.java:1354) ~[spring-boot-4.0.5.jar:4.0.5]
	at com.cdsc.eshopdemo.EShopDemoApplication.main(EShopDemoApplication.java:10) ~[classes/:na]
	at java.base/jdk.internal.reflect.DirectMethodHandleAccessor.invoke(DirectMethodHandleAccessor.java:104) ~[na:na]
	at java.base/java.lang.reflect.Method.invoke(Method.java:565) ~[na:na]
	at org.springframework.boot.devtools.restart.RestartLauncher.run(RestartLauncher.java:52) ~[spring-boot-devtools-4.0.5.jar:4.0.5]
Caused by: java.lang.IllegalArgumentException: Not a managed type: class com.cdsc.eshopdemo.dto.Product
	at org.hibernate.metamodel.model.domain.internal.JpaMetamodelImpl.managedType(JpaMetamodelImpl.java:254) ~[hibernate-core-7.2.7.Final.jar:7.2.7.Final]
	at org.hibernate.metamodel.model.domain.internal.MappingMetamodelImpl.managedType(MappingMetamodelImpl.java:394) ~[hibernate-core-7.2.7.Final.jar:7.2.7.Final]
	at org.hibernate.metamodel.model.domain.internal.MappingMetamodelImpl.managedType(MappingMetamodelImpl.java:85) ~[hibernate-core-7.2.7.Final.jar:7.2.7.Final]
	at org.springframework.data.jpa.repository.support.JpaEntityInformationSupport.getEntityInformation(JpaEntityInformationSupport.java:92) ~[spring-data-jpa-4.0.4.jar:4.0.4]
	at org.springframework.data.jpa.repository.support.JpaEntityInformationSupport.getEntityInformation(JpaEntityInformationSupport.java:73) ~[spring-data-jpa-4.0.4.jar:4.0.4]
	at org.springframework.data.jpa.repository.support.JpaRepositoryFactory.getEntityInformation(JpaRepositoryFactory.java:270) ~[spring-data-jpa-4.0.4.jar:4.0.4]
	at org.springframework.data.jpa.repository.support.JpaRepositoryFactory.getRepositoryFragments(JpaRepositoryFactory.java:300) ~[spring-data-jpa-4.0.4.jar:4.0.4]
	at org.springframework.data.jpa.repository.support.JpaRepositoryFactory.getRepositoryFragments(JpaRepositoryFactory.java:280) ~[spring-data-jpa-4.0.4.jar:4.0.4]
	at org.springframework.data.repository.core.support.RepositoryFactorySupport.lambda$getRepositoryStub$0(RepositoryFactorySupport.java:497) ~[spring-data-commons-4.0.4.jar:4.0.4]
	at java.base/java.util.HashMap.computeIfAbsent(HashMap.java:1229) ~[na:na]
	at org.springframework.data.repository.core.support.RepositoryFactorySupport.getRepositoryStub(RepositoryFactorySupport.java:494) ~[spring-data-commons-4.0.4.jar:4.0.4]
	at org.springframework.data.repository.core.support.RepositoryFactorySupport.getRepository(RepositoryFactorySupport.java:334) ~[spring-data-commons-4.0.4.jar:4.0.4]
	at org.springframework.data.repository.core.support.RepositoryFactoryBeanSupport.lambda$afterPropertiesSet$1(RepositoryFactoryBeanSupport.java:361) ~[spring-data-commons-4.0.4.jar:4.0.4]
	at org.springframework.data.util.Lazy.getNullable(Lazy.java:136) ~[spring-data-commons-4.0.4.jar:4.0.4]
	at org.springframework.data.util.Lazy.get(Lazy.java:114) ~[spring-data-commons-4.0.4.jar:4.0.4]
	at org.springframework.data.repository.core.support.RepositoryFactoryBeanSupport.afterPropertiesSet(RepositoryFactoryBeanSupport.java:370) ~[spring-data-commons-4.0.4.jar:4.0.4]
	at org.springframework.data.jpa.repository.support.JpaRepositoryFactoryBean.afterPropertiesSet(JpaRepositoryFactoryBean.java:212) ~[spring-data-jpa-4.0.4.jar:4.0.4]
	at org.springframework.beans.factory.support.AbstractAutowireCapableBeanFactory.invokeInitMethods(AbstractAutowireCapableBeanFactory.java:1864) ~[spring-beans-7.0.6.jar:7.0.6]
	at org.springframework.beans.factory.support.AbstractAutowireCapableBeanFactory.initializeBean(AbstractAutowireCapableBeanFactory.java:1813) ~[spring-beans-7.0.6.jar:7.0.6]
	... 21 common frames omitted

2026-04-27T15:39:59.317+05:45  INFO 13272 --- [EShopDemo] [restartedMain] c.cdsc.eshopdemo.EShopDemoApplication    : Starting EShopDemoApplication using Java 25.0.2 with PID 13272 (E:\CDC_training\EShopDemo\target\classes started by DELL in E:\CDC_training\EShopDemo)
2026-04-27T15:39:59.328+05:45  INFO 13272 --- [EShopDemo] [restartedMain] c.cdsc.eshopdemo.EShopDemoApplication    : The following 1 profile is active: "prod"
2026-04-27T15:40:05.102+05:45  INFO 13272 --- [EShopDemo] [restartedMain] .s.d.r.c.RepositoryConfigurationDelegate : Bootstrapping Spring Data JPA repositories in DEFAULT mode.
2026-04-27T15:40:05.601+05:45  INFO 13272 --- [EShopDemo] [restartedMain] .s.d.r.c.RepositoryConfigurationDelegate : Finished Spring Data repository scanning in 416 ms. Found 3 JPA repository interfaces.
2026-04-27T15:40:08.429+05:45  INFO 13272 --- [EShopDemo] [restartedMain] o.s.boot.tomcat.TomcatWebServer          : Tomcat initialized with port 8080 (http)
2026-04-27T15:40:08.769+05:45  INFO 13272 --- [EShopDemo] [restartedMain] o.apache.catalina.core.StandardService   : Starting service [Tomcat]
2026-04-27T15:40:08.770+05:45  INFO 13272 --- [EShopDemo] [restartedMain] o.apache.catalina.core.StandardEngine    : Starting Servlet engine: [Apache Tomcat/11.0.20]
2026-04-27T15:40:09.371+05:45  INFO 13272 --- [EShopDemo] [restartedMain] b.w.c.s.WebApplicationContextInitializer : Root WebApplicationContext: initialization completed in 9549 ms
2026-04-27T15:40:16.392+05:45  INFO 13272 --- [EShopDemo] [restartedMain] org.hibernate.orm.jpa                    : HHH008540: Processing PersistenceUnitInfo [name: default]
2026-04-27T15:40:18.045+05:45  INFO 15848 --- [EShopDemo] [main] c.cdsc.eshopdemo.EShopDemoApplication    : Starting EShopDemoApplication using Java 25.0.2 with PID 15848 (E:\CDC_training\EShopDemo\target\classes started by DELL in E:\CDC_training\EShopDemo)
2026-04-27T15:40:18.058+05:45  INFO 15848 --- [EShopDemo] [main] c.cdsc.eshopdemo.EShopDemoApplication    : The following 1 profile is active: "prod"
2026-04-27T15:40:18.157+05:45  INFO 13272 --- [EShopDemo] [restartedMain] o.s.o.j.p.SpringPersistenceUnitInfo      : No LoadTimeWeaver setup: ignoring JPA class transformer
2026-04-27T15:40:18.341+05:45  INFO 13272 --- [EShopDemo] [restartedMain] com.zaxxer.hikari.HikariDataSource       : HikariPool-20 - Starting...
2026-04-27T15:40:19.259+05:45  INFO 13272 --- [EShopDemo] [restartedMain] com.zaxxer.hikari.pool.HikariPool        : HikariPool-20 - Added connection com.mysql.cj.jdbc.ConnectionImpl@7f619513
2026-04-27T15:40:19.262+05:45  INFO 13272 --- [EShopDemo] [restartedMain] com.zaxxer.hikari.HikariDataSource       : HikariPool-20 - Start completed.
2026-04-27T15:40:19.362+05:45  INFO 13272 --- [EShopDemo] [restartedMain] org.hibernate.orm.connections.pooling    : HHH10001005: Database info:
	Database JDBC URL [jdbc:mysql://localhost:3306/prod_eshop_db?createDatabaseIfNotExist=true]
	Database driver: MySQL Connector/J
	Database dialect: MySQLDialect
	Database version: 8.0.35
	Default catalog/schema: prod_eshop_db/undefined
	Autocommit mode: undefined/unknown
	Isolation level: REPEATABLE_READ [default REPEATABLE_READ]
	JDBC fetch size: none
	Pool: DataSourceConnectionProvider
	Minimum pool size: undefined/unknown
	Maximum pool size: undefined/unknown
2026-04-27T15:40:23.873+05:45  INFO 13272 --- [EShopDemo] [restartedMain] org.hibernate.orm.core                   : HHH000489: No JTA platform available (set 'hibernate.transaction.jta.platform' to enable JTA platform integration)
2026-04-27T15:40:24.285+05:45  INFO 13272 --- [EShopDemo] [restartedMain] j.LocalContainerEntityManagerFactoryBean : Initialized JPA EntityManagerFactory for persistence unit 'default'
2026-04-27T15:40:26.692+05:45  WARN 13272 --- [EShopDemo] [restartedMain] JpaBaseConfiguration$JpaWebConfiguration : spring.jpa.open-in-view is enabled by default. Therefore, database queries may be performed during view rendering. Explicitly configure spring.jpa.open-in-view to disable this warning
2026-04-27T15:40:27.710+05:45  WARN 13272 --- [EShopDemo] [restartedMain] ion$DefaultTemplateResolverConfiguration : Cannot find template location: classpath:/templates/ (please add some templates, check your Thymeleaf configuration, or set spring.thymeleaf.check-template-location=false)
2026-04-27T15:40:27.930+05:45  WARN 13272 --- [EShopDemo] [restartedMain] ConfigServletWebServerApplicationContext : Exception encountered during context initialization - cancelling refresh attempt: org.springframework.beans.factory.BeanCreationException: Error creating bean with name 'productRepository' defined in com.cdsc.eshopdemo.repository.ProductRepository defined in @EnableJpaRepositories declared on DataJpaRepositoriesRegistrar.EnableJpaRepositoriesConfiguration: Not a managed type: class com.cdsc.eshopdemo.dto.Product
2026-04-27T15:40:27.932+05:45  INFO 13272 --- [EShopDemo] [restartedMain] j.LocalContainerEntityManagerFactoryBean : Closing JPA EntityManagerFactory for persistence unit 'default'
2026-04-27T15:40:27.984+05:45  INFO 13272 --- [EShopDemo] [restartedMain] com.zaxxer.hikari.HikariDataSource       : HikariPool-20 - Shutdown initiated...
2026-04-27T15:40:31.852+05:45  INFO 15848 --- [EShopDemo] [main] .s.d.r.c.RepositoryConfigurationDelegate : Bootstrapping Spring Data JPA repositories in DEFAULT mode.
2026-04-27T15:40:32.728+05:45  INFO 15848 --- [EShopDemo] [main] .s.d.r.c.RepositoryConfigurationDelegate : Finished Spring Data repository scanning in 754 ms. Found 3 JPA repository interfaces.
2026-04-27T15:40:28.037+05:45  INFO 13272 --- [EShopDemo] [restartedMain] com.zaxxer.hikari.HikariDataSource       : HikariPool-20 - Shutdown completed.
2026-04-27T15:40:36.101+05:45  INFO 13272 --- [EShopDemo] [restartedMain] o.apache.catalina.core.StandardService   : Stopping service [Tomcat]
2026-04-27T15:40:36.150+05:45  INFO 13272 --- [EShopDemo] [restartedMain] .s.b.a.l.ConditionEvaluationReportLogger : 

Error starting ApplicationContext. To display the condition evaluation report re-run your application with 'debug' enabled.
2026-04-27T15:40:36.165+05:45 ERROR 13272 --- [EShopDemo] [restartedMain] o.s.boot.SpringApplication               : Application run failed

org.springframework.beans.factory.BeanCreationException: Error creating bean with name 'productRepository' defined in com.cdsc.eshopdemo.repository.ProductRepository defined in @EnableJpaRepositories declared on DataJpaRepositoriesRegistrar.EnableJpaRepositoriesConfiguration: Not a managed type: class com.cdsc.eshopdemo.dto.Product
	at org.springframework.beans.factory.support.AbstractAutowireCapableBeanFactory.initializeBean(AbstractAutowireCapableBeanFactory.java:1817) ~[spring-beans-7.0.6.jar:7.0.6]
	at org.springframework.beans.factory.support.AbstractAutowireCapableBeanFactory.doCreateBean(AbstractAutowireCapableBeanFactory.java:603) ~[spring-beans-7.0.6.jar:7.0.6]
	at org.springframework.beans.factory.support.AbstractAutowireCapableBeanFactory.createBean(AbstractAutowireCapableBeanFactory.java:525) ~[spring-beans-7.0.6.jar:7.0.6]
	at org.springframework.beans.factory.support.AbstractBeanFactory.lambda$doGetBean$0(AbstractBeanFactory.java:333) ~[spring-beans-7.0.6.jar:7.0.6]
	at org.springframework.beans.factory.support.DefaultSingletonBeanRegistry.getSingleton(DefaultSingletonBeanRegistry.java:371) ~[spring-beans-7.0.6.jar:7.0.6]
	at org.springframework.beans.factory.support.AbstractBeanFactory.doGetBean(AbstractBeanFactory.java:331) ~[spring-beans-7.0.6.jar:7.0.6]
	at org.springframework.beans.factory.support.AbstractBeanFactory.getBean(AbstractBeanFactory.java:196) ~[spring-beans-7.0.6.jar:7.0.6]
	at org.springframework.beans.factory.support.DefaultListableBeanFactory.instantiateSingleton(DefaultListableBeanFactory.java:1212) ~[spring-beans-7.0.6.jar:7.0.6]
	at org.springframework.beans.factory.support.DefaultListableBeanFactory.preInstantiateSingleton(DefaultListableBeanFactory.java:1184) ~[spring-beans-7.0.6.jar:7.0.6]
	at org.springframework.beans.factory.support.DefaultListableBeanFactory.preInstantiateSingletons(DefaultListableBeanFactory.java:1121) ~[spring-beans-7.0.6.jar:7.0.6]
	at org.springframework.context.support.AbstractApplicationContext.finishBeanFactoryInitialization(AbstractApplicationContext.java:994) ~[spring-context-7.0.6.jar:7.0.6]
	at org.springframework.context.support.AbstractApplicationContext.refresh(AbstractApplicationContext.java:621) ~[spring-context-7.0.6.jar:7.0.6]
	at org.springframework.boot.web.server.servlet.context.ServletWebServerApplicationContext.refresh(ServletWebServerApplicationContext.java:143) ~[spring-boot-web-server-4.0.5.jar:4.0.5]
	at org.springframework.boot.SpringApplication.refresh(SpringApplication.java:756) ~[spring-boot-4.0.5.jar:4.0.5]
	at org.springframework.boot.SpringApplication.refreshContext(SpringApplication.java:445) ~[spring-boot-4.0.5.jar:4.0.5]
	at org.springframework.boot.SpringApplication.run(SpringApplication.java:321) ~[spring-boot-4.0.5.jar:4.0.5]
	at org.springframework.boot.SpringApplication.run(SpringApplication.java:1365) ~[spring-boot-4.0.5.jar:4.0.5]
	at org.springframework.boot.SpringApplication.run(SpringApplication.java:1354) ~[spring-boot-4.0.5.jar:4.0.5]
	at com.cdsc.eshopdemo.EShopDemoApplication.main(EShopDemoApplication.java:10) ~[classes/:na]
	at java.base/jdk.internal.reflect.DirectMethodHandleAccessor.invoke(DirectMethodHandleAccessor.java:104) ~[na:na]
	at java.base/java.lang.reflect.Method.invoke(Method.java:565) ~[na:na]
	at org.springframework.boot.devtools.restart.RestartLauncher.run(RestartLauncher.java:52) ~[spring-boot-devtools-4.0.5.jar:4.0.5]
Caused by: java.lang.IllegalArgumentException: Not a managed type: class com.cdsc.eshopdemo.dto.Product
	at org.hibernate.metamodel.model.domain.internal.JpaMetamodelImpl.managedType(JpaMetamodelImpl.java:254) ~[hibernate-core-7.2.7.Final.jar:7.2.7.Final]
	at org.hibernate.metamodel.model.domain.internal.MappingMetamodelImpl.managedType(MappingMetamodelImpl.java:394) ~[hibernate-core-7.2.7.Final.jar:7.2.7.Final]
	at org.hibernate.metamodel.model.domain.internal.MappingMetamodelImpl.managedType(MappingMetamodelImpl.java:85) ~[hibernate-core-7.2.7.Final.jar:7.2.7.Final]
	at org.springframework.data.jpa.repository.support.JpaEntityInformationSupport.getEntityInformation(JpaEntityInformationSupport.java:92) ~[spring-data-jpa-4.0.4.jar:4.0.4]
	at org.springframework.data.jpa.repository.support.JpaEntityInformationSupport.getEntityInformation(JpaEntityInformationSupport.java:73) ~[spring-data-jpa-4.0.4.jar:4.0.4]
	at org.springframework.data.jpa.repository.support.JpaRepositoryFactory.getEntityInformation(JpaRepositoryFactory.java:270) ~[spring-data-jpa-4.0.4.jar:4.0.4]
	at org.springframework.data.jpa.repository.support.JpaRepositoryFactory.getRepositoryFragments(JpaRepositoryFactory.java:300) ~[spring-data-jpa-4.0.4.jar:4.0.4]
	at org.springframework.data.jpa.repository.support.JpaRepositoryFactory.getRepositoryFragments(JpaRepositoryFactory.java:280) ~[spring-data-jpa-4.0.4.jar:4.0.4]
	at org.springframework.data.repository.core.support.RepositoryFactorySupport.lambda$getRepositoryStub$0(RepositoryFactorySupport.java:497) ~[spring-data-commons-4.0.4.jar:4.0.4]
	at java.base/java.util.HashMap.computeIfAbsent(HashMap.java:1229) ~[na:na]
	at org.springframework.data.repository.core.support.RepositoryFactorySupport.getRepositoryStub(RepositoryFactorySupport.java:494) ~[spring-data-commons-4.0.4.jar:4.0.4]
	at org.springframework.data.repository.core.support.RepositoryFactorySupport.getRepository(RepositoryFactorySupport.java:334) ~[spring-data-commons-4.0.4.jar:4.0.4]
	at org.springframework.data.repository.core.support.RepositoryFactoryBeanSupport.lambda$afterPropertiesSet$1(RepositoryFactoryBeanSupport.java:361) ~[spring-data-commons-4.0.4.jar:4.0.4]
	at org.springframework.data.util.Lazy.getNullable(Lazy.java:136) ~[spring-data-commons-4.0.4.jar:4.0.4]
	at org.springframework.data.util.Lazy.get(Lazy.java:114) ~[spring-data-commons-4.0.4.jar:4.0.4]
	at org.springframework.data.repository.core.support.RepositoryFactoryBeanSupport.afterPropertiesSet(RepositoryFactoryBeanSupport.java:370) ~[spring-data-commons-4.0.4.jar:4.0.4]
	at org.springframework.data.jpa.repository.support.JpaRepositoryFactoryBean.afterPropertiesSet(JpaRepositoryFactoryBean.java:212) ~[spring-data-jpa-4.0.4.jar:4.0.4]
	at org.springframework.beans.factory.support.AbstractAutowireCapableBeanFactory.invokeInitMethods(AbstractAutowireCapableBeanFactory.java:1864) ~[spring-beans-7.0.6.jar:7.0.6]
	at org.springframework.beans.factory.support.AbstractAutowireCapableBeanFactory.initializeBean(AbstractAutowireCapableBeanFactory.java:1813) ~[spring-beans-7.0.6.jar:7.0.6]
	... 21 common frames omitted

2026-04-27T15:40:48.293+05:45  INFO 15848 --- [EShopDemo] [main] org.hibernate.orm.jpa                    : HHH008540: Processing PersistenceUnitInfo [name: AotMetamodel]
2026-04-27T15:40:49.228+05:45  INFO 15848 --- [EShopDemo] [main] org.hibernate.orm.core                   : HHH000001: Hibernate ORM core version 7.2.7.Final
2026-04-27T15:40:51.454+05:45  INFO 14280 --- [EShopDemo] [main] c.cdsc.eshopdemo.EShopDemoApplication    : Starting EShopDemoApplication using Java 25.0.2 with PID 14280 (E:\CDC_training\EShopDemo\target\classes started by DELL in E:\CDC_training\EShopDemo)
2026-04-27T15:40:51.483+05:45  INFO 14280 --- [EShopDemo] [main] c.cdsc.eshopdemo.EShopDemoApplication    : The following 1 profile is active: "prod"
2026-04-27T15:40:58.043+05:45  INFO 15848 --- [EShopDemo] [main] o.s.o.j.p.SpringPersistenceUnitInfo      : No LoadTimeWeaver setup: ignoring JPA class transformer
2026-04-27T15:40:58.399+05:45  INFO 15848 --- [EShopDemo] [main] org.hibernate.orm.connections.pooling    : HHH10001005: Database info:
	Database JDBC URL [undefined/unknown]
	Database driver: undefined/unknown
	Database dialect: SpringDataJpaAotDialect
	Database version: 0.0
	Default catalog/schema: unknown/unknown
	Autocommit mode: undefined/unknown
	Isolation level: <unknown>
	JDBC fetch size: undefined/unknown
	Pool: undefined/unknown
	Minimum pool size: undefined/unknown
	Maximum pool size: undefined/unknown
2026-04-27T15:41:00.360+05:45  INFO 11884 --- [EShopDemo] [main] c.cdsc.eshopdemo.EShopDemoApplication    : Starting EShopDemoApplication using Java 25.0.2 with PID 11884 (E:\CDC_training\EShopDemo\target\classes started by DELL in E:\CDC_training\EShopDemo)
2026-04-27T15:41:00.371+05:45  INFO 11884 --- [EShopDemo] [main] c.cdsc.eshopdemo.EShopDemoApplication    : The following 1 profile is active: "prod"
2026-04-27T15:41:03.598+05:45  INFO 14280 --- [EShopDemo] [main] .s.d.r.c.RepositoryConfigurationDelegate : Bootstrapping Spring Data JPA repositories in DEFAULT mode.
2026-04-27T15:41:05.696+05:45  INFO 14280 --- [EShopDemo] [main] .s.d.r.c.RepositoryConfigurationDelegate : Finished Spring Data repository scanning in 1878 ms. Found 3 JPA repository interfaces.
2026-04-27T15:41:11.021+05:45  INFO 15848 --- [EShopDemo] [main] org.hibernate.orm.core                   : HHH000489: No JTA platform available (set 'hibernate.transaction.jta.platform' to enable JTA platform integration)
2026-04-27T15:41:13.453+05:45  INFO 11884 --- [EShopDemo] [main] .s.d.r.c.RepositoryConfigurationDelegate : Bootstrapping Spring Data JPA repositories in DEFAULT mode.
2026-04-27T15:41:14.601+05:45  INFO 11884 --- [EShopDemo] [main] .s.d.r.c.RepositoryConfigurationDelegate : Finished Spring Data repository scanning in 731 ms. Found 3 JPA repository interfaces.
2026-04-27T15:41:17.655+05:45  INFO 15848 --- [EShopDemo] [main] o.s.d.j.r.query.QueryEnhancerFactories   : Hibernate is in classpath; If applicable, HQL parser will be used.
2026-04-27T15:41:19.734+05:45  INFO 14280 --- [EShopDemo] [main] org.hibernate.orm.jpa                    : HHH008540: Processing PersistenceUnitInfo [name: AotMetamodel]
2026-04-27T15:41:20.690+05:45  INFO 14280 --- [EShopDemo] [main] org.hibernate.orm.core                   : HHH000001: Hibernate ORM core version 7.2.7.Final
2026-04-27T15:41:20.743+05:45 ERROR 15848 --- [EShopDemo] [main] o.s.d.r.a.generate.AotRepositoryCreator  : Failed to contribute Repository method [com.cdsc.eshopdemo.repository.ProductRepository.findByCategory(com.cdsc.eshopdemo.entity.Category,org.springframework.data.domain.Pageable)]

java.lang.IllegalArgumentException: Not a managed type: class com.cdsc.eshopdemo.dto.Product
	at org.hibernate.metamodel.model.domain.internal.JpaMetamodelImpl.managedType(JpaMetamodelImpl.java:254) ~[hibernate-core-7.2.7.Final.jar:7.2.7.Final]
	at org.hibernate.metamodel.model.domain.internal.MappingMetamodelImpl.managedType(MappingMetamodelImpl.java:394) ~[hibernate-core-7.2.7.Final.jar:7.2.7.Final]
	at org.hibernate.metamodel.model.domain.internal.MappingMetamodelImpl.managedType(MappingMetamodelImpl.java:85) ~[hibernate-core-7.2.7.Final.jar:7.2.7.Final]
	at org.springframework.data.jpa.repository.support.JpaEntityInformationSupport.getEntityInformation(JpaEntityInformationSupport.java:92) ~[spring-data-jpa-4.0.4.jar:4.0.4]
	at org.springframework.data.jpa.repository.aot.JpaRepositoryContributor.contributeQueryMethod(JpaRepositoryContributor.java:157) ~[spring-data-jpa-4.0.4.jar:4.0.4]
	at org.springframework.data.repository.aot.generate.AotRepositoryCreator.contributeMethod(AotRepositoryCreator.java:292) ~[spring-data-commons-4.0.4.jar:4.0.4]
	at org.springframework.data.repository.aot.generate.AotRepositoryCreator.lambda$contributeMethods$1(AotRepositoryCreator.java:238) ~[spring-data-commons-4.0.4.jar:4.0.4]
	at java.base/java.util.stream.ForEachOps$ForEachOp$OfRef.accept(ForEachOps.java:186) ~[na:na]
	at java.base/java.util.stream.SortedOps$SizedRefSortingSink.end(SortedOps.java:357) ~[na:na]
	at java.base/java.util.stream.AbstractPipeline.copyInto(AbstractPipeline.java:571) ~[na:na]
	at java.base/java.util.stream.AbstractPipeline.wrapAndCopyInto(AbstractPipeline.java:560) ~[na:na]
	at java.base/java.util.stream.ForEachOps$ForEachOp.evaluateSequential(ForEachOps.java:153) ~[na:na]
	at java.base/java.util.stream.ForEachOps$ForEachOp$OfRef.evaluateSequential(ForEachOps.java:176) ~[na:na]
	at java.base/java.util.stream.AbstractPipeline.evaluate(AbstractPipeline.java:265) ~[na:na]
	at java.base/java.util.stream.ReferencePipeline.forEach(ReferencePipeline.java:632) ~[na:na]
	at org.springframework.data.repository.aot.generate.AotRepositoryCreator.contributeMethods(AotRepositoryCreator.java:235) ~[spring-data-commons-4.0.4.jar:4.0.4]
	at org.springframework.data.repository.aot.generate.RepositoryContributor.contribute(RepositoryContributor.java:121) ~[spring-data-commons-4.0.4.jar:4.0.4]
	at org.springframework.data.repository.config.RepositoryRegistrationAotContribution.applyTo(RepositoryRegistrationAotContribution.java:66) ~[spring-data-commons-4.0.4.jar:4.0.4]
	at org.springframework.beans.factory.aot.BeanDefinitionMethodGenerator.lambda$generateBeanDefinitionMethod$0(BeanDefinitionMethodGenerator.java:165) ~[spring-beans-7.0.6.jar:7.0.6]
	at java.base/java.util.ArrayList.forEach(ArrayList.java:1604) ~[na:na]
	at org.springframework.beans.factory.aot.BeanDefinitionMethodGenerator.generateBeanDefinitionMethod(BeanDefinitionMethodGenerator.java:165) ~[spring-beans-7.0.6.jar:7.0.6]
	at org.springframework.beans.factory.aot.BeanDefinitionMethodGenerator.generateBeanDefinitionMethod(BeanDefinitionMethodGenerator.java:89) ~[spring-beans-7.0.6.jar:7.0.6]
	at org.springframework.beans.factory.aot.BeanRegistrationsAotContribution$BeanDefinitionsRegistrationGenerator.generateBeanRegistration(BeanRegistrationsAotContribution.java:289) ~[spring-beans-7.0.6.jar:7.0.6]
	at org.springframework.beans.factory.aot.BeanRegistrationsAotContribution$BeanDefinitionsRegistrationGenerator.lambda$generateRegisterBeanDefinitionMethods$0(BeanRegistrationsAotContribution.java:272) ~[spring-beans-7.0.6.jar:7.0.6]
	at java.base/java.lang.Iterable.forEach(Iterable.java:75) ~[na:na]
	at org.springframework.beans.factory.aot.BeanRegistrationsAotContribution$BeanDefinitionsRegistrationGenerator.generateRegisterBeanDefinitionMethods(BeanRegistrationsAotContribution.java:270) ~[spring-beans-7.0.6.jar:7.0.6]
	at org.springframework.beans.factory.aot.BeanRegistrationsAotContribution$BeanDefinitionsRegistrationGenerator.generateBeanRegistrationsCode(BeanRegistrationsAotContribution.java:238) ~[spring-beans-7.0.6.jar:7.0.6]
	at org.springframework.beans.factory.aot.BeanRegistrationsAotContribution.lambda$generateBeanRegistrationClass$0(BeanRegistrationsAotContribution.java:116) ~[spring-beans-7.0.6.jar:7.0.6]
	at org.springframework.aot.generate.GeneratedMethod.<init>(GeneratedMethod.java:54) ~[spring-core-7.0.6.jar:7.0.6]
	at org.springframework.aot.generate.GeneratedMethods.add(GeneratedMethods.java:112) ~[spring-core-7.0.6.jar:7.0.6]
	at org.springframework.aot.generate.GeneratedMethods.add(GeneratedMethods.java:89) ~[spring-core-7.0.6.jar:7.0.6]
	at org.springframework.beans.factory.aot.BeanRegistrationsAotContribution.generateBeanRegistrationClass(BeanRegistrationsAotContribution.java:110) ~[spring-beans-7.0.6.jar:7.0.6]
	at org.springframework.beans.factory.aot.BeanRegistrationsAotContribution.generateBeanRegistrationCode(BeanRegistrationsAotContribution.java:88) ~[spring-beans-7.0.6.jar:7.0.6]
	at org.springframework.beans.factory.aot.BeanRegistrationsAotContribution.applyTo(BeanRegistrationsAotContribution.java:77) ~[spring-beans-7.0.6.jar:7.0.6]
	at org.springframework.context.aot.BeanFactoryInitializationAotContributions.applyTo(BeanFactoryInitializationAotContributions.java:94) ~[spring-context-7.0.6.jar:7.0.6]
	at org.springframework.context.aot.ApplicationContextAotGenerator.lambda$processAheadOfTime$0(ApplicationContextAotGenerator.java:59) ~[spring-context-7.0.6.jar:7.0.6]
	at org.springframework.context.aot.ApplicationContextAotGenerator.withCglibClassHandler(ApplicationContextAotGenerator.java:68) ~[spring-context-7.0.6.jar:7.0.6]
	at org.springframework.context.aot.ApplicationContextAotGenerator.processAheadOfTime(ApplicationContextAotGenerator.java:54) ~[spring-context-7.0.6.jar:7.0.6]
	at org.springframework.context.aot.ContextAotProcessor.performAotProcessing(ContextAotProcessor.java:107) ~[spring-context-7.0.6.jar:7.0.6]
	at org.springframework.context.aot.ContextAotProcessor.doProcess(ContextAotProcessor.java:84) ~[spring-context-7.0.6.jar:7.0.6]
	at org.springframework.context.aot.ContextAotProcessor.doProcess(ContextAotProcessor.java:49) ~[spring-context-7.0.6.jar:7.0.6]
	at org.springframework.context.aot.AbstractAotProcessor.process(AbstractAotProcessor.java:84) ~[spring-context-7.0.6.jar:7.0.6]
	at org.springframework.boot.SpringApplicationAotProcessor.main(SpringApplicationAotProcessor.java:96) ~[spring-boot-4.0.5.jar:4.0.5]

2026-04-27T15:41:21.492+05:45 ERROR 15848 --- [EShopDemo] [main] o.s.d.r.a.generate.AotRepositoryCreator  : Failed to contribute Repository method [com.cdsc.eshopdemo.repository.ProductRepository.findByLiveTrue(org.springframework.data.domain.Pageable)]

java.lang.IllegalArgumentException: Not a managed type: class com.cdsc.eshopdemo.dto.Product
	at org.hibernate.metamodel.model.domain.internal.JpaMetamodelImpl.managedType(JpaMetamodelImpl.java:254) ~[hibernate-core-7.2.7.Final.jar:7.2.7.Final]
	at org.hibernate.metamodel.model.domain.internal.MappingMetamodelImpl.managedType(MappingMetamodelImpl.java:394) ~[hibernate-core-7.2.7.Final.jar:7.2.7.Final]
	at org.hibernate.metamodel.model.domain.internal.MappingMetamodelImpl.managedType(MappingMetamodelImpl.java:85) ~[hibernate-core-7.2.7.Final.jar:7.2.7.Final]
	at org.springframework.data.jpa.repository.support.JpaEntityInformationSupport.getEntityInformation(JpaEntityInformationSupport.java:92) ~[spring-data-jpa-4.0.4.jar:4.0.4]
	at org.springframework.data.jpa.repository.aot.JpaRepositoryContributor.contributeQueryMethod(JpaRepositoryContributor.java:157) ~[spring-data-jpa-4.0.4.jar:4.0.4]
	at org.springframework.data.repository.aot.generate.AotRepositoryCreator.contributeMethod(AotRepositoryCreator.java:292) ~[spring-data-commons-4.0.4.jar:4.0.4]
	at org.springframework.data.repository.aot.generate.AotRepositoryCreator.lambda$contributeMethods$1(AotRepositoryCreator.java:238) ~[spring-data-commons-4.0.4.jar:4.0.4]
	at java.base/java.util.stream.ForEachOps$ForEachOp$OfRef.accept(ForEachOps.java:186) ~[na:na]
	at java.base/java.util.stream.SortedOps$SizedRefSortingSink.end(SortedOps.java:357) ~[na:na]
	at java.base/java.util.stream.AbstractPipeline.copyInto(AbstractPipeline.java:571) ~[na:na]
	at java.base/java.util.stream.AbstractPipeline.wrapAndCopyInto(AbstractPipeline.java:560) ~[na:na]
	at java.base/java.util.stream.ForEachOps$ForEachOp.evaluateSequential(ForEachOps.java:153) ~[na:na]
	at java.base/java.util.stream.ForEachOps$ForEachOp$OfRef.evaluateSequential(ForEachOps.java:176) ~[na:na]
	at java.base/java.util.stream.AbstractPipeline.evaluate(AbstractPipeline.java:265) ~[na:na]
	at java.base/java.util.stream.ReferencePipeline.forEach(ReferencePipeline.java:632) ~[na:na]
	at org.springframework.data.repository.aot.generate.AotRepositoryCreator.contributeMethods(AotRepositoryCreator.java:235) ~[spring-data-commons-4.0.4.jar:4.0.4]
	at org.springframework.data.repository.aot.generate.RepositoryContributor.contribute(RepositoryContributor.java:121) ~[spring-data-commons-4.0.4.jar:4.0.4]
	at org.springframework.data.repository.config.RepositoryRegistrationAotContribution.applyTo(RepositoryRegistrationAotContribution.java:66) ~[spring-data-commons-4.0.4.jar:4.0.4]
	at org.springframework.beans.factory.aot.BeanDefinitionMethodGenerator.lambda$generateBeanDefinitionMethod$0(BeanDefinitionMethodGenerator.java:165) ~[spring-beans-7.0.6.jar:7.0.6]
	at java.base/java.util.ArrayList.forEach(ArrayList.java:1604) ~[na:na]
	at org.springframework.beans.factory.aot.BeanDefinitionMethodGenerator.generateBeanDefinitionMethod(BeanDefinitionMethodGenerator.java:165) ~[spring-beans-7.0.6.jar:7.0.6]
	at org.springframework.beans.factory.aot.BeanDefinitionMethodGenerator.generateBeanDefinitionMethod(BeanDefinitionMethodGenerator.java:89) ~[spring-beans-7.0.6.jar:7.0.6]
	at org.springframework.beans.factory.aot.BeanRegistrationsAotContribution$BeanDefinitionsRegistrationGenerator.generateBeanRegistration(BeanRegistrationsAotContribution.java:289) ~[spring-beans-7.0.6.jar:7.0.6]
	at org.springframework.beans.factory.aot.BeanRegistrationsAotContribution$BeanDefinitionsRegistrationGenerator.lambda$generateRegisterBeanDefinitionMethods$0(BeanRegistrationsAotContribution.java:272) ~[spring-beans-7.0.6.jar:7.0.6]
	at java.base/java.lang.Iterable.forEach(Iterable.java:75) ~[na:na]
	at org.springframework.beans.factory.aot.BeanRegistrationsAotContribution$BeanDefinitionsRegistrationGenerator.generateRegisterBeanDefinitionMethods(BeanRegistrationsAotContribution.java:270) ~[spring-beans-7.0.6.jar:7.0.6]
	at org.springframework.beans.factory.aot.BeanRegistrationsAotContribution$BeanDefinitionsRegistrationGenerator.generateBeanRegistrationsCode(BeanRegistrationsAotContribution.java:238) ~[spring-beans-7.0.6.jar:7.0.6]
	at org.springframework.beans.factory.aot.BeanRegistrationsAotContribution.lambda$generateBeanRegistrationClass$0(BeanRegistrationsAotContribution.java:116) ~[spring-beans-7.0.6.jar:7.0.6]
	at org.springframework.aot.generate.GeneratedMethod.<init>(GeneratedMethod.java:54) ~[spring-core-7.0.6.jar:7.0.6]
	at org.springframework.aot.generate.GeneratedMethods.add(GeneratedMethods.java:112) ~[spring-core-7.0.6.jar:7.0.6]
	at org.springframework.aot.generate.GeneratedMethods.add(GeneratedMethods.java:89) ~[spring-core-7.0.6.jar:7.0.6]
	at org.springframework.beans.factory.aot.BeanRegistrationsAotContribution.generateBeanRegistrationClass(BeanRegistrationsAotContribution.java:110) ~[spring-beans-7.0.6.jar:7.0.6]
	at org.springframework.beans.factory.aot.BeanRegistrationsAotContribution.generateBeanRegistrationCode(BeanRegistrationsAotContribution.java:88) ~[spring-beans-7.0.6.jar:7.0.6]
	at org.springframework.beans.factory.aot.BeanRegistrationsAotContribution.applyTo(BeanRegistrationsAotContribution.java:77) ~[spring-beans-7.0.6.jar:7.0.6]
	at org.springframework.context.aot.BeanFactoryInitializationAotContributions.applyTo(BeanFactoryInitializationAotContributions.java:94) ~[spring-context-7.0.6.jar:7.0.6]
	at org.springframework.context.aot.ApplicationContextAotGenerator.lambda$processAheadOfTime$0(ApplicationContextAotGenerator.java:59) ~[spring-context-7.0.6.jar:7.0.6]
	at org.springframework.context.aot.ApplicationContextAotGenerator.withCglibClassHandler(ApplicationContextAotGenerator.java:68) ~[spring-context-7.0.6.jar:7.0.6]
	at org.springframework.context.aot.ApplicationContextAotGenerator.processAheadOfTime(ApplicationContextAotGenerator.java:54) ~[spring-context-7.0.6.jar:7.0.6]
	at org.springframework.context.aot.ContextAotProcessor.performAotProcessing(ContextAotProcessor.java:107) ~[spring-context-7.0.6.jar:7.0.6]
	at org.springframework.context.aot.ContextAotProcessor.doProcess(ContextAotProcessor.java:84) ~[spring-context-7.0.6.jar:7.0.6]
	at org.springframework.context.aot.ContextAotProcessor.doProcess(ContextAotProcessor.java:49) ~[spring-context-7.0.6.jar:7.0.6]
	at org.springframework.context.aot.AbstractAotProcessor.process(AbstractAotProcessor.java:84) ~[spring-context-7.0.6.jar:7.0.6]
	at org.springframework.boot.SpringApplicationAotProcessor.main(SpringApplicationAotProcessor.java:96) ~[spring-boot-4.0.5.jar:4.0.5]

2026-04-27T15:41:21.955+05:45 ERROR 15848 --- [EShopDemo] [main] o.s.d.r.a.generate.AotRepositoryCreator  : Failed to contribute Repository method [com.cdsc.eshopdemo.repository.ProductRepository.findByTitleContaining(java.lang.String,org.springframework.data.domain.Pageable)]

java.lang.IllegalArgumentException: Not a managed type: class com.cdsc.eshopdemo.dto.Product
	at org.hibernate.metamodel.model.domain.internal.JpaMetamodelImpl.managedType(JpaMetamodelImpl.java:254) ~[hibernate-core-7.2.7.Final.jar:7.2.7.Final]
	at org.hibernate.metamodel.model.domain.internal.MappingMetamodelImpl.managedType(MappingMetamodelImpl.java:394) ~[hibernate-core-7.2.7.Final.jar:7.2.7.Final]
	at org.hibernate.metamodel.model.domain.internal.MappingMetamodelImpl.managedType(MappingMetamodelImpl.java:85) ~[hibernate-core-7.2.7.Final.jar:7.2.7.Final]
	at org.springframework.data.jpa.repository.support.JpaEntityInformationSupport.getEntityInformation(JpaEntityInformationSupport.java:92) ~[spring-data-jpa-4.0.4.jar:4.0.4]
	at org.springframework.data.jpa.repository.aot.JpaRepositoryContributor.contributeQueryMethod(JpaRepositoryContributor.java:157) ~[spring-data-jpa-4.0.4.jar:4.0.4]
	at org.springframework.data.repository.aot.generate.AotRepositoryCreator.contributeMethod(AotRepositoryCreator.java:292) ~[spring-data-commons-4.0.4.jar:4.0.4]
	at org.springframework.data.repository.aot.generate.AotRepositoryCreator.lambda$contributeMethods$1(AotRepositoryCreator.java:238) ~[spring-data-commons-4.0.4.jar:4.0.4]
	at java.base/java.util.stream.ForEachOps$ForEachOp$OfRef.accept(ForEachOps.java:186) ~[na:na]
	at java.base/java.util.stream.SortedOps$SizedRefSortingSink.end(SortedOps.java:357) ~[na:na]
	at java.base/java.util.stream.AbstractPipeline.copyInto(AbstractPipeline.java:571) ~[na:na]
	at java.base/java.util.stream.AbstractPipeline.wrapAndCopyInto(AbstractPipeline.java:560) ~[na:na]
	at java.base/java.util.stream.ForEachOps$ForEachOp.evaluateSequential(ForEachOps.java:153) ~[na:na]
	at java.base/java.util.stream.ForEachOps$ForEachOp$OfRef.evaluateSequential(ForEachOps.java:176) ~[na:na]
	at java.base/java.util.stream.AbstractPipeline.evaluate(AbstractPipeline.java:265) ~[na:na]
	at java.base/java.util.stream.ReferencePipeline.forEach(ReferencePipeline.java:632) ~[na:na]
	at org.springframework.data.repository.aot.generate.AotRepositoryCreator.contributeMethods(AotRepositoryCreator.java:235) ~[spring-data-commons-4.0.4.jar:4.0.4]
	at org.springframework.data.repository.aot.generate.RepositoryContributor.contribute(RepositoryContributor.java:121) ~[spring-data-commons-4.0.4.jar:4.0.4]
	at org.springframework.data.repository.config.RepositoryRegistrationAotContribution.applyTo(RepositoryRegistrationAotContribution.java:66) ~[spring-data-commons-4.0.4.jar:4.0.4]
	at org.springframework.beans.factory.aot.BeanDefinitionMethodGenerator.lambda$generateBeanDefinitionMethod$0(BeanDefinitionMethodGenerator.java:165) ~[spring-beans-7.0.6.jar:7.0.6]
	at java.base/java.util.ArrayList.forEach(ArrayList.java:1604) ~[na:na]
	at org.springframework.beans.factory.aot.BeanDefinitionMethodGenerator.generateBeanDefinitionMethod(BeanDefinitionMethodGenerator.java:165) ~[spring-beans-7.0.6.jar:7.0.6]
	at org.springframework.beans.factory.aot.BeanDefinitionMethodGenerator.generateBeanDefinitionMethod(BeanDefinitionMethodGenerator.java:89) ~[spring-beans-7.0.6.jar:7.0.6]
	at org.springframework.beans.factory.aot.BeanRegistrationsAotContribution$BeanDefinitionsRegistrationGenerator.generateBeanRegistration(BeanRegistrationsAotContribution.java:289) ~[spring-beans-7.0.6.jar:7.0.6]
	at org.springframework.beans.factory.aot.BeanRegistrationsAotContribution$BeanDefinitionsRegistrationGenerator.lambda$generateRegisterBeanDefinitionMethods$0(BeanRegistrationsAotContribution.java:272) ~[spring-beans-7.0.6.jar:7.0.6]
	at java.base/java.lang.Iterable.forEach(Iterable.java:75) ~[na:na]
	at org.springframework.beans.factory.aot.BeanRegistrationsAotContribution$BeanDefinitionsRegistrationGenerator.generateRegisterBeanDefinitionMethods(BeanRegistrationsAotContribution.java:270) ~[spring-beans-7.0.6.jar:7.0.6]
	at org.springframework.beans.factory.aot.BeanRegistrationsAotContribution$BeanDefinitionsRegistrationGenerator.generateBeanRegistrationsCode(BeanRegistrationsAotContribution.java:238) ~[spring-beans-7.0.6.jar:7.0.6]
	at org.springframework.beans.factory.aot.BeanRegistrationsAotContribution.lambda$generateBeanRegistrationClass$0(BeanRegistrationsAotContribution.java:116) ~[spring-beans-7.0.6.jar:7.0.6]
	at org.springframework.aot.generate.GeneratedMethod.<init>(GeneratedMethod.java:54) ~[spring-core-7.0.6.jar:7.0.6]
	at org.springframework.aot.generate.GeneratedMethods.add(GeneratedMethods.java:112) ~[spring-core-7.0.6.jar:7.0.6]
	at org.springframework.aot.generate.GeneratedMethods.add(GeneratedMethods.java:89) ~[spring-core-7.0.6.jar:7.0.6]
	at org.springframework.beans.factory.aot.BeanRegistrationsAotContribution.generateBeanRegistrationClass(BeanRegistrationsAotContribution.java:110) ~[spring-beans-7.0.6.jar:7.0.6]
	at org.springframework.beans.factory.aot.BeanRegistrationsAotContribution.generateBeanRegistrationCode(BeanRegistrationsAotContribution.java:88) ~[spring-beans-7.0.6.jar:7.0.6]
	at org.springframework.beans.factory.aot.BeanRegistrationsAotContribution.applyTo(BeanRegistrationsAotContribution.java:77) ~[spring-beans-7.0.6.jar:7.0.6]
	at org.springframework.context.aot.BeanFactoryInitializationAotContributions.applyTo(BeanFactoryInitializationAotContributions.java:94) ~[spring-context-7.0.6.jar:7.0.6]
	at org.springframework.context.aot.ApplicationContextAotGenerator.lambda$processAheadOfTime$0(ApplicationContextAotGenerator.java:59) ~[spring-context-7.0.6.jar:7.0.6]
	at org.springframework.context.aot.ApplicationContextAotGenerator.withCglibClassHandler(ApplicationContextAotGenerator.java:68) ~[spring-context-7.0.6.jar:7.0.6]
	at org.springframework.context.aot.ApplicationContextAotGenerator.processAheadOfTime(ApplicationContextAotGenerator.java:54) ~[spring-context-7.0.6.jar:7.0.6]
	at org.springframework.context.aot.ContextAotProcessor.performAotProcessing(ContextAotProcessor.java:107) ~[spring-context-7.0.6.jar:7.0.6]
	at org.springframework.context.aot.ContextAotProcessor.doProcess(ContextAotProcessor.java:84) ~[spring-context-7.0.6.jar:7.0.6]
	at org.springframework.context.aot.ContextAotProcessor.doProcess(ContextAotProcessor.java:49) ~[spring-context-7.0.6.jar:7.0.6]
	at org.springframework.context.aot.AbstractAotProcessor.process(AbstractAotProcessor.java:84) ~[spring-context-7.0.6.jar:7.0.6]
	at org.springframework.boot.SpringApplicationAotProcessor.main(SpringApplicationAotProcessor.java:96) ~[spring-boot-4.0.5.jar:4.0.5]

2026-04-27T15:41:27.981+05:45  INFO 14280 --- [EShopDemo] [main] o.s.o.j.p.SpringPersistenceUnitInfo      : No LoadTimeWeaver setup: ignoring JPA class transformer
2026-04-27T15:41:28.515+05:45  INFO 14280 --- [EShopDemo] [main] org.hibernate.orm.connections.pooling    : HHH10001005: Database info:
	Database JDBC URL [undefined/unknown]
	Database driver: undefined/unknown
	Database dialect: SpringDataJpaAotDialect
	Database version: 0.0
	Default catalog/schema: unknown/unknown
	Autocommit mode: undefined/unknown
	Isolation level: <unknown>
	JDBC fetch size: undefined/unknown
	Pool: undefined/unknown
	Minimum pool size: undefined/unknown
	Maximum pool size: undefined/unknown
2026-04-27T15:41:38.910+05:45  INFO 14280 --- [EShopDemo] [main] org.hibernate.orm.core                   : HHH000489: No JTA platform available (set 'hibernate.transaction.jta.platform' to enable JTA platform integration)
2026-04-27T15:42:12.693+05:45  INFO 13272 --- [EShopDemo] [restartedMain] c.cdsc.eshopdemo.EShopDemoApplication    : Starting EShopDemoApplication using Java 25.0.2 with PID 13272 (E:\CDC_training\EShopDemo\target\classes started by DELL in E:\CDC_training\EShopDemo)
2026-04-27T15:42:12.696+05:45  INFO 13272 --- [EShopDemo] [restartedMain] c.cdsc.eshopdemo.EShopDemoApplication    : The following 1 profile is active: "prod"
2026-04-27T15:42:17.399+05:45  INFO 13272 --- [EShopDemo] [restartedMain] .s.d.r.c.RepositoryConfigurationDelegate : Bootstrapping Spring Data JPA repositories in DEFAULT mode.
2026-04-27T15:42:18.032+05:45  INFO 13272 --- [EShopDemo] [restartedMain] .s.d.r.c.RepositoryConfigurationDelegate : Finished Spring Data repository scanning in 607 ms. Found 3 JPA repository interfaces.
2026-04-27T15:42:19.527+05:45  INFO 13272 --- [EShopDemo] [restartedMain] o.s.boot.tomcat.TomcatWebServer          : Tomcat initialized with port 8080 (http)
2026-04-27T15:42:19.556+05:45  INFO 13272 --- [EShopDemo] [restartedMain] o.apache.catalina.core.StandardService   : Starting service [Tomcat]
2026-04-27T15:42:19.558+05:45  INFO 13272 --- [EShopDemo] [restartedMain] o.apache.catalina.core.StandardEngine    : Starting Servlet engine: [Apache Tomcat/11.0.20]
2026-04-27T15:42:20.034+05:45  INFO 13272 --- [EShopDemo] [restartedMain] b.w.c.s.WebApplicationContextInitializer : Root WebApplicationContext: initialization completed in 7251 ms
2026-04-27T15:42:25.371+05:45  INFO 13272 --- [EShopDemo] [restartedMain] org.hibernate.orm.jpa                    : HHH008540: Processing PersistenceUnitInfo [name: default]
2026-04-27T15:42:25.878+05:45  INFO 13272 --- [EShopDemo] [restartedMain] o.s.o.j.p.SpringPersistenceUnitInfo      : No LoadTimeWeaver setup: ignoring JPA class transformer
2026-04-27T15:42:25.891+05:45  INFO 13272 --- [EShopDemo] [restartedMain] com.zaxxer.hikari.HikariDataSource       : HikariPool-21 - Starting...
2026-04-27T15:42:26.227+05:45  INFO 13272 --- [EShopDemo] [restartedMain] com.zaxxer.hikari.pool.HikariPool        : HikariPool-21 - Added connection com.mysql.cj.jdbc.ConnectionImpl@50d037d2
2026-04-27T15:42:26.230+05:45  INFO 13272 --- [EShopDemo] [restartedMain] com.zaxxer.hikari.HikariDataSource       : HikariPool-21 - Start completed.
2026-04-27T15:42:26.295+05:45  INFO 13272 --- [EShopDemo] [restartedMain] org.hibernate.orm.connections.pooling    : HHH10001005: Database info:
	Database JDBC URL [jdbc:mysql://localhost:3306/prod_eshop_db?createDatabaseIfNotExist=true]
	Database driver: MySQL Connector/J
	Database dialect: MySQLDialect
	Database version: 8.0.35
	Default catalog/schema: prod_eshop_db/undefined
	Autocommit mode: undefined/unknown
	Isolation level: REPEATABLE_READ [default REPEATABLE_READ]
	JDBC fetch size: none
	Pool: DataSourceConnectionProvider
	Minimum pool size: undefined/unknown
	Maximum pool size: undefined/unknown
2026-04-27T15:42:27.139+05:45  INFO 13272 --- [EShopDemo] [restartedMain] org.hibernate.orm.core                   : HHH000489: No JTA platform available (set 'hibernate.transaction.jta.platform' to enable JTA platform integration)
2026-04-27T15:42:27.321+05:45  INFO 13272 --- [EShopDemo] [restartedMain] j.LocalContainerEntityManagerFactoryBean : Initialized JPA EntityManagerFactory for persistence unit 'default'
2026-04-27T15:42:27.909+05:45  WARN 13272 --- [EShopDemo] [restartedMain] JpaBaseConfiguration$JpaWebConfiguration : spring.jpa.open-in-view is enabled by default. Therefore, database queries may be performed during view rendering. Explicitly configure spring.jpa.open-in-view to disable this warning
2026-04-27T15:42:28.181+05:45  WARN 13272 --- [EShopDemo] [restartedMain] ion$DefaultTemplateResolverConfiguration : Cannot find template location: classpath:/templates/ (please add some templates, check your Thymeleaf configuration, or set spring.thymeleaf.check-template-location=false)
2026-04-27T15:42:28.275+05:45  WARN 13272 --- [EShopDemo] [restartedMain] ConfigServletWebServerApplicationContext : Exception encountered during context initialization - cancelling refresh attempt: org.springframework.beans.factory.BeanCreationException: Error creating bean with name 'productRepository' defined in com.cdsc.eshopdemo.repository.ProductRepository defined in @EnableJpaRepositories declared on DataJpaRepositoriesRegistrar.EnableJpaRepositoriesConfiguration: Not a managed type: class com.cdsc.eshopdemo.dto.ProductDto
2026-04-27T15:42:28.278+05:45  INFO 13272 --- [EShopDemo] [restartedMain] j.LocalContainerEntityManagerFactoryBean : Closing JPA EntityManagerFactory for persistence unit 'default'
2026-04-27T15:42:28.279+05:45  INFO 13272 --- [EShopDemo] [restartedMain] com.zaxxer.hikari.HikariDataSource       : HikariPool-21 - Shutdown initiated...
2026-04-27T15:42:28.301+05:45  INFO 13272 --- [EShopDemo] [restartedMain] com.zaxxer.hikari.HikariDataSource       : HikariPool-21 - Shutdown completed.
2026-04-27T15:42:28.303+05:45  INFO 13272 --- [EShopDemo] [restartedMain] o.apache.catalina.core.StandardService   : Stopping service [Tomcat]
2026-04-27T15:42:28.324+05:45  INFO 13272 --- [EShopDemo] [restartedMain] .s.b.a.l.ConditionEvaluationReportLogger : 

Error starting ApplicationContext. To display the condition evaluation report re-run your application with 'debug' enabled.
2026-04-27T15:42:28.343+05:45 ERROR 13272 --- [EShopDemo] [restartedMain] o.s.boot.SpringApplication               : Application run failed

org.springframework.beans.factory.BeanCreationException: Error creating bean with name 'productRepository' defined in com.cdsc.eshopdemo.repository.ProductRepository defined in @EnableJpaRepositories declared on DataJpaRepositoriesRegistrar.EnableJpaRepositoriesConfiguration: Not a managed type: class com.cdsc.eshopdemo.dto.ProductDto
	at org.springframework.beans.factory.support.AbstractAutowireCapableBeanFactory.initializeBean(AbstractAutowireCapableBeanFactory.java:1817) ~[spring-beans-7.0.6.jar:7.0.6]
	at org.springframework.beans.factory.support.AbstractAutowireCapableBeanFactory.doCreateBean(AbstractAutowireCapableBeanFactory.java:603) ~[spring-beans-7.0.6.jar:7.0.6]
	at org.springframework.beans.factory.support.AbstractAutowireCapableBeanFactory.createBean(AbstractAutowireCapableBeanFactory.java:525) ~[spring-beans-7.0.6.jar:7.0.6]
	at org.springframework.beans.factory.support.AbstractBeanFactory.lambda$doGetBean$0(AbstractBeanFactory.java:333) ~[spring-beans-7.0.6.jar:7.0.6]
	at org.springframework.beans.factory.support.DefaultSingletonBeanRegistry.getSingleton(DefaultSingletonBeanRegistry.java:371) ~[spring-beans-7.0.6.jar:7.0.6]
	at org.springframework.beans.factory.support.AbstractBeanFactory.doGetBean(AbstractBeanFactory.java:331) ~[spring-beans-7.0.6.jar:7.0.6]
	at org.springframework.beans.factory.support.AbstractBeanFactory.getBean(AbstractBeanFactory.java:196) ~[spring-beans-7.0.6.jar:7.0.6]
	at org.springframework.beans.factory.support.DefaultListableBeanFactory.instantiateSingleton(DefaultListableBeanFactory.java:1212) ~[spring-beans-7.0.6.jar:7.0.6]
	at org.springframework.beans.factory.support.DefaultListableBeanFactory.preInstantiateSingleton(DefaultListableBeanFactory.java:1184) ~[spring-beans-7.0.6.jar:7.0.6]
	at org.springframework.beans.factory.support.DefaultListableBeanFactory.preInstantiateSingletons(DefaultListableBeanFactory.java:1121) ~[spring-beans-7.0.6.jar:7.0.6]
	at org.springframework.context.support.AbstractApplicationContext.finishBeanFactoryInitialization(AbstractApplicationContext.java:994) ~[spring-context-7.0.6.jar:7.0.6]
	at org.springframework.context.support.AbstractApplicationContext.refresh(AbstractApplicationContext.java:621) ~[spring-context-7.0.6.jar:7.0.6]
	at org.springframework.boot.web.server.servlet.context.ServletWebServerApplicationContext.refresh(ServletWebServerApplicationContext.java:143) ~[spring-boot-web-server-4.0.5.jar:4.0.5]
	at org.springframework.boot.SpringApplication.refresh(SpringApplication.java:756) ~[spring-boot-4.0.5.jar:4.0.5]
	at org.springframework.boot.SpringApplication.refreshContext(SpringApplication.java:445) ~[spring-boot-4.0.5.jar:4.0.5]
	at org.springframework.boot.SpringApplication.run(SpringApplication.java:321) ~[spring-boot-4.0.5.jar:4.0.5]
	at org.springframework.boot.SpringApplication.run(SpringApplication.java:1365) ~[spring-boot-4.0.5.jar:4.0.5]
	at org.springframework.boot.SpringApplication.run(SpringApplication.java:1354) ~[spring-boot-4.0.5.jar:4.0.5]
	at com.cdsc.eshopdemo.EShopDemoApplication.main(EShopDemoApplication.java:10) ~[classes/:na]
	at java.base/jdk.internal.reflect.DirectMethodHandleAccessor.invoke(DirectMethodHandleAccessor.java:104) ~[na:na]
	at java.base/java.lang.reflect.Method.invoke(Method.java:565) ~[na:na]
	at org.springframework.boot.devtools.restart.RestartLauncher.run(RestartLauncher.java:52) ~[spring-boot-devtools-4.0.5.jar:4.0.5]
Caused by: java.lang.IllegalArgumentException: Not a managed type: class com.cdsc.eshopdemo.dto.ProductDto
	at org.hibernate.metamodel.model.domain.internal.JpaMetamodelImpl.managedType(JpaMetamodelImpl.java:254) ~[hibernate-core-7.2.7.Final.jar:7.2.7.Final]
	at org.hibernate.metamodel.model.domain.internal.MappingMetamodelImpl.managedType(MappingMetamodelImpl.java:394) ~[hibernate-core-7.2.7.Final.jar:7.2.7.Final]
	at org.hibernate.metamodel.model.domain.internal.MappingMetamodelImpl.managedType(MappingMetamodelImpl.java:85) ~[hibernate-core-7.2.7.Final.jar:7.2.7.Final]
	at org.springframework.data.jpa.repository.support.JpaEntityInformationSupport.getEntityInformation(JpaEntityInformationSupport.java:92) ~[spring-data-jpa-4.0.4.jar:4.0.4]
	at org.springframework.data.jpa.repository.support.JpaEntityInformationSupport.getEntityInformation(JpaEntityInformationSupport.java:73) ~[spring-data-jpa-4.0.4.jar:4.0.4]
	at org.springframework.data.jpa.repository.support.JpaRepositoryFactory.getEntityInformation(JpaRepositoryFactory.java:270) ~[spring-data-jpa-4.0.4.jar:4.0.4]
	at org.springframework.data.jpa.repository.support.JpaRepositoryFactory.getRepositoryFragments(JpaRepositoryFactory.java:300) ~[spring-data-jpa-4.0.4.jar:4.0.4]
	at org.springframework.data.jpa.repository.support.JpaRepositoryFactory.getRepositoryFragments(JpaRepositoryFactory.java:280) ~[spring-data-jpa-4.0.4.jar:4.0.4]
	at org.springframework.data.repository.core.support.RepositoryFactorySupport.lambda$getRepositoryStub$0(RepositoryFactorySupport.java:497) ~[spring-data-commons-4.0.4.jar:4.0.4]
	at java.base/java.util.HashMap.computeIfAbsent(HashMap.java:1229) ~[na:na]
	at org.springframework.data.repository.core.support.RepositoryFactorySupport.getRepositoryStub(RepositoryFactorySupport.java:494) ~[spring-data-commons-4.0.4.jar:4.0.4]
	at org.springframework.data.repository.core.support.RepositoryFactorySupport.getRepository(RepositoryFactorySupport.java:334) ~[spring-data-commons-4.0.4.jar:4.0.4]
	at org.springframework.data.repository.core.support.RepositoryFactoryBeanSupport.lambda$afterPropertiesSet$1(RepositoryFactoryBeanSupport.java:361) ~[spring-data-commons-4.0.4.jar:4.0.4]
	at org.springframework.data.util.Lazy.getNullable(Lazy.java:136) ~[spring-data-commons-4.0.4.jar:4.0.4]
	at org.springframework.data.util.Lazy.get(Lazy.java:114) ~[spring-data-commons-4.0.4.jar:4.0.4]
	at org.springframework.data.repository.core.support.RepositoryFactoryBeanSupport.afterPropertiesSet(RepositoryFactoryBeanSupport.java:370) ~[spring-data-commons-4.0.4.jar:4.0.4]
	at org.springframework.data.jpa.repository.support.JpaRepositoryFactoryBean.afterPropertiesSet(JpaRepositoryFactoryBean.java:212) ~[spring-data-jpa-4.0.4.jar:4.0.4]
	at org.springframework.beans.factory.support.AbstractAutowireCapableBeanFactory.invokeInitMethods(AbstractAutowireCapableBeanFactory.java:1864) ~[spring-beans-7.0.6.jar:7.0.6]
	at org.springframework.beans.factory.support.AbstractAutowireCapableBeanFactory.initializeBean(AbstractAutowireCapableBeanFactory.java:1813) ~[spring-beans-7.0.6.jar:7.0.6]
	... 21 common frames omitted

2026-04-27T15:42:43.598+05:45  INFO 13272 --- [EShopDemo] [restartedMain] c.cdsc.eshopdemo.EShopDemoApplication    : Starting EShopDemoApplication using Java 25.0.2 with PID 13272 (E:\CDC_training\EShopDemo\target\classes started by DELL in E:\CDC_training\EShopDemo)
2026-04-27T15:42:43.598+05:45  INFO 13272 --- [EShopDemo] [restartedMain] c.cdsc.eshopdemo.EShopDemoApplication    : The following 1 profile is active: "prod"
2026-04-27T15:42:45.257+05:45  INFO 13272 --- [EShopDemo] [restartedMain] .s.d.r.c.RepositoryConfigurationDelegate : Bootstrapping Spring Data JPA repositories in DEFAULT mode.
2026-04-27T15:42:45.385+05:45  INFO 13272 --- [EShopDemo] [restartedMain] .s.d.r.c.RepositoryConfigurationDelegate : Finished Spring Data repository scanning in 124 ms. Found 3 JPA repository interfaces.
2026-04-27T15:42:46.133+05:45  INFO 13272 --- [EShopDemo] [restartedMain] o.s.boot.tomcat.TomcatWebServer          : Tomcat initialized with port 8080 (http)
2026-04-27T15:42:46.138+05:45  INFO 13272 --- [EShopDemo] [restartedMain] o.apache.catalina.core.StandardService   : Starting service [Tomcat]
2026-04-27T15:42:46.138+05:45  INFO 13272 --- [EShopDemo] [restartedMain] o.apache.catalina.core.StandardEngine    : Starting Servlet engine: [Apache Tomcat/11.0.20]
2026-04-27T15:42:46.326+05:45  INFO 13272 --- [EShopDemo] [restartedMain] b.w.c.s.WebApplicationContextInitializer : Root WebApplicationContext: initialization completed in 2721 ms
2026-04-27T15:42:46.465+05:45  INFO 13272 --- [EShopDemo] [restartedMain] org.hibernate.orm.jpa                    : HHH008540: Processing PersistenceUnitInfo [name: default]
2026-04-27T15:42:46.577+05:45  INFO 13272 --- [EShopDemo] [restartedMain] o.s.o.j.p.SpringPersistenceUnitInfo      : No LoadTimeWeaver setup: ignoring JPA class transformer
2026-04-27T15:42:46.578+05:45  INFO 13272 --- [EShopDemo] [restartedMain] com.zaxxer.hikari.HikariDataSource       : HikariPool-22 - Starting...
2026-04-27T15:42:46.612+05:45  INFO 13272 --- [EShopDemo] [restartedMain] com.zaxxer.hikari.pool.HikariPool        : HikariPool-22 - Added connection com.mysql.cj.jdbc.ConnectionImpl@7673ee8d
2026-04-27T15:42:46.612+05:45  INFO 13272 --- [EShopDemo] [restartedMain] com.zaxxer.hikari.HikariDataSource       : HikariPool-22 - Start completed.
2026-04-27T15:42:46.620+05:45  INFO 13272 --- [EShopDemo] [restartedMain] org.hibernate.orm.connections.pooling    : HHH10001005: Database info:
	Database JDBC URL [jdbc:mysql://localhost:3306/prod_eshop_db?createDatabaseIfNotExist=true]
	Database driver: MySQL Connector/J
	Database dialect: MySQLDialect
	Database version: 8.0.35
	Default catalog/schema: prod_eshop_db/undefined
	Autocommit mode: undefined/unknown
	Isolation level: REPEATABLE_READ [default REPEATABLE_READ]
	JDBC fetch size: none
	Pool: DataSourceConnectionProvider
	Minimum pool size: undefined/unknown
	Maximum pool size: undefined/unknown
2026-04-27T15:42:47.009+05:45  INFO 13272 --- [EShopDemo] [restartedMain] org.hibernate.orm.core                   : HHH000489: No JTA platform available (set 'hibernate.transaction.jta.platform' to enable JTA platform integration)
2026-04-27T15:42:47.119+05:45  INFO 13272 --- [EShopDemo] [restartedMain] j.LocalContainerEntityManagerFactoryBean : Initialized JPA EntityManagerFactory for persistence unit 'default'
2026-04-27T15:42:47.448+05:45  WARN 13272 --- [EShopDemo] [restartedMain] JpaBaseConfiguration$JpaWebConfiguration : spring.jpa.open-in-view is enabled by default. Therefore, database queries may be performed during view rendering. Explicitly configure spring.jpa.open-in-view to disable this warning
2026-04-27T15:42:47.603+05:45  WARN 13272 --- [EShopDemo] [restartedMain] ion$DefaultTemplateResolverConfiguration : Cannot find template location: classpath:/templates/ (please add some templates, check your Thymeleaf configuration, or set spring.thymeleaf.check-template-location=false)
2026-04-27T15:42:47.778+05:45  WARN 13272 --- [EShopDemo] [restartedMain] ConfigServletWebServerApplicationContext : Exception encountered during context initialization - cancelling refresh attempt: org.springframework.beans.factory.BeanCreationException: Error creating bean with name 'productRepository' defined in com.cdsc.eshopdemo.repository.ProductRepository defined in @EnableJpaRepositories declared on DataJpaRepositoriesRegistrar.EnableJpaRepositoriesConfiguration: Not a managed type: class com.cdsc.eshopdemo.dto.ProductDto
2026-04-27T15:42:47.779+05:45  INFO 13272 --- [EShopDemo] [restartedMain] j.LocalContainerEntityManagerFactoryBean : Closing JPA EntityManagerFactory for persistence unit 'default'
2026-04-27T15:42:47.780+05:45  INFO 13272 --- [EShopDemo] [restartedMain] com.zaxxer.hikari.HikariDataSource       : HikariPool-22 - Shutdown initiated...
2026-04-27T15:42:47.795+05:45  INFO 13272 --- [EShopDemo] [restartedMain] com.zaxxer.hikari.HikariDataSource       : HikariPool-22 - Shutdown completed.
2026-04-27T15:42:47.796+05:45  INFO 13272 --- [EShopDemo] [restartedMain] o.apache.catalina.core.StandardService   : Stopping service [Tomcat]
2026-04-27T15:42:47.801+05:45  INFO 13272 --- [EShopDemo] [restartedMain] .s.b.a.l.ConditionEvaluationReportLogger : 

Error starting ApplicationContext. To display the condition evaluation report re-run your application with 'debug' enabled.
2026-04-27T15:42:47.805+05:45 ERROR 13272 --- [EShopDemo] [restartedMain] o.s.boot.SpringApplication               : Application run failed

org.springframework.beans.factory.BeanCreationException: Error creating bean with name 'productRepository' defined in com.cdsc.eshopdemo.repository.ProductRepository defined in @EnableJpaRepositories declared on DataJpaRepositoriesRegistrar.EnableJpaRepositoriesConfiguration: Not a managed type: class com.cdsc.eshopdemo.dto.ProductDto
	at org.springframework.beans.factory.support.AbstractAutowireCapableBeanFactory.initializeBean(AbstractAutowireCapableBeanFactory.java:1817) ~[spring-beans-7.0.6.jar:7.0.6]
	at org.springframework.beans.factory.support.AbstractAutowireCapableBeanFactory.doCreateBean(AbstractAutowireCapableBeanFactory.java:603) ~[spring-beans-7.0.6.jar:7.0.6]
	at org.springframework.beans.factory.support.AbstractAutowireCapableBeanFactory.createBean(AbstractAutowireCapableBeanFactory.java:525) ~[spring-beans-7.0.6.jar:7.0.6]
	at org.springframework.beans.factory.support.AbstractBeanFactory.lambda$doGetBean$0(AbstractBeanFactory.java:333) ~[spring-beans-7.0.6.jar:7.0.6]
	at org.springframework.beans.factory.support.DefaultSingletonBeanRegistry.getSingleton(DefaultSingletonBeanRegistry.java:371) ~[spring-beans-7.0.6.jar:7.0.6]
	at org.springframework.beans.factory.support.AbstractBeanFactory.doGetBean(AbstractBeanFactory.java:331) ~[spring-beans-7.0.6.jar:7.0.6]
	at org.springframework.beans.factory.support.AbstractBeanFactory.getBean(AbstractBeanFactory.java:196) ~[spring-beans-7.0.6.jar:7.0.6]
	at org.springframework.beans.factory.support.DefaultListableBeanFactory.instantiateSingleton(DefaultListableBeanFactory.java:1212) ~[spring-beans-7.0.6.jar:7.0.6]
	at org.springframework.beans.factory.support.DefaultListableBeanFactory.preInstantiateSingleton(DefaultListableBeanFactory.java:1184) ~[spring-beans-7.0.6.jar:7.0.6]
	at org.springframework.beans.factory.support.DefaultListableBeanFactory.preInstantiateSingletons(DefaultListableBeanFactory.java:1121) ~[spring-beans-7.0.6.jar:7.0.6]
	at org.springframework.context.support.AbstractApplicationContext.finishBeanFactoryInitialization(AbstractApplicationContext.java:994) ~[spring-context-7.0.6.jar:7.0.6]
	at org.springframework.context.support.AbstractApplicationContext.refresh(AbstractApplicationContext.java:621) ~[spring-context-7.0.6.jar:7.0.6]
	at org.springframework.boot.web.server.servlet.context.ServletWebServerApplicationContext.refresh(ServletWebServerApplicationContext.java:143) ~[spring-boot-web-server-4.0.5.jar:4.0.5]
	at org.springframework.boot.SpringApplication.refresh(SpringApplication.java:756) ~[spring-boot-4.0.5.jar:4.0.5]
	at org.springframework.boot.SpringApplication.refreshContext(SpringApplication.java:445) ~[spring-boot-4.0.5.jar:4.0.5]
	at org.springframework.boot.SpringApplication.run(SpringApplication.java:321) ~[spring-boot-4.0.5.jar:4.0.5]
	at org.springframework.boot.SpringApplication.run(SpringApplication.java:1365) ~[spring-boot-4.0.5.jar:4.0.5]
	at org.springframework.boot.SpringApplication.run(SpringApplication.java:1354) ~[spring-boot-4.0.5.jar:4.0.5]
	at com.cdsc.eshopdemo.EShopDemoApplication.main(EShopDemoApplication.java:10) ~[classes/:na]
	at java.base/jdk.internal.reflect.DirectMethodHandleAccessor.invoke(DirectMethodHandleAccessor.java:104) ~[na:na]
	at java.base/java.lang.reflect.Method.invoke(Method.java:565) ~[na:na]
	at org.springframework.boot.devtools.restart.RestartLauncher.run(RestartLauncher.java:52) ~[spring-boot-devtools-4.0.5.jar:4.0.5]
Caused by: java.lang.IllegalArgumentException: Not a managed type: class com.cdsc.eshopdemo.dto.ProductDto
	at org.hibernate.metamodel.model.domain.internal.JpaMetamodelImpl.managedType(JpaMetamodelImpl.java:254) ~[hibernate-core-7.2.7.Final.jar:7.2.7.Final]
	at org.hibernate.metamodel.model.domain.internal.MappingMetamodelImpl.managedType(MappingMetamodelImpl.java:394) ~[hibernate-core-7.2.7.Final.jar:7.2.7.Final]
	at org.hibernate.metamodel.model.domain.internal.MappingMetamodelImpl.managedType(MappingMetamodelImpl.java:85) ~[hibernate-core-7.2.7.Final.jar:7.2.7.Final]
	at org.springframework.data.jpa.repository.support.JpaEntityInformationSupport.getEntityInformation(JpaEntityInformationSupport.java:92) ~[spring-data-jpa-4.0.4.jar:4.0.4]
	at org.springframework.data.jpa.repository.support.JpaEntityInformationSupport.getEntityInformation(JpaEntityInformationSupport.java:73) ~[spring-data-jpa-4.0.4.jar:4.0.4]
	at org.springframework.data.jpa.repository.support.JpaRepositoryFactory.getEntityInformation(JpaRepositoryFactory.java:270) ~[spring-data-jpa-4.0.4.jar:4.0.4]
	at org.springframework.data.jpa.repository.support.JpaRepositoryFactory.getRepositoryFragments(JpaRepositoryFactory.java:300) ~[spring-data-jpa-4.0.4.jar:4.0.4]
	at org.springframework.data.jpa.repository.support.JpaRepositoryFactory.getRepositoryFragments(JpaRepositoryFactory.java:280) ~[spring-data-jpa-4.0.4.jar:4.0.4]
	at org.springframework.data.repository.core.support.RepositoryFactorySupport.lambda$getRepositoryStub$0(RepositoryFactorySupport.java:497) ~[spring-data-commons-4.0.4.jar:4.0.4]
	at java.base/java.util.HashMap.computeIfAbsent(HashMap.java:1229) ~[na:na]
	at org.springframework.data.repository.core.support.RepositoryFactorySupport.getRepositoryStub(RepositoryFactorySupport.java:494) ~[spring-data-commons-4.0.4.jar:4.0.4]
	at org.springframework.data.repository.core.support.RepositoryFactorySupport.getRepository(RepositoryFactorySupport.java:334) ~[spring-data-commons-4.0.4.jar:4.0.4]
	at org.springframework.data.repository.core.support.RepositoryFactoryBeanSupport.lambda$afterPropertiesSet$1(RepositoryFactoryBeanSupport.java:361) ~[spring-data-commons-4.0.4.jar:4.0.4]
	at org.springframework.data.util.Lazy.getNullable(Lazy.java:136) ~[spring-data-commons-4.0.4.jar:4.0.4]
	at org.springframework.data.util.Lazy.get(Lazy.java:114) ~[spring-data-commons-4.0.4.jar:4.0.4]
	at org.springframework.data.repository.core.support.RepositoryFactoryBeanSupport.afterPropertiesSet(RepositoryFactoryBeanSupport.java:370) ~[spring-data-commons-4.0.4.jar:4.0.4]
	at org.springframework.data.jpa.repository.support.JpaRepositoryFactoryBean.afterPropertiesSet(JpaRepositoryFactoryBean.java:212) ~[spring-data-jpa-4.0.4.jar:4.0.4]
	at org.springframework.beans.factory.support.AbstractAutowireCapableBeanFactory.invokeInitMethods(AbstractAutowireCapableBeanFactory.java:1864) ~[spring-beans-7.0.6.jar:7.0.6]
	at org.springframework.beans.factory.support.AbstractAutowireCapableBeanFactory.initializeBean(AbstractAutowireCapableBeanFactory.java:1813) ~[spring-beans-7.0.6.jar:7.0.6]
	... 21 common frames omitted

2026-04-27T15:42:58.493+05:45  INFO 13272 --- [EShopDemo] [restartedMain] c.cdsc.eshopdemo.EShopDemoApplication    : Starting EShopDemoApplication using Java 25.0.2 with PID 13272 (E:\CDC_training\EShopDemo\target\classes started by DELL in E:\CDC_training\EShopDemo)
2026-04-27T15:42:58.494+05:45  INFO 13272 --- [EShopDemo] [restartedMain] c.cdsc.eshopdemo.EShopDemoApplication    : The following 1 profile is active: "prod"
2026-04-27T15:42:59.847+05:45  INFO 13272 --- [EShopDemo] [restartedMain] .s.d.r.c.RepositoryConfigurationDelegate : Bootstrapping Spring Data JPA repositories in DEFAULT mode.
2026-04-27T15:42:59.923+05:45  INFO 13272 --- [EShopDemo] [restartedMain] .s.d.r.c.RepositoryConfigurationDelegate : Finished Spring Data repository scanning in 71 ms. Found 3 JPA repository interfaces.
2026-04-27T15:43:00.180+05:45  INFO 13272 --- [EShopDemo] [restartedMain] o.s.boot.tomcat.TomcatWebServer          : Tomcat initialized with port 8080 (http)
2026-04-27T15:43:00.182+05:45  INFO 13272 --- [EShopDemo] [restartedMain] o.apache.catalina.core.StandardService   : Starting service [Tomcat]
2026-04-27T15:43:00.182+05:45  INFO 13272 --- [EShopDemo] [restartedMain] o.apache.catalina.core.StandardEngine    : Starting Servlet engine: [Apache Tomcat/11.0.20]
2026-04-27T15:43:00.344+05:45  INFO 13272 --- [EShopDemo] [restartedMain] b.w.c.s.WebApplicationContextInitializer : Root WebApplicationContext: initialization completed in 1839 ms
2026-04-27T15:43:00.475+05:45  INFO 13272 --- [EShopDemo] [restartedMain] org.hibernate.orm.jpa                    : HHH008540: Processing PersistenceUnitInfo [name: default]
2026-04-27T15:43:00.544+05:45  INFO 13272 --- [EShopDemo] [restartedMain] o.s.o.j.p.SpringPersistenceUnitInfo      : No LoadTimeWeaver setup: ignoring JPA class transformer
2026-04-27T15:43:00.548+05:45  INFO 13272 --- [EShopDemo] [restartedMain] com.zaxxer.hikari.HikariDataSource       : HikariPool-23 - Starting...
2026-04-27T15:43:00.602+05:45  INFO 13272 --- [EShopDemo] [restartedMain] com.zaxxer.hikari.pool.HikariPool        : HikariPool-23 - Added connection com.mysql.cj.jdbc.ConnectionImpl@22969382
2026-04-27T15:43:00.602+05:45  INFO 13272 --- [EShopDemo] [restartedMain] com.zaxxer.hikari.HikariDataSource       : HikariPool-23 - Start completed.
2026-04-27T15:43:00.605+05:45  INFO 13272 --- [EShopDemo] [restartedMain] org.hibernate.orm.connections.pooling    : HHH10001005: Database info:
	Database JDBC URL [jdbc:mysql://localhost:3306/prod_eshop_db?createDatabaseIfNotExist=true]
	Database driver: MySQL Connector/J
	Database dialect: MySQLDialect
	Database version: 8.0.35
	Default catalog/schema: prod_eshop_db/undefined
	Autocommit mode: undefined/unknown
	Isolation level: REPEATABLE_READ [default REPEATABLE_READ]
	JDBC fetch size: none
	Pool: DataSourceConnectionProvider
	Minimum pool size: undefined/unknown
	Maximum pool size: undefined/unknown
2026-04-27T15:43:00.869+05:45  INFO 13272 --- [EShopDemo] [restartedMain] org.hibernate.orm.core                   : HHH000489: No JTA platform available (set 'hibernate.transaction.jta.platform' to enable JTA platform integration)
2026-04-27T15:43:00.951+05:45  INFO 13272 --- [EShopDemo] [restartedMain] j.LocalContainerEntityManagerFactoryBean : Initialized JPA EntityManagerFactory for persistence unit 'default'
2026-04-27T15:43:01.275+05:45  WARN 13272 --- [EShopDemo] [restartedMain] JpaBaseConfiguration$JpaWebConfiguration : spring.jpa.open-in-view is enabled by default. Therefore, database queries may be performed during view rendering. Explicitly configure spring.jpa.open-in-view to disable this warning
2026-04-27T15:43:01.919+05:45  WARN 13272 --- [EShopDemo] [restartedMain] ion$DefaultTemplateResolverConfiguration : Cannot find template location: classpath:/templates/ (please add some templates, check your Thymeleaf configuration, or set spring.thymeleaf.check-template-location=false)
2026-04-27T15:43:02.482+05:45  WARN 13272 --- [EShopDemo] [restartedMain] ConfigServletWebServerApplicationContext : Exception encountered during context initialization - cancelling refresh attempt: org.springframework.beans.factory.BeanCreationException: Error creating bean with name 'productRepository' defined in com.cdsc.eshopdemo.repository.ProductRepository defined in @EnableJpaRepositories declared on DataJpaRepositoriesRegistrar.EnableJpaRepositoriesConfiguration: Not a managed type: class com.cdsc.eshopdemo.dto.ProductDto
2026-04-27T15:43:02.489+05:45  INFO 13272 --- [EShopDemo] [restartedMain] j.LocalContainerEntityManagerFactoryBean : Closing JPA EntityManagerFactory for persistence unit 'default'
2026-04-27T15:43:02.492+05:45  INFO 13272 --- [EShopDemo] [restartedMain] com.zaxxer.hikari.HikariDataSource       : HikariPool-23 - Shutdown initiated...
2026-04-27T15:43:02.900+05:45  INFO 13272 --- [EShopDemo] [restartedMain] com.zaxxer.hikari.HikariDataSource       : HikariPool-23 - Shutdown completed.
2026-04-27T15:43:02.927+05:45  INFO 13272 --- [EShopDemo] [restartedMain] o.apache.catalina.core.StandardService   : Stopping service [Tomcat]
2026-04-27T15:43:02.985+05:45  INFO 13272 --- [EShopDemo] [restartedMain] .s.b.a.l.ConditionEvaluationReportLogger : 

Error starting ApplicationContext. To display the condition evaluation report re-run your application with 'debug' enabled.
2026-04-27T15:43:02.989+05:45 ERROR 13272 --- [EShopDemo] [restartedMain] o.s.boot.SpringApplication               : Application run failed

org.springframework.beans.factory.BeanCreationException: Error creating bean with name 'productRepository' defined in com.cdsc.eshopdemo.repository.ProductRepository defined in @EnableJpaRepositories declared on DataJpaRepositoriesRegistrar.EnableJpaRepositoriesConfiguration: Not a managed type: class com.cdsc.eshopdemo.dto.ProductDto
	at org.springframework.beans.factory.support.AbstractAutowireCapableBeanFactory.initializeBean(AbstractAutowireCapableBeanFactory.java:1817) ~[spring-beans-7.0.6.jar:7.0.6]
	at org.springframework.beans.factory.support.AbstractAutowireCapableBeanFactory.doCreateBean(AbstractAutowireCapableBeanFactory.java:603) ~[spring-beans-7.0.6.jar:7.0.6]
	at org.springframework.beans.factory.support.AbstractAutowireCapableBeanFactory.createBean(AbstractAutowireCapableBeanFactory.java:525) ~[spring-beans-7.0.6.jar:7.0.6]
	at org.springframework.beans.factory.support.AbstractBeanFactory.lambda$doGetBean$0(AbstractBeanFactory.java:333) ~[spring-beans-7.0.6.jar:7.0.6]
	at org.springframework.beans.factory.support.DefaultSingletonBeanRegistry.getSingleton(DefaultSingletonBeanRegistry.java:371) ~[spring-beans-7.0.6.jar:7.0.6]
	at org.springframework.beans.factory.support.AbstractBeanFactory.doGetBean(AbstractBeanFactory.java:331) ~[spring-beans-7.0.6.jar:7.0.6]
	at org.springframework.beans.factory.support.AbstractBeanFactory.getBean(AbstractBeanFactory.java:196) ~[spring-beans-7.0.6.jar:7.0.6]
	at org.springframework.beans.factory.support.DefaultListableBeanFactory.instantiateSingleton(DefaultListableBeanFactory.java:1212) ~[spring-beans-7.0.6.jar:7.0.6]
	at org.springframework.beans.factory.support.DefaultListableBeanFactory.preInstantiateSingleton(DefaultListableBeanFactory.java:1184) ~[spring-beans-7.0.6.jar:7.0.6]
	at org.springframework.beans.factory.support.DefaultListableBeanFactory.preInstantiateSingletons(DefaultListableBeanFactory.java:1121) ~[spring-beans-7.0.6.jar:7.0.6]
	at org.springframework.context.support.AbstractApplicationContext.finishBeanFactoryInitialization(AbstractApplicationContext.java:994) ~[spring-context-7.0.6.jar:7.0.6]
	at org.springframework.context.support.AbstractApplicationContext.refresh(AbstractApplicationContext.java:621) ~[spring-context-7.0.6.jar:7.0.6]
	at org.springframework.boot.web.server.servlet.context.ServletWebServerApplicationContext.refresh(ServletWebServerApplicationContext.java:143) ~[spring-boot-web-server-4.0.5.jar:4.0.5]
	at org.springframework.boot.SpringApplication.refresh(SpringApplication.java:756) ~[spring-boot-4.0.5.jar:4.0.5]
	at org.springframework.boot.SpringApplication.refreshContext(SpringApplication.java:445) ~[spring-boot-4.0.5.jar:4.0.5]
	at org.springframework.boot.SpringApplication.run(SpringApplication.java:321) ~[spring-boot-4.0.5.jar:4.0.5]
	at org.springframework.boot.SpringApplication.run(SpringApplication.java:1365) ~[spring-boot-4.0.5.jar:4.0.5]
	at org.springframework.boot.SpringApplication.run(SpringApplication.java:1354) ~[spring-boot-4.0.5.jar:4.0.5]
	at com.cdsc.eshopdemo.EShopDemoApplication.main(EShopDemoApplication.java:10) ~[classes/:na]
	at java.base/jdk.internal.reflect.DirectMethodHandleAccessor.invoke(DirectMethodHandleAccessor.java:104) ~[na:na]
	at java.base/java.lang.reflect.Method.invoke(Method.java:565) ~[na:na]
	at org.springframework.boot.devtools.restart.RestartLauncher.run(RestartLauncher.java:52) ~[spring-boot-devtools-4.0.5.jar:4.0.5]
Caused by: java.lang.IllegalArgumentException: Not a managed type: class com.cdsc.eshopdemo.dto.ProductDto
	at org.hibernate.metamodel.model.domain.internal.JpaMetamodelImpl.managedType(JpaMetamodelImpl.java:254) ~[hibernate-core-7.2.7.Final.jar:7.2.7.Final]
	at org.hibernate.metamodel.model.domain.internal.MappingMetamodelImpl.managedType(MappingMetamodelImpl.java:394) ~[hibernate-core-7.2.7.Final.jar:7.2.7.Final]
	at org.hibernate.metamodel.model.domain.internal.MappingMetamodelImpl.managedType(MappingMetamodelImpl.java:85) ~[hibernate-core-7.2.7.Final.jar:7.2.7.Final]
	at org.springframework.data.jpa.repository.support.JpaEntityInformationSupport.getEntityInformation(JpaEntityInformationSupport.java:92) ~[spring-data-jpa-4.0.4.jar:4.0.4]
	at org.springframework.data.jpa.repository.support.JpaEntityInformationSupport.getEntityInformation(JpaEntityInformationSupport.java:73) ~[spring-data-jpa-4.0.4.jar:4.0.4]
	at org.springframework.data.jpa.repository.support.JpaRepositoryFactory.getEntityInformation(JpaRepositoryFactory.java:270) ~[spring-data-jpa-4.0.4.jar:4.0.4]
	at org.springframework.data.jpa.repository.support.JpaRepositoryFactory.getRepositoryFragments(JpaRepositoryFactory.java:300) ~[spring-data-jpa-4.0.4.jar:4.0.4]
	at org.springframework.data.jpa.repository.support.JpaRepositoryFactory.getRepositoryFragments(JpaRepositoryFactory.java:280) ~[spring-data-jpa-4.0.4.jar:4.0.4]
	at org.springframework.data.repository.core.support.RepositoryFactorySupport.lambda$getRepositoryStub$0(RepositoryFactorySupport.java:497) ~[spring-data-commons-4.0.4.jar:4.0.4]
	at java.base/java.util.HashMap.computeIfAbsent(HashMap.java:1229) ~[na:na]
	at org.springframework.data.repository.core.support.RepositoryFactorySupport.getRepositoryStub(RepositoryFactorySupport.java:494) ~[spring-data-commons-4.0.4.jar:4.0.4]
	at org.springframework.data.repository.core.support.RepositoryFactorySupport.getRepository(RepositoryFactorySupport.java:334) ~[spring-data-commons-4.0.4.jar:4.0.4]
	at org.springframework.data.repository.core.support.RepositoryFactoryBeanSupport.lambda$afterPropertiesSet$1(RepositoryFactoryBeanSupport.java:361) ~[spring-data-commons-4.0.4.jar:4.0.4]
	at org.springframework.data.util.Lazy.getNullable(Lazy.java:136) ~[spring-data-commons-4.0.4.jar:4.0.4]
	at org.springframework.data.util.Lazy.get(Lazy.java:114) ~[spring-data-commons-4.0.4.jar:4.0.4]
	at org.springframework.data.repository.core.support.RepositoryFactoryBeanSupport.afterPropertiesSet(RepositoryFactoryBeanSupport.java:370) ~[spring-data-commons-4.0.4.jar:4.0.4]
	at org.springframework.data.jpa.repository.support.JpaRepositoryFactoryBean.afterPropertiesSet(JpaRepositoryFactoryBean.java:212) ~[spring-data-jpa-4.0.4.jar:4.0.4]
	at org.springframework.beans.factory.support.AbstractAutowireCapableBeanFactory.invokeInitMethods(AbstractAutowireCapableBeanFactory.java:1864) ~[spring-beans-7.0.6.jar:7.0.6]
	at org.springframework.beans.factory.support.AbstractAutowireCapableBeanFactory.initializeBean(AbstractAutowireCapableBeanFactory.java:1813) ~[spring-beans-7.0.6.jar:7.0.6]
	... 21 common frames omitted

2026-04-27T15:43:25.113+05:45  INFO 13272 --- [EShopDemo] [restartedMain] c.cdsc.eshopdemo.EShopDemoApplication    : Starting EShopDemoApplication using Java 25.0.2 with PID 13272 (E:\CDC_training\EShopDemo\target\classes started by DELL in E:\CDC_training\EShopDemo)
2026-04-27T15:43:25.115+05:45  INFO 13272 --- [EShopDemo] [restartedMain] c.cdsc.eshopdemo.EShopDemoApplication    : The following 1 profile is active: "prod"
2026-04-27T15:43:29.019+05:45  INFO 13272 --- [EShopDemo] [restartedMain] .s.d.r.c.RepositoryConfigurationDelegate : Bootstrapping Spring Data JPA repositories in DEFAULT mode.
2026-04-27T15:43:29.170+05:45  INFO 13272 --- [EShopDemo] [restartedMain] .s.d.r.c.RepositoryConfigurationDelegate : Finished Spring Data repository scanning in 145 ms. Found 3 JPA repository interfaces.
2026-04-27T15:43:30.540+05:45  INFO 13272 --- [EShopDemo] [restartedMain] o.s.boot.tomcat.TomcatWebServer          : Tomcat initialized with port 8080 (http)
2026-04-27T15:43:30.543+05:45  INFO 13272 --- [EShopDemo] [restartedMain] o.apache.catalina.core.StandardService   : Starting service [Tomcat]
2026-04-27T15:43:30.544+05:45  INFO 13272 --- [EShopDemo] [restartedMain] o.apache.catalina.core.StandardEngine    : Starting Servlet engine: [Apache Tomcat/11.0.20]
2026-04-27T15:43:31.014+05:45  INFO 13272 --- [EShopDemo] [restartedMain] b.w.c.s.WebApplicationContextInitializer : Root WebApplicationContext: initialization completed in 5892 ms
2026-04-27T15:43:31.495+05:45  INFO 13272 --- [EShopDemo] [restartedMain] org.hibernate.orm.jpa                    : HHH008540: Processing PersistenceUnitInfo [name: default]
2026-04-27T15:43:31.977+05:45  INFO 13272 --- [EShopDemo] [restartedMain] o.s.o.j.p.SpringPersistenceUnitInfo      : No LoadTimeWeaver setup: ignoring JPA class transformer
2026-04-27T15:43:31.979+05:45  INFO 13272 --- [EShopDemo] [restartedMain] com.zaxxer.hikari.HikariDataSource       : HikariPool-24 - Starting...
2026-04-27T15:43:32.125+05:45  INFO 13272 --- [EShopDemo] [restartedMain] com.zaxxer.hikari.pool.HikariPool        : HikariPool-24 - Added connection com.mysql.cj.jdbc.ConnectionImpl@2a02cf8b
2026-04-27T15:43:32.125+05:45  INFO 13272 --- [EShopDemo] [restartedMain] com.zaxxer.hikari.HikariDataSource       : HikariPool-24 - Start completed.
2026-04-27T15:43:32.129+05:45  INFO 13272 --- [EShopDemo] [restartedMain] org.hibernate.orm.connections.pooling    : HHH10001005: Database info:
	Database JDBC URL [jdbc:mysql://localhost:3306/prod_eshop_db?createDatabaseIfNotExist=true]
	Database driver: MySQL Connector/J
	Database dialect: MySQLDialect
	Database version: 8.0.35
	Default catalog/schema: prod_eshop_db/undefined
	Autocommit mode: undefined/unknown
	Isolation level: REPEATABLE_READ [default REPEATABLE_READ]
	JDBC fetch size: none
	Pool: DataSourceConnectionProvider
	Minimum pool size: undefined/unknown
	Maximum pool size: undefined/unknown
2026-04-27T15:43:32.586+05:45  INFO 13272 --- [EShopDemo] [restartedMain] org.hibernate.orm.core                   : HHH000489: No JTA platform available (set 'hibernate.transaction.jta.platform' to enable JTA platform integration)
2026-04-27T15:43:32.699+05:45  INFO 13272 --- [EShopDemo] [restartedMain] j.LocalContainerEntityManagerFactoryBean : Initialized JPA EntityManagerFactory for persistence unit 'default'
2026-04-27T15:43:33.370+05:45  WARN 13272 --- [EShopDemo] [restartedMain] JpaBaseConfiguration$JpaWebConfiguration : spring.jpa.open-in-view is enabled by default. Therefore, database queries may be performed during view rendering. Explicitly configure spring.jpa.open-in-view to disable this warning
2026-04-27T15:43:34.005+05:45  WARN 13272 --- [EShopDemo] [restartedMain] ion$DefaultTemplateResolverConfiguration : Cannot find template location: classpath:/templates/ (please add some templates, check your Thymeleaf configuration, or set spring.thymeleaf.check-template-location=false)
2026-04-27T15:43:34.230+05:45  WARN 13272 --- [EShopDemo] [restartedMain] ConfigServletWebServerApplicationContext : Exception encountered during context initialization - cancelling refresh attempt: org.springframework.beans.factory.BeanCreationException: Error creating bean with name 'productRepository' defined in com.cdsc.eshopdemo.repository.ProductRepository defined in @EnableJpaRepositories declared on DataJpaRepositoriesRegistrar.EnableJpaRepositoriesConfiguration: Not a managed type: class com.cdsc.eshopdemo.dto.ProductDto
2026-04-27T15:43:34.231+05:45  INFO 13272 --- [EShopDemo] [restartedMain] j.LocalContainerEntityManagerFactoryBean : Closing JPA EntityManagerFactory for persistence unit 'default'
2026-04-27T15:43:34.237+05:45  INFO 13272 --- [EShopDemo] [restartedMain] com.zaxxer.hikari.HikariDataSource       : HikariPool-24 - Shutdown initiated...
2026-04-27T15:43:34.312+05:45  INFO 13272 --- [EShopDemo] [restartedMain] com.zaxxer.hikari.HikariDataSource       : HikariPool-24 - Shutdown completed.
2026-04-27T15:43:34.313+05:45  INFO 13272 --- [EShopDemo] [restartedMain] o.apache.catalina.core.StandardService   : Stopping service [Tomcat]
2026-04-27T15:43:34.403+05:45  INFO 13272 --- [EShopDemo] [restartedMain] .s.b.a.l.ConditionEvaluationReportLogger : 

Error starting ApplicationContext. To display the condition evaluation report re-run your application with 'debug' enabled.
2026-04-27T15:43:34.411+05:45 ERROR 13272 --- [EShopDemo] [restartedMain] o.s.boot.SpringApplication               : Application run failed

org.springframework.beans.factory.BeanCreationException: Error creating bean with name 'productRepository' defined in com.cdsc.eshopdemo.repository.ProductRepository defined in @EnableJpaRepositories declared on DataJpaRepositoriesRegistrar.EnableJpaRepositoriesConfiguration: Not a managed type: class com.cdsc.eshopdemo.dto.ProductDto
	at org.springframework.beans.factory.support.AbstractAutowireCapableBeanFactory.initializeBean(AbstractAutowireCapableBeanFactory.java:1817) ~[spring-beans-7.0.6.jar:7.0.6]
	at org.springframework.beans.factory.support.AbstractAutowireCapableBeanFactory.doCreateBean(AbstractAutowireCapableBeanFactory.java:603) ~[spring-beans-7.0.6.jar:7.0.6]
	at org.springframework.beans.factory.support.AbstractAutowireCapableBeanFactory.createBean(AbstractAutowireCapableBeanFactory.java:525) ~[spring-beans-7.0.6.jar:7.0.6]
	at org.springframework.beans.factory.support.AbstractBeanFactory.lambda$doGetBean$0(AbstractBeanFactory.java:333) ~[spring-beans-7.0.6.jar:7.0.6]
	at org.springframework.beans.factory.support.DefaultSingletonBeanRegistry.getSingleton(DefaultSingletonBeanRegistry.java:371) ~[spring-beans-7.0.6.jar:7.0.6]
	at org.springframework.beans.factory.support.AbstractBeanFactory.doGetBean(AbstractBeanFactory.java:331) ~[spring-beans-7.0.6.jar:7.0.6]
	at org.springframework.beans.factory.support.AbstractBeanFactory.getBean(AbstractBeanFactory.java:196) ~[spring-beans-7.0.6.jar:7.0.6]
	at org.springframework.beans.factory.support.DefaultListableBeanFactory.instantiateSingleton(DefaultListableBeanFactory.java:1212) ~[spring-beans-7.0.6.jar:7.0.6]
	at org.springframework.beans.factory.support.DefaultListableBeanFactory.preInstantiateSingleton(DefaultListableBeanFactory.java:1184) ~[spring-beans-7.0.6.jar:7.0.6]
	at org.springframework.beans.factory.support.DefaultListableBeanFactory.preInstantiateSingletons(DefaultListableBeanFactory.java:1121) ~[spring-beans-7.0.6.jar:7.0.6]
	at org.springframework.context.support.AbstractApplicationContext.finishBeanFactoryInitialization(AbstractApplicationContext.java:994) ~[spring-context-7.0.6.jar:7.0.6]
	at org.springframework.context.support.AbstractApplicationContext.refresh(AbstractApplicationContext.java:621) ~[spring-context-7.0.6.jar:7.0.6]
	at org.springframework.boot.web.server.servlet.context.ServletWebServerApplicationContext.refresh(ServletWebServerApplicationContext.java:143) ~[spring-boot-web-server-4.0.5.jar:4.0.5]
	at org.springframework.boot.SpringApplication.refresh(SpringApplication.java:756) ~[spring-boot-4.0.5.jar:4.0.5]
	at org.springframework.boot.SpringApplication.refreshContext(SpringApplication.java:445) ~[spring-boot-4.0.5.jar:4.0.5]
	at org.springframework.boot.SpringApplication.run(SpringApplication.java:321) ~[spring-boot-4.0.5.jar:4.0.5]
	at org.springframework.boot.SpringApplication.run(SpringApplication.java:1365) ~[spring-boot-4.0.5.jar:4.0.5]
	at org.springframework.boot.SpringApplication.run(SpringApplication.java:1354) ~[spring-boot-4.0.5.jar:4.0.5]
	at com.cdsc.eshopdemo.EShopDemoApplication.main(EShopDemoApplication.java:10) ~[classes/:na]
	at java.base/jdk.internal.reflect.DirectMethodHandleAccessor.invoke(DirectMethodHandleAccessor.java:104) ~[na:na]
	at java.base/java.lang.reflect.Method.invoke(Method.java:565) ~[na:na]
	at org.springframework.boot.devtools.restart.RestartLauncher.run(RestartLauncher.java:52) ~[spring-boot-devtools-4.0.5.jar:4.0.5]
Caused by: java.lang.IllegalArgumentException: Not a managed type: class com.cdsc.eshopdemo.dto.ProductDto
	at org.hibernate.metamodel.model.domain.internal.JpaMetamodelImpl.managedType(JpaMetamodelImpl.java:254) ~[hibernate-core-7.2.7.Final.jar:7.2.7.Final]
	at org.hibernate.metamodel.model.domain.internal.MappingMetamodelImpl.managedType(MappingMetamodelImpl.java:394) ~[hibernate-core-7.2.7.Final.jar:7.2.7.Final]
	at org.hibernate.metamodel.model.domain.internal.MappingMetamodelImpl.managedType(MappingMetamodelImpl.java:85) ~[hibernate-core-7.2.7.Final.jar:7.2.7.Final]
	at org.springframework.data.jpa.repository.support.JpaEntityInformationSupport.getEntityInformation(JpaEntityInformationSupport.java:92) ~[spring-data-jpa-4.0.4.jar:4.0.4]
	at org.springframework.data.jpa.repository.support.JpaEntityInformationSupport.getEntityInformation(JpaEntityInformationSupport.java:73) ~[spring-data-jpa-4.0.4.jar:4.0.4]
	at org.springframework.data.jpa.repository.support.JpaRepositoryFactory.getEntityInformation(JpaRepositoryFactory.java:270) ~[spring-data-jpa-4.0.4.jar:4.0.4]
	at org.springframework.data.jpa.repository.support.JpaRepositoryFactory.getRepositoryFragments(JpaRepositoryFactory.java:300) ~[spring-data-jpa-4.0.4.jar:4.0.4]
	at org.springframework.data.jpa.repository.support.JpaRepositoryFactory.getRepositoryFragments(JpaRepositoryFactory.java:280) ~[spring-data-jpa-4.0.4.jar:4.0.4]
	at org.springframework.data.repository.core.support.RepositoryFactorySupport.lambda$getRepositoryStub$0(RepositoryFactorySupport.java:497) ~[spring-data-commons-4.0.4.jar:4.0.4]
	at java.base/java.util.HashMap.computeIfAbsent(HashMap.java:1229) ~[na:na]
	at org.springframework.data.repository.core.support.RepositoryFactorySupport.getRepositoryStub(RepositoryFactorySupport.java:494) ~[spring-data-commons-4.0.4.jar:4.0.4]
	at org.springframework.data.repository.core.support.RepositoryFactorySupport.getRepository(RepositoryFactorySupport.java:334) ~[spring-data-commons-4.0.4.jar:4.0.4]
	at org.springframework.data.repository.core.support.RepositoryFactoryBeanSupport.lambda$afterPropertiesSet$1(RepositoryFactoryBeanSupport.java:361) ~[spring-data-commons-4.0.4.jar:4.0.4]
	at org.springframework.data.util.Lazy.getNullable(Lazy.java:136) ~[spring-data-commons-4.0.4.jar:4.0.4]
	at org.springframework.data.util.Lazy.get(Lazy.java:114) ~[spring-data-commons-4.0.4.jar:4.0.4]
	at org.springframework.data.repository.core.support.RepositoryFactoryBeanSupport.afterPropertiesSet(RepositoryFactoryBeanSupport.java:370) ~[spring-data-commons-4.0.4.jar:4.0.4]
	at org.springframework.data.jpa.repository.support.JpaRepositoryFactoryBean.afterPropertiesSet(JpaRepositoryFactoryBean.java:212) ~[spring-data-jpa-4.0.4.jar:4.0.4]
	at org.springframework.beans.factory.support.AbstractAutowireCapableBeanFactory.invokeInitMethods(AbstractAutowireCapableBeanFactory.java:1864) ~[spring-beans-7.0.6.jar:7.0.6]
	at org.springframework.beans.factory.support.AbstractAutowireCapableBeanFactory.initializeBean(AbstractAutowireCapableBeanFactory.java:1813) ~[spring-beans-7.0.6.jar:7.0.6]
	... 21 common frames omitted

2026-04-27T15:44:46.130+05:45  INFO 13272 --- [EShopDemo] [restartedMain] c.cdsc.eshopdemo.EShopDemoApplication    : Starting EShopDemoApplication using Java 25.0.2 with PID 13272 (E:\CDC_training\EShopDemo\target\classes started by DELL in E:\CDC_training\EShopDemo)
2026-04-27T15:44:46.131+05:45  INFO 13272 --- [EShopDemo] [restartedMain] c.cdsc.eshopdemo.EShopDemoApplication    : The following 1 profile is active: "prod"
2026-04-27T15:44:48.123+05:45  INFO 13272 --- [EShopDemo] [restartedMain] .s.d.r.c.RepositoryConfigurationDelegate : Bootstrapping Spring Data JPA repositories in DEFAULT mode.
2026-04-27T15:44:48.588+05:45  INFO 13272 --- [EShopDemo] [restartedMain] .s.d.r.c.RepositoryConfigurationDelegate : Finished Spring Data repository scanning in 393 ms. Found 3 JPA repository interfaces.
2026-04-27T15:44:49.661+05:45  INFO 13272 --- [EShopDemo] [restartedMain] o.s.boot.tomcat.TomcatWebServer          : Tomcat initialized with port 8080 (http)
2026-04-27T15:44:49.668+05:45  INFO 13272 --- [EShopDemo] [restartedMain] o.apache.catalina.core.StandardService   : Starting service [Tomcat]
2026-04-27T15:44:49.669+05:45  INFO 13272 --- [EShopDemo] [restartedMain] o.apache.catalina.core.StandardEngine    : Starting Servlet engine: [Apache Tomcat/11.0.20]
2026-04-27T15:44:50.117+05:45  INFO 13272 --- [EShopDemo] [restartedMain] b.w.c.s.WebApplicationContextInitializer : Root WebApplicationContext: initialization completed in 3966 ms
2026-04-27T15:44:50.517+05:45  INFO 13272 --- [EShopDemo] [restartedMain] org.hibernate.orm.jpa                    : HHH008540: Processing PersistenceUnitInfo [name: default]
2026-04-27T15:44:50.815+05:45  INFO 13272 --- [EShopDemo] [restartedMain] o.s.o.j.p.SpringPersistenceUnitInfo      : No LoadTimeWeaver setup: ignoring JPA class transformer
2026-04-27T15:44:50.824+05:45  INFO 13272 --- [EShopDemo] [restartedMain] com.zaxxer.hikari.HikariDataSource       : HikariPool-25 - Starting...
2026-04-27T15:44:51.035+05:45  INFO 13272 --- [EShopDemo] [restartedMain] com.zaxxer.hikari.pool.HikariPool        : HikariPool-25 - Added connection com.mysql.cj.jdbc.ConnectionImpl@61e37725
2026-04-27T15:44:51.035+05:45  INFO 13272 --- [EShopDemo] [restartedMain] com.zaxxer.hikari.HikariDataSource       : HikariPool-25 - Start completed.
2026-04-27T15:44:51.039+05:45  INFO 13272 --- [EShopDemo] [restartedMain] org.hibernate.orm.connections.pooling    : HHH10001005: Database info:
	Database JDBC URL [jdbc:mysql://localhost:3306/prod_eshop_db?createDatabaseIfNotExist=true]
	Database driver: MySQL Connector/J
	Database dialect: MySQLDialect
	Database version: 8.0.35
	Default catalog/schema: prod_eshop_db/undefined
	Autocommit mode: undefined/unknown
	Isolation level: REPEATABLE_READ [default REPEATABLE_READ]
	JDBC fetch size: none
	Pool: DataSourceConnectionProvider
	Minimum pool size: undefined/unknown
	Maximum pool size: undefined/unknown
2026-04-27T15:44:52.042+05:45  INFO 13272 --- [EShopDemo] [restartedMain] org.hibernate.orm.core                   : HHH000489: No JTA platform available (set 'hibernate.transaction.jta.platform' to enable JTA platform integration)
2026-04-27T15:44:52.231+05:45  INFO 13272 --- [EShopDemo] [restartedMain] j.LocalContainerEntityManagerFactoryBean : Initialized JPA EntityManagerFactory for persistence unit 'default'
2026-04-27T15:44:53.614+05:45  WARN 13272 --- [EShopDemo] [restartedMain] JpaBaseConfiguration$JpaWebConfiguration : spring.jpa.open-in-view is enabled by default. Therefore, database queries may be performed during view rendering. Explicitly configure spring.jpa.open-in-view to disable this warning
2026-04-27T15:44:54.159+05:45  WARN 13272 --- [EShopDemo] [restartedMain] ion$DefaultTemplateResolverConfiguration : Cannot find template location: classpath:/templates/ (please add some templates, check your Thymeleaf configuration, or set spring.thymeleaf.check-template-location=false)
2026-04-27T15:44:54.387+05:45  WARN 13272 --- [EShopDemo] [restartedMain] ConfigServletWebServerApplicationContext : Exception encountered during context initialization - cancelling refresh attempt: org.springframework.beans.factory.BeanCreationException: Error creating bean with name 'productRepository' defined in com.cdsc.eshopdemo.repository.ProductRepository defined in @EnableJpaRepositories declared on DataJpaRepositoriesRegistrar.EnableJpaRepositoriesConfiguration: Not a managed type: class com.cdsc.eshopdemo.dto.ProductDto
2026-04-27T15:44:54.389+05:45  INFO 13272 --- [EShopDemo] [restartedMain] j.LocalContainerEntityManagerFactoryBean : Closing JPA EntityManagerFactory for persistence unit 'default'
2026-04-27T15:44:54.391+05:45  INFO 13272 --- [EShopDemo] [restartedMain] com.zaxxer.hikari.HikariDataSource       : HikariPool-25 - Shutdown initiated...
2026-04-27T15:44:54.431+05:45  INFO 13272 --- [EShopDemo] [restartedMain] com.zaxxer.hikari.HikariDataSource       : HikariPool-25 - Shutdown completed.
2026-04-27T15:44:54.432+05:45  INFO 13272 --- [EShopDemo] [restartedMain] o.apache.catalina.core.StandardService   : Stopping service [Tomcat]
2026-04-27T15:44:54.976+05:45  INFO 13272 --- [EShopDemo] [restartedMain] .s.b.a.l.ConditionEvaluationReportLogger : 

Error starting ApplicationContext. To display the condition evaluation report re-run your application with 'debug' enabled.
2026-04-27T15:44:54.982+05:45 ERROR 13272 --- [EShopDemo] [restartedMain] o.s.boot.SpringApplication               : Application run failed

org.springframework.beans.factory.BeanCreationException: Error creating bean with name 'productRepository' defined in com.cdsc.eshopdemo.repository.ProductRepository defined in @EnableJpaRepositories declared on DataJpaRepositoriesRegistrar.EnableJpaRepositoriesConfiguration: Not a managed type: class com.cdsc.eshopdemo.dto.ProductDto
	at org.springframework.beans.factory.support.AbstractAutowireCapableBeanFactory.initializeBean(AbstractAutowireCapableBeanFactory.java:1817) ~[spring-beans-7.0.6.jar:7.0.6]
	at org.springframework.beans.factory.support.AbstractAutowireCapableBeanFactory.doCreateBean(AbstractAutowireCapableBeanFactory.java:603) ~[spring-beans-7.0.6.jar:7.0.6]
	at org.springframework.beans.factory.support.AbstractAutowireCapableBeanFactory.createBean(AbstractAutowireCapableBeanFactory.java:525) ~[spring-beans-7.0.6.jar:7.0.6]
	at org.springframework.beans.factory.support.AbstractBeanFactory.lambda$doGetBean$0(AbstractBeanFactory.java:333) ~[spring-beans-7.0.6.jar:7.0.6]
	at org.springframework.beans.factory.support.DefaultSingletonBeanRegistry.getSingleton(DefaultSingletonBeanRegistry.java:371) ~[spring-beans-7.0.6.jar:7.0.6]
	at org.springframework.beans.factory.support.AbstractBeanFactory.doGetBean(AbstractBeanFactory.java:331) ~[spring-beans-7.0.6.jar:7.0.6]
	at org.springframework.beans.factory.support.AbstractBeanFactory.getBean(AbstractBeanFactory.java:196) ~[spring-beans-7.0.6.jar:7.0.6]
	at org.springframework.beans.factory.support.DefaultListableBeanFactory.instantiateSingleton(DefaultListableBeanFactory.java:1212) ~[spring-beans-7.0.6.jar:7.0.6]
	at org.springframework.beans.factory.support.DefaultListableBeanFactory.preInstantiateSingleton(DefaultListableBeanFactory.java:1184) ~[spring-beans-7.0.6.jar:7.0.6]
	at org.springframework.beans.factory.support.DefaultListableBeanFactory.preInstantiateSingletons(DefaultListableBeanFactory.java:1121) ~[spring-beans-7.0.6.jar:7.0.6]
	at org.springframework.context.support.AbstractApplicationContext.finishBeanFactoryInitialization(AbstractApplicationContext.java:994) ~[spring-context-7.0.6.jar:7.0.6]
	at org.springframework.context.support.AbstractApplicationContext.refresh(AbstractApplicationContext.java:621) ~[spring-context-7.0.6.jar:7.0.6]
	at org.springframework.boot.web.server.servlet.context.ServletWebServerApplicationContext.refresh(ServletWebServerApplicationContext.java:143) ~[spring-boot-web-server-4.0.5.jar:4.0.5]
	at org.springframework.boot.SpringApplication.refresh(SpringApplication.java:756) ~[spring-boot-4.0.5.jar:4.0.5]
	at org.springframework.boot.SpringApplication.refreshContext(SpringApplication.java:445) ~[spring-boot-4.0.5.jar:4.0.5]
	at org.springframework.boot.SpringApplication.run(SpringApplication.java:321) ~[spring-boot-4.0.5.jar:4.0.5]
	at org.springframework.boot.SpringApplication.run(SpringApplication.java:1365) ~[spring-boot-4.0.5.jar:4.0.5]
	at org.springframework.boot.SpringApplication.run(SpringApplication.java:1354) ~[spring-boot-4.0.5.jar:4.0.5]
	at com.cdsc.eshopdemo.EShopDemoApplication.main(EShopDemoApplication.java:10) ~[classes/:na]
	at java.base/jdk.internal.reflect.DirectMethodHandleAccessor.invoke(DirectMethodHandleAccessor.java:104) ~[na:na]
	at java.base/java.lang.reflect.Method.invoke(Method.java:565) ~[na:na]
	at org.springframework.boot.devtools.restart.RestartLauncher.run(RestartLauncher.java:52) ~[spring-boot-devtools-4.0.5.jar:4.0.5]
Caused by: java.lang.IllegalArgumentException: Not a managed type: class com.cdsc.eshopdemo.dto.ProductDto
	at org.hibernate.metamodel.model.domain.internal.JpaMetamodelImpl.managedType(JpaMetamodelImpl.java:254) ~[hibernate-core-7.2.7.Final.jar:7.2.7.Final]
	at org.hibernate.metamodel.model.domain.internal.MappingMetamodelImpl.managedType(MappingMetamodelImpl.java:394) ~[hibernate-core-7.2.7.Final.jar:7.2.7.Final]
	at org.hibernate.metamodel.model.domain.internal.MappingMetamodelImpl.managedType(MappingMetamodelImpl.java:85) ~[hibernate-core-7.2.7.Final.jar:7.2.7.Final]
	at org.springframework.data.jpa.repository.support.JpaEntityInformationSupport.getEntityInformation(JpaEntityInformationSupport.java:92) ~[spring-data-jpa-4.0.4.jar:4.0.4]
	at org.springframework.data.jpa.repository.support.JpaEntityInformationSupport.getEntityInformation(JpaEntityInformationSupport.java:73) ~[spring-data-jpa-4.0.4.jar:4.0.4]
	at org.springframework.data.jpa.repository.support.JpaRepositoryFactory.getEntityInformation(JpaRepositoryFactory.java:270) ~[spring-data-jpa-4.0.4.jar:4.0.4]
	at org.springframework.data.jpa.repository.support.JpaRepositoryFactory.getRepositoryFragments(JpaRepositoryFactory.java:300) ~[spring-data-jpa-4.0.4.jar:4.0.4]
	at org.springframework.data.jpa.repository.support.JpaRepositoryFactory.getRepositoryFragments(JpaRepositoryFactory.java:280) ~[spring-data-jpa-4.0.4.jar:4.0.4]
	at org.springframework.data.repository.core.support.RepositoryFactorySupport.lambda$getRepositoryStub$0(RepositoryFactorySupport.java:497) ~[spring-data-commons-4.0.4.jar:4.0.4]
	at java.base/java.util.HashMap.computeIfAbsent(HashMap.java:1229) ~[na:na]
	at org.springframework.data.repository.core.support.RepositoryFactorySupport.getRepositoryStub(RepositoryFactorySupport.java:494) ~[spring-data-commons-4.0.4.jar:4.0.4]
	at org.springframework.data.repository.core.support.RepositoryFactorySupport.getRepository(RepositoryFactorySupport.java:334) ~[spring-data-commons-4.0.4.jar:4.0.4]
	at org.springframework.data.repository.core.support.RepositoryFactoryBeanSupport.lambda$afterPropertiesSet$1(RepositoryFactoryBeanSupport.java:361) ~[spring-data-commons-4.0.4.jar:4.0.4]
	at org.springframework.data.util.Lazy.getNullable(Lazy.java:136) ~[spring-data-commons-4.0.4.jar:4.0.4]
	at org.springframework.data.util.Lazy.get(Lazy.java:114) ~[spring-data-commons-4.0.4.jar:4.0.4]
	at org.springframework.data.repository.core.support.RepositoryFactoryBeanSupport.afterPropertiesSet(RepositoryFactoryBeanSupport.java:370) ~[spring-data-commons-4.0.4.jar:4.0.4]
	at org.springframework.data.jpa.repository.support.JpaRepositoryFactoryBean.afterPropertiesSet(JpaRepositoryFactoryBean.java:212) ~[spring-data-jpa-4.0.4.jar:4.0.4]
	at org.springframework.beans.factory.support.AbstractAutowireCapableBeanFactory.invokeInitMethods(AbstractAutowireCapableBeanFactory.java:1864) ~[spring-beans-7.0.6.jar:7.0.6]
	at org.springframework.beans.factory.support.AbstractAutowireCapableBeanFactory.initializeBean(AbstractAutowireCapableBeanFactory.java:1813) ~[spring-beans-7.0.6.jar:7.0.6]
	... 21 common frames omitted

2026-04-27T15:44:58.732+05:45  INFO 13272 --- [EShopDemo] [restartedMain] c.cdsc.eshopdemo.EShopDemoApplication    : Starting EShopDemoApplication using Java 25.0.2 with PID 13272 (E:\CDC_training\EShopDemo\target\classes started by DELL in E:\CDC_training\EShopDemo)
2026-04-27T15:44:58.732+05:45  INFO 13272 --- [EShopDemo] [restartedMain] c.cdsc.eshopdemo.EShopDemoApplication    : The following 1 profile is active: "prod"
2026-04-27T15:45:02.493+05:45  INFO 13272 --- [EShopDemo] [restartedMain] .s.d.r.c.RepositoryConfigurationDelegate : Bootstrapping Spring Data JPA repositories in DEFAULT mode.
2026-04-27T15:45:02.591+05:45  INFO 13272 --- [EShopDemo] [restartedMain] .s.d.r.c.RepositoryConfigurationDelegate : Finished Spring Data repository scanning in 90 ms. Found 3 JPA repository interfaces.
2026-04-27T15:45:03.565+05:45  INFO 13272 --- [EShopDemo] [restartedMain] o.s.boot.tomcat.TomcatWebServer          : Tomcat initialized with port 8080 (http)
2026-04-27T15:45:03.566+05:45  INFO 13272 --- [EShopDemo] [restartedMain] o.apache.catalina.core.StandardService   : Starting service [Tomcat]
2026-04-27T15:45:03.566+05:45  INFO 13272 --- [EShopDemo] [restartedMain] o.apache.catalina.core.StandardEngine    : Starting Servlet engine: [Apache Tomcat/11.0.20]
2026-04-27T15:45:04.028+05:45  INFO 13272 --- [EShopDemo] [restartedMain] b.w.c.s.WebApplicationContextInitializer : Root WebApplicationContext: initialization completed in 5292 ms
2026-04-27T15:45:04.327+05:45  INFO 13272 --- [EShopDemo] [restartedMain] org.hibernate.orm.jpa                    : HHH008540: Processing PersistenceUnitInfo [name: default]
2026-04-27T15:45:04.475+05:45  INFO 13272 --- [EShopDemo] [restartedMain] o.s.o.j.p.SpringPersistenceUnitInfo      : No LoadTimeWeaver setup: ignoring JPA class transformer
2026-04-27T15:45:04.481+05:45  INFO 13272 --- [EShopDemo] [restartedMain] com.zaxxer.hikari.HikariDataSource       : HikariPool-26 - Starting...
2026-04-27T15:45:04.550+05:45  INFO 13272 --- [EShopDemo] [restartedMain] com.zaxxer.hikari.pool.HikariPool        : HikariPool-26 - Added connection com.mysql.cj.jdbc.ConnectionImpl@71248595
2026-04-27T15:45:04.550+05:45  INFO 13272 --- [EShopDemo] [restartedMain] com.zaxxer.hikari.HikariDataSource       : HikariPool-26 - Start completed.
2026-04-27T15:45:04.554+05:45  INFO 13272 --- [EShopDemo] [restartedMain] org.hibernate.orm.connections.pooling    : HHH10001005: Database info:
	Database JDBC URL [jdbc:mysql://localhost:3306/prod_eshop_db?createDatabaseIfNotExist=true]
	Database driver: MySQL Connector/J
	Database dialect: MySQLDialect
	Database version: 8.0.35
	Default catalog/schema: prod_eshop_db/undefined
	Autocommit mode: undefined/unknown
	Isolation level: REPEATABLE_READ [default REPEATABLE_READ]
	JDBC fetch size: none
	Pool: DataSourceConnectionProvider
	Minimum pool size: undefined/unknown
	Maximum pool size: undefined/unknown
2026-04-27T15:45:04.784+05:45  INFO 13272 --- [EShopDemo] [restartedMain] org.hibernate.orm.core                   : HHH000489: No JTA platform available (set 'hibernate.transaction.jta.platform' to enable JTA platform integration)
2026-04-27T15:45:04.922+05:45  INFO 13272 --- [EShopDemo] [restartedMain] j.LocalContainerEntityManagerFactoryBean : Initialized JPA EntityManagerFactory for persistence unit 'default'
2026-04-27T15:45:05.450+05:45  WARN 13272 --- [EShopDemo] [restartedMain] JpaBaseConfiguration$JpaWebConfiguration : spring.jpa.open-in-view is enabled by default. Therefore, database queries may be performed during view rendering. Explicitly configure spring.jpa.open-in-view to disable this warning
2026-04-27T15:45:05.951+05:45  WARN 13272 --- [EShopDemo] [restartedMain] ion$DefaultTemplateResolverConfiguration : Cannot find template location: classpath:/templates/ (please add some templates, check your Thymeleaf configuration, or set spring.thymeleaf.check-template-location=false)
2026-04-27T15:45:06.085+05:45  WARN 13272 --- [EShopDemo] [restartedMain] ConfigServletWebServerApplicationContext : Exception encountered during context initialization - cancelling refresh attempt: org.springframework.beans.factory.BeanCreationException: Error creating bean with name 'productRepository' defined in com.cdsc.eshopdemo.repository.ProductRepository defined in @EnableJpaRepositories declared on DataJpaRepositoriesRegistrar.EnableJpaRepositoriesConfiguration: Not a managed type: class com.cdsc.eshopdemo.dto.ProductDto
2026-04-27T15:45:06.095+05:45  INFO 13272 --- [EShopDemo] [restartedMain] j.LocalContainerEntityManagerFactoryBean : Closing JPA EntityManagerFactory for persistence unit 'default'
2026-04-27T15:45:06.098+05:45  INFO 13272 --- [EShopDemo] [restartedMain] com.zaxxer.hikari.HikariDataSource       : HikariPool-26 - Shutdown initiated...
2026-04-27T15:45:06.111+05:45  INFO 13272 --- [EShopDemo] [restartedMain] com.zaxxer.hikari.HikariDataSource       : HikariPool-26 - Shutdown completed.
2026-04-27T15:45:06.113+05:45  INFO 13272 --- [EShopDemo] [restartedMain] o.apache.catalina.core.StandardService   : Stopping service [Tomcat]
2026-04-27T15:45:06.117+05:45  INFO 13272 --- [EShopDemo] [restartedMain] .s.b.a.l.ConditionEvaluationReportLogger : 

Error starting ApplicationContext. To display the condition evaluation report re-run your application with 'debug' enabled.
2026-04-27T15:45:06.120+05:45 ERROR 13272 --- [EShopDemo] [restartedMain] o.s.boot.SpringApplication               : Application run failed

org.springframework.beans.factory.BeanCreationException: Error creating bean with name 'productRepository' defined in com.cdsc.eshopdemo.repository.ProductRepository defined in @EnableJpaRepositories declared on DataJpaRepositoriesRegistrar.EnableJpaRepositoriesConfiguration: Not a managed type: class com.cdsc.eshopdemo.dto.ProductDto
	at org.springframework.beans.factory.support.AbstractAutowireCapableBeanFactory.initializeBean(AbstractAutowireCapableBeanFactory.java:1817) ~[spring-beans-7.0.6.jar:7.0.6]
	at org.springframework.beans.factory.support.AbstractAutowireCapableBeanFactory.doCreateBean(AbstractAutowireCapableBeanFactory.java:603) ~[spring-beans-7.0.6.jar:7.0.6]
	at org.springframework.beans.factory.support.AbstractAutowireCapableBeanFactory.createBean(AbstractAutowireCapableBeanFactory.java:525) ~[spring-beans-7.0.6.jar:7.0.6]
	at org.springframework.beans.factory.support.AbstractBeanFactory.lambda$doGetBean$0(AbstractBeanFactory.java:333) ~[spring-beans-7.0.6.jar:7.0.6]
	at org.springframework.beans.factory.support.DefaultSingletonBeanRegistry.getSingleton(DefaultSingletonBeanRegistry.java:371) ~[spring-beans-7.0.6.jar:7.0.6]
	at org.springframework.beans.factory.support.AbstractBeanFactory.doGetBean(AbstractBeanFactory.java:331) ~[spring-beans-7.0.6.jar:7.0.6]
	at org.springframework.beans.factory.support.AbstractBeanFactory.getBean(AbstractBeanFactory.java:196) ~[spring-beans-7.0.6.jar:7.0.6]
	at org.springframework.beans.factory.support.DefaultListableBeanFactory.instantiateSingleton(DefaultListableBeanFactory.java:1212) ~[spring-beans-7.0.6.jar:7.0.6]
	at org.springframework.beans.factory.support.DefaultListableBeanFactory.preInstantiateSingleton(DefaultListableBeanFactory.java:1184) ~[spring-beans-7.0.6.jar:7.0.6]
	at org.springframework.beans.factory.support.DefaultListableBeanFactory.preInstantiateSingletons(DefaultListableBeanFactory.java:1121) ~[spring-beans-7.0.6.jar:7.0.6]
	at org.springframework.context.support.AbstractApplicationContext.finishBeanFactoryInitialization(AbstractApplicationContext.java:994) ~[spring-context-7.0.6.jar:7.0.6]
	at org.springframework.context.support.AbstractApplicationContext.refresh(AbstractApplicationContext.java:621) ~[spring-context-7.0.6.jar:7.0.6]
	at org.springframework.boot.web.server.servlet.context.ServletWebServerApplicationContext.refresh(ServletWebServerApplicationContext.java:143) ~[spring-boot-web-server-4.0.5.jar:4.0.5]
	at org.springframework.boot.SpringApplication.refresh(SpringApplication.java:756) ~[spring-boot-4.0.5.jar:4.0.5]
	at org.springframework.boot.SpringApplication.refreshContext(SpringApplication.java:445) ~[spring-boot-4.0.5.jar:4.0.5]
	at org.springframework.boot.SpringApplication.run(SpringApplication.java:321) ~[spring-boot-4.0.5.jar:4.0.5]
	at org.springframework.boot.SpringApplication.run(SpringApplication.java:1365) ~[spring-boot-4.0.5.jar:4.0.5]
	at org.springframework.boot.SpringApplication.run(SpringApplication.java:1354) ~[spring-boot-4.0.5.jar:4.0.5]
	at com.cdsc.eshopdemo.EShopDemoApplication.main(EShopDemoApplication.java:10) ~[classes/:na]
	at java.base/jdk.internal.reflect.DirectMethodHandleAccessor.invoke(DirectMethodHandleAccessor.java:104) ~[na:na]
	at java.base/java.lang.reflect.Method.invoke(Method.java:565) ~[na:na]
	at org.springframework.boot.devtools.restart.RestartLauncher.run(RestartLauncher.java:52) ~[spring-boot-devtools-4.0.5.jar:4.0.5]
Caused by: java.lang.IllegalArgumentException: Not a managed type: class com.cdsc.eshopdemo.dto.ProductDto
	at org.hibernate.metamodel.model.domain.internal.JpaMetamodelImpl.managedType(JpaMetamodelImpl.java:254) ~[hibernate-core-7.2.7.Final.jar:7.2.7.Final]
	at org.hibernate.metamodel.model.domain.internal.MappingMetamodelImpl.managedType(MappingMetamodelImpl.java:394) ~[hibernate-core-7.2.7.Final.jar:7.2.7.Final]
	at org.hibernate.metamodel.model.domain.internal.MappingMetamodelImpl.managedType(MappingMetamodelImpl.java:85) ~[hibernate-core-7.2.7.Final.jar:7.2.7.Final]
	at org.springframework.data.jpa.repository.support.JpaEntityInformationSupport.getEntityInformation(JpaEntityInformationSupport.java:92) ~[spring-data-jpa-4.0.4.jar:4.0.4]
	at org.springframework.data.jpa.repository.support.JpaEntityInformationSupport.getEntityInformation(JpaEntityInformationSupport.java:73) ~[spring-data-jpa-4.0.4.jar:4.0.4]
	at org.springframework.data.jpa.repository.support.JpaRepositoryFactory.getEntityInformation(JpaRepositoryFactory.java:270) ~[spring-data-jpa-4.0.4.jar:4.0.4]
	at org.springframework.data.jpa.repository.support.JpaRepositoryFactory.getRepositoryFragments(JpaRepositoryFactory.java:300) ~[spring-data-jpa-4.0.4.jar:4.0.4]
	at org.springframework.data.jpa.repository.support.JpaRepositoryFactory.getRepositoryFragments(JpaRepositoryFactory.java:280) ~[spring-data-jpa-4.0.4.jar:4.0.4]
	at org.springframework.data.repository.core.support.RepositoryFactorySupport.lambda$getRepositoryStub$0(RepositoryFactorySupport.java:497) ~[spring-data-commons-4.0.4.jar:4.0.4]
	at java.base/java.util.HashMap.computeIfAbsent(HashMap.java:1229) ~[na:na]
	at org.springframework.data.repository.core.support.RepositoryFactorySupport.getRepositoryStub(RepositoryFactorySupport.java:494) ~[spring-data-commons-4.0.4.jar:4.0.4]
	at org.springframework.data.repository.core.support.RepositoryFactorySupport.getRepository(RepositoryFactorySupport.java:334) ~[spring-data-commons-4.0.4.jar:4.0.4]
	at org.springframework.data.repository.core.support.RepositoryFactoryBeanSupport.lambda$afterPropertiesSet$1(RepositoryFactoryBeanSupport.java:361) ~[spring-data-commons-4.0.4.jar:4.0.4]
	at org.springframework.data.util.Lazy.getNullable(Lazy.java:136) ~[spring-data-commons-4.0.4.jar:4.0.4]
	at org.springframework.data.util.Lazy.get(Lazy.java:114) ~[spring-data-commons-4.0.4.jar:4.0.4]
	at org.springframework.data.repository.core.support.RepositoryFactoryBeanSupport.afterPropertiesSet(RepositoryFactoryBeanSupport.java:370) ~[spring-data-commons-4.0.4.jar:4.0.4]
	at org.springframework.data.jpa.repository.support.JpaRepositoryFactoryBean.afterPropertiesSet(JpaRepositoryFactoryBean.java:212) ~[spring-data-jpa-4.0.4.jar:4.0.4]
	at org.springframework.beans.factory.support.AbstractAutowireCapableBeanFactory.invokeInitMethods(AbstractAutowireCapableBeanFactory.java:1864) ~[spring-beans-7.0.6.jar:7.0.6]
	at org.springframework.beans.factory.support.AbstractAutowireCapableBeanFactory.initializeBean(AbstractAutowireCapableBeanFactory.java:1813) ~[spring-beans-7.0.6.jar:7.0.6]
	... 21 common frames omitted

2026-04-27T15:48:09.323+05:45  INFO 13272 --- [EShopDemo] [restartedMain] c.cdsc.eshopdemo.EShopDemoApplication    : Starting EShopDemoApplication using Java 25.0.2 with PID 13272 (E:\CDC_training\EShopDemo\target\classes started by DELL in E:\CDC_training\EShopDemo)
2026-04-27T15:48:09.331+05:45  INFO 13272 --- [EShopDemo] [restartedMain] c.cdsc.eshopdemo.EShopDemoApplication    : The following 1 profile is active: "prod"
2026-04-27T15:48:13.807+05:45  INFO 13272 --- [EShopDemo] [restartedMain] .s.d.r.c.RepositoryConfigurationDelegate : Bootstrapping Spring Data JPA repositories in DEFAULT mode.
2026-04-27T15:48:14.017+05:45  INFO 13272 --- [EShopDemo] [restartedMain] .s.d.r.c.RepositoryConfigurationDelegate : Finished Spring Data repository scanning in 195 ms. Found 3 JPA repository interfaces.
2026-04-27T15:48:16.072+05:45  INFO 13272 --- [EShopDemo] [restartedMain] o.s.boot.tomcat.TomcatWebServer          : Tomcat initialized with port 8080 (http)
2026-04-27T15:48:16.238+05:45  INFO 13272 --- [EShopDemo] [restartedMain] o.apache.catalina.core.StandardService   : Starting service [Tomcat]
2026-04-27T15:48:16.242+05:45  INFO 13272 --- [EShopDemo] [restartedMain] o.apache.catalina.core.StandardEngine    : Starting Servlet engine: [Apache Tomcat/11.0.20]
2026-04-27T15:48:16.872+05:45  INFO 13272 --- [EShopDemo] [restartedMain] b.w.c.s.WebApplicationContextInitializer : Root WebApplicationContext: initialization completed in 7415 ms
2026-04-27T15:48:17.695+05:45  INFO 13272 --- [EShopDemo] [restartedMain] org.hibernate.orm.jpa                    : HHH008540: Processing PersistenceUnitInfo [name: default]
2026-04-27T15:48:18.170+05:45  INFO 13272 --- [EShopDemo] [restartedMain] o.s.o.j.p.SpringPersistenceUnitInfo      : No LoadTimeWeaver setup: ignoring JPA class transformer
2026-04-27T15:48:18.179+05:45  INFO 13272 --- [EShopDemo] [restartedMain] com.zaxxer.hikari.HikariDataSource       : HikariPool-27 - Starting...
2026-04-27T15:48:18.861+05:45  INFO 13272 --- [EShopDemo] [restartedMain] com.zaxxer.hikari.pool.HikariPool        : HikariPool-27 - Added connection com.mysql.cj.jdbc.ConnectionImpl@50efe2bb
2026-04-27T15:48:18.862+05:45  INFO 13272 --- [EShopDemo] [restartedMain] com.zaxxer.hikari.HikariDataSource       : HikariPool-27 - Start completed.
2026-04-27T15:48:18.895+05:45  INFO 13272 --- [EShopDemo] [restartedMain] org.hibernate.orm.connections.pooling    : HHH10001005: Database info:
	Database JDBC URL [jdbc:mysql://localhost:3306/prod_eshop_db?createDatabaseIfNotExist=true]
	Database driver: MySQL Connector/J
	Database dialect: MySQLDialect
	Database version: 8.0.35
	Default catalog/schema: prod_eshop_db/undefined
	Autocommit mode: undefined/unknown
	Isolation level: REPEATABLE_READ [default REPEATABLE_READ]
	JDBC fetch size: none
	Pool: DataSourceConnectionProvider
	Minimum pool size: undefined/unknown
	Maximum pool size: undefined/unknown
2026-04-27T15:48:20.408+05:45  INFO 13272 --- [EShopDemo] [restartedMain] org.hibernate.orm.core                   : HHH000489: No JTA platform available (set 'hibernate.transaction.jta.platform' to enable JTA platform integration)
2026-04-27T15:48:21.019+05:45  INFO 13272 --- [EShopDemo] [restartedMain] j.LocalContainerEntityManagerFactoryBean : Initialized JPA EntityManagerFactory for persistence unit 'default'
2026-04-27T15:48:21.668+05:45  WARN 13272 --- [EShopDemo] [restartedMain] ConfigServletWebServerApplicationContext : Exception encountered during context initialization - cancelling refresh attempt: org.springframework.beans.factory.BeanCreationException: Error creating bean with name 'productServiceImpl': Lookup method resolution failed
2026-04-27T15:48:21.669+05:45  INFO 13272 --- [EShopDemo] [restartedMain] j.LocalContainerEntityManagerFactoryBean : Closing JPA EntityManagerFactory for persistence unit 'default'
2026-04-27T15:48:21.675+05:45  INFO 13272 --- [EShopDemo] [restartedMain] com.zaxxer.hikari.HikariDataSource       : HikariPool-27 - Shutdown initiated...
2026-04-27T15:48:21.787+05:45  INFO 13272 --- [EShopDemo] [restartedMain] com.zaxxer.hikari.HikariDataSource       : HikariPool-27 - Shutdown completed.
2026-04-27T15:48:21.816+05:45  INFO 13272 --- [EShopDemo] [restartedMain] o.apache.catalina.core.StandardService   : Stopping service [Tomcat]
2026-04-27T15:48:21.923+05:45  INFO 13272 --- [EShopDemo] [restartedMain] .s.b.a.l.ConditionEvaluationReportLogger : 

Error starting ApplicationContext. To display the condition evaluation report re-run your application with 'debug' enabled.
2026-04-27T15:48:21.968+05:45 ERROR 13272 --- [EShopDemo] [restartedMain] o.s.boot.SpringApplication               : Application run failed

org.springframework.beans.factory.BeanCreationException: Error creating bean with name 'productServiceImpl': Lookup method resolution failed
	at org.springframework.beans.factory.annotation.AutowiredAnnotationBeanPostProcessor.checkLookupMethods(AutowiredAnnotationBeanPostProcessor.java:482) ~[spring-beans-7.0.6.jar:7.0.6]
	at org.springframework.beans.factory.annotation.AutowiredAnnotationBeanPostProcessor.determineCandidateConstructors(AutowiredAnnotationBeanPostProcessor.java:352) ~[spring-beans-7.0.6.jar:7.0.6]
	at org.springframework.beans.factory.support.AbstractAutowireCapableBeanFactory.determineConstructorsFromBeanPostProcessors(AbstractAutowireCapableBeanFactory.java:1321) ~[spring-beans-7.0.6.jar:7.0.6]
	at org.springframework.beans.factory.support.AbstractAutowireCapableBeanFactory.createBeanInstance(AbstractAutowireCapableBeanFactory.java:1218) ~[spring-beans-7.0.6.jar:7.0.6]
	at org.springframework.beans.factory.support.AbstractAutowireCapableBeanFactory.doCreateBean(AbstractAutowireCapableBeanFactory.java:565) ~[spring-beans-7.0.6.jar:7.0.6]
	at org.springframework.beans.factory.support.AbstractAutowireCapableBeanFactory.createBean(AbstractAutowireCapableBeanFactory.java:525) ~[spring-beans-7.0.6.jar:7.0.6]
	at org.springframework.beans.factory.support.AbstractBeanFactory.lambda$doGetBean$0(AbstractBeanFactory.java:333) ~[spring-beans-7.0.6.jar:7.0.6]
	at org.springframework.beans.factory.support.DefaultSingletonBeanRegistry.getSingleton(DefaultSingletonBeanRegistry.java:371) ~[spring-beans-7.0.6.jar:7.0.6]
	at org.springframework.beans.factory.support.AbstractBeanFactory.doGetBean(AbstractBeanFactory.java:331) ~[spring-beans-7.0.6.jar:7.0.6]
	at org.springframework.beans.factory.support.AbstractBeanFactory.getBean(AbstractBeanFactory.java:196) ~[spring-beans-7.0.6.jar:7.0.6]
	at org.springframework.beans.factory.support.DefaultListableBeanFactory.instantiateSingleton(DefaultListableBeanFactory.java:1218) ~[spring-beans-7.0.6.jar:7.0.6]
	at org.springframework.beans.factory.support.DefaultListableBeanFactory.preInstantiateSingleton(DefaultListableBeanFactory.java:1184) ~[spring-beans-7.0.6.jar:7.0.6]
	at org.springframework.beans.factory.support.DefaultListableBeanFactory.preInstantiateSingletons(DefaultListableBeanFactory.java:1121) ~[spring-beans-7.0.6.jar:7.0.6]
	at org.springframework.context.support.AbstractApplicationContext.finishBeanFactoryInitialization(AbstractApplicationContext.java:994) ~[spring-context-7.0.6.jar:7.0.6]
	at org.springframework.context.support.AbstractApplicationContext.refresh(AbstractApplicationContext.java:621) ~[spring-context-7.0.6.jar:7.0.6]
	at org.springframework.boot.web.server.servlet.context.ServletWebServerApplicationContext.refresh(ServletWebServerApplicationContext.java:143) ~[spring-boot-web-server-4.0.5.jar:4.0.5]
	at org.springframework.boot.SpringApplication.refresh(SpringApplication.java:756) ~[spring-boot-4.0.5.jar:4.0.5]
	at org.springframework.boot.SpringApplication.refreshContext(SpringApplication.java:445) ~[spring-boot-4.0.5.jar:4.0.5]
	at org.springframework.boot.SpringApplication.run(SpringApplication.java:321) ~[spring-boot-4.0.5.jar:4.0.5]
	at org.springframework.boot.SpringApplication.run(SpringApplication.java:1365) ~[spring-boot-4.0.5.jar:4.0.5]
	at org.springframework.boot.SpringApplication.run(SpringApplication.java:1354) ~[spring-boot-4.0.5.jar:4.0.5]
	at com.cdsc.eshopdemo.EShopDemoApplication.main(EShopDemoApplication.java:10) ~[classes/:na]
	at java.base/jdk.internal.reflect.DirectMethodHandleAccessor.invoke(DirectMethodHandleAccessor.java:104) ~[na:na]
	at java.base/java.lang.reflect.Method.invoke(Method.java:565) ~[na:na]
	at org.springframework.boot.devtools.restart.RestartLauncher.run(RestartLauncher.java:52) ~[spring-boot-devtools-4.0.5.jar:4.0.5]
Caused by: java.lang.IllegalStateException: Failed to introspect Class [com.cdsc.eshopdemo.serviceimpl.ProductServiceImpl] from ClassLoader [org.springframework.boot.devtools.restart.classloader.RestartClassLoader@771d548d]
	at org.springframework.util.ReflectionUtils.getDeclaredMethods(ReflectionUtils.java:483) ~[spring-core-7.0.6.jar:7.0.6]
	at org.springframework.util.ReflectionUtils.doWithLocalMethods(ReflectionUtils.java:320) ~[spring-core-7.0.6.jar:7.0.6]
	at org.springframework.beans.factory.annotation.AutowiredAnnotationBeanPostProcessor.checkLookupMethods(AutowiredAnnotationBeanPostProcessor.java:460) ~[spring-beans-7.0.6.jar:7.0.6]
	... 24 common frames omitted
Caused by: java.lang.NoClassDefFoundError: ProductDto
	at java.base/java.lang.Class.getDeclaredMethods0(Native Method) ~[na:na]
	at java.base/java.lang.Class.privateGetDeclaredMethods(Class.java:3010) ~[na:na]
	at java.base/java.lang.Class.getDeclaredMethods(Class.java:2329) ~[na:na]
	at org.springframework.util.ReflectionUtils.getDeclaredMethods(ReflectionUtils.java:465) ~[spring-core-7.0.6.jar:7.0.6]
	... 26 common frames omitted
Caused by: java.lang.ClassNotFoundException: ProductDto
	at java.base/jdk.internal.loader.BuiltinClassLoader.loadClass(BuiltinClassLoader.java:580) ~[na:na]
	at java.base/java.lang.ClassLoader.loadClass(ClassLoader.java:490) ~[na:na]
	at java.base/java.lang.Class.forName0(Native Method) ~[na:na]
	at java.base/java.lang.Class.forName(Class.java:547) ~[na:na]
	at org.springframework.boot.devtools.restart.classloader.RestartClassLoader.loadClass(RestartClassLoader.java:123) ~[spring-boot-devtools-4.0.5.jar:4.0.5]
	at java.base/java.lang.ClassLoader.loadClass(ClassLoader.java:490) ~[na:na]
	... 30 common frames omitted

2026-04-27T15:49:02.379+05:45  INFO 13272 --- [EShopDemo] [restartedMain] c.cdsc.eshopdemo.EShopDemoApplication    : Starting EShopDemoApplication using Java 25.0.2 with PID 13272 (E:\CDC_training\EShopDemo\target\classes started by DELL in E:\CDC_training\EShopDemo)
2026-04-27T15:49:02.413+05:45  INFO 13272 --- [EShopDemo] [restartedMain] c.cdsc.eshopdemo.EShopDemoApplication    : The following 1 profile is active: "prod"
2026-04-27T15:49:16.795+05:45  INFO 13272 --- [EShopDemo] [restartedMain] .s.d.r.c.RepositoryConfigurationDelegate : Bootstrapping Spring Data JPA repositories in DEFAULT mode.
2026-04-27T15:49:19.008+05:45  INFO 13272 --- [EShopDemo] [restartedMain] .s.d.r.c.RepositoryConfigurationDelegate : Finished Spring Data repository scanning in 2172 ms. Found 3 JPA repository interfaces.
2026-04-27T15:49:22.459+05:45  INFO 13272 --- [EShopDemo] [restartedMain] o.s.boot.tomcat.TomcatWebServer          : Tomcat initialized with port 8080 (http)
2026-04-27T15:49:22.646+05:45  INFO 13272 --- [EShopDemo] [restartedMain] o.apache.catalina.core.StandardService   : Starting service [Tomcat]
2026-04-27T15:49:22.646+05:45  INFO 13272 --- [EShopDemo] [restartedMain] o.apache.catalina.core.StandardEngine    : Starting Servlet engine: [Apache Tomcat/11.0.20]
2026-04-27T15:49:24.075+05:45  INFO 13272 --- [EShopDemo] [restartedMain] b.w.c.s.WebApplicationContextInitializer : Root WebApplicationContext: initialization completed in 21458 ms
2026-04-27T15:49:25.766+05:45  INFO 13272 --- [EShopDemo] [restartedMain] org.hibernate.orm.jpa                    : HHH008540: Processing PersistenceUnitInfo [name: default]
2026-04-27T15:49:29.502+05:45  INFO 13272 --- [EShopDemo] [restartedMain] o.s.o.j.p.SpringPersistenceUnitInfo      : No LoadTimeWeaver setup: ignoring JPA class transformer
2026-04-27T15:49:29.518+05:45  INFO 13272 --- [EShopDemo] [restartedMain] com.zaxxer.hikari.HikariDataSource       : HikariPool-28 - Starting...
2026-04-27T15:49:31.052+05:45  INFO 13272 --- [EShopDemo] [restartedMain] com.zaxxer.hikari.pool.HikariPool        : HikariPool-28 - Added connection com.mysql.cj.jdbc.ConnectionImpl@27d69354
2026-04-27T15:49:31.062+05:45  INFO 13272 --- [EShopDemo] [restartedMain] com.zaxxer.hikari.HikariDataSource       : HikariPool-28 - Start completed.
2026-04-27T15:49:31.115+05:45  INFO 13272 --- [EShopDemo] [restartedMain] org.hibernate.orm.connections.pooling    : HHH10001005: Database info:
	Database JDBC URL [jdbc:mysql://localhost:3306/prod_eshop_db?createDatabaseIfNotExist=true]
	Database driver: MySQL Connector/J
	Database dialect: MySQLDialect
	Database version: 8.0.35
	Default catalog/schema: prod_eshop_db/undefined
	Autocommit mode: undefined/unknown
	Isolation level: REPEATABLE_READ [default REPEATABLE_READ]
	JDBC fetch size: none
	Pool: DataSourceConnectionProvider
	Minimum pool size: undefined/unknown
	Maximum pool size: undefined/unknown
2026-04-27T15:49:32.318+05:45  INFO 13272 --- [EShopDemo] [restartedMain] org.hibernate.orm.core                   : HHH000489: No JTA platform available (set 'hibernate.transaction.jta.platform' to enable JTA platform integration)
2026-04-27T15:49:32.788+05:45  INFO 13272 --- [EShopDemo] [restartedMain] j.LocalContainerEntityManagerFactoryBean : Initialized JPA EntityManagerFactory for persistence unit 'default'
2026-04-27T15:49:34.823+05:45  WARN 13272 --- [EShopDemo] [restartedMain] ConfigServletWebServerApplicationContext : Exception encountered during context initialization - cancelling refresh attempt: org.springframework.beans.factory.UnsatisfiedDependencyException: Error creating bean with name 'productServiceImpl': Unsatisfied dependency expressed through field 'productRepository': Error creating bean with name 'productRepository' defined in com.cdsc.eshopdemo.repository.ProductRepository defined in @EnableJpaRepositories declared on DataJpaRepositoriesRegistrar.EnableJpaRepositoriesConfiguration: Not a managed type: class com.cdsc.eshopdemo.dto.ProductDto
2026-04-27T15:49:34.823+05:45  INFO 13272 --- [EShopDemo] [restartedMain] j.LocalContainerEntityManagerFactoryBean : Closing JPA EntityManagerFactory for persistence unit 'default'
2026-04-27T15:49:34.825+05:45  INFO 13272 --- [EShopDemo] [restartedMain] com.zaxxer.hikari.HikariDataSource       : HikariPool-28 - Shutdown initiated...
2026-04-27T15:49:36.145+05:45  INFO 13272 --- [EShopDemo] [restartedMain] com.zaxxer.hikari.HikariDataSource       : HikariPool-28 - Shutdown completed.
2026-04-27T15:49:36.151+05:45  INFO 13272 --- [EShopDemo] [restartedMain] o.apache.catalina.core.StandardService   : Stopping service [Tomcat]
2026-04-27T15:49:36.172+05:45  INFO 13272 --- [EShopDemo] [restartedMain] .s.b.a.l.ConditionEvaluationReportLogger : 

Error starting ApplicationContext. To display the condition evaluation report re-run your application with 'debug' enabled.
2026-04-27T15:49:36.181+05:45 ERROR 13272 --- [EShopDemo] [restartedMain] o.s.boot.SpringApplication               : Application run failed

org.springframework.beans.factory.UnsatisfiedDependencyException: Error creating bean with name 'productServiceImpl': Unsatisfied dependency expressed through field 'productRepository': Error creating bean with name 'productRepository' defined in com.cdsc.eshopdemo.repository.ProductRepository defined in @EnableJpaRepositories declared on DataJpaRepositoriesRegistrar.EnableJpaRepositoriesConfiguration: Not a managed type: class com.cdsc.eshopdemo.dto.ProductDto
	at org.springframework.beans.factory.annotation.AutowiredAnnotationBeanPostProcessor$AutowiredFieldElement.resolveFieldValue(AutowiredAnnotationBeanPostProcessor.java:767) ~[spring-beans-7.0.6.jar:7.0.6]
	at org.springframework.beans.factory.annotation.AutowiredAnnotationBeanPostProcessor$AutowiredFieldElement.inject(AutowiredAnnotationBeanPostProcessor.java:748) ~[spring-beans-7.0.6.jar:7.0.6]
	at org.springframework.beans.factory.annotation.InjectionMetadata.inject(InjectionMetadata.java:146) ~[spring-beans-7.0.6.jar:7.0.6]
	at org.springframework.beans.factory.annotation.AutowiredAnnotationBeanPostProcessor.postProcessProperties(AutowiredAnnotationBeanPostProcessor.java:493) ~[spring-beans-7.0.6.jar:7.0.6]
	at org.springframework.beans.factory.support.AbstractAutowireCapableBeanFactory.populateBean(AbstractAutowireCapableBeanFactory.java:1446) ~[spring-beans-7.0.6.jar:7.0.6]
	at org.springframework.beans.factory.support.AbstractAutowireCapableBeanFactory.doCreateBean(AbstractAutowireCapableBeanFactory.java:602) ~[spring-beans-7.0.6.jar:7.0.6]
	at org.springframework.beans.factory.support.AbstractAutowireCapableBeanFactory.createBean(AbstractAutowireCapableBeanFactory.java:525) ~[spring-beans-7.0.6.jar:7.0.6]
	at org.springframework.beans.factory.support.AbstractBeanFactory.lambda$doGetBean$0(AbstractBeanFactory.java:333) ~[spring-beans-7.0.6.jar:7.0.6]
	at org.springframework.beans.factory.support.DefaultSingletonBeanRegistry.getSingleton(DefaultSingletonBeanRegistry.java:371) ~[spring-beans-7.0.6.jar:7.0.6]
	at org.springframework.beans.factory.support.AbstractBeanFactory.doGetBean(AbstractBeanFactory.java:331) ~[spring-beans-7.0.6.jar:7.0.6]
	at org.springframework.beans.factory.support.AbstractBeanFactory.getBean(AbstractBeanFactory.java:196) ~[spring-beans-7.0.6.jar:7.0.6]
	at org.springframework.beans.factory.support.DefaultListableBeanFactory.instantiateSingleton(DefaultListableBeanFactory.java:1218) ~[spring-beans-7.0.6.jar:7.0.6]
	at org.springframework.beans.factory.support.DefaultListableBeanFactory.preInstantiateSingleton(DefaultListableBeanFactory.java:1184) ~[spring-beans-7.0.6.jar:7.0.6]
	at org.springframework.beans.factory.support.DefaultListableBeanFactory.preInstantiateSingletons(DefaultListableBeanFactory.java:1121) ~[spring-beans-7.0.6.jar:7.0.6]
	at org.springframework.context.support.AbstractApplicationContext.finishBeanFactoryInitialization(AbstractApplicationContext.java:994) ~[spring-context-7.0.6.jar:7.0.6]
	at org.springframework.context.support.AbstractApplicationContext.refresh(AbstractApplicationContext.java:621) ~[spring-context-7.0.6.jar:7.0.6]
	at org.springframework.boot.web.server.servlet.context.ServletWebServerApplicationContext.refresh(ServletWebServerApplicationContext.java:143) ~[spring-boot-web-server-4.0.5.jar:4.0.5]
	at org.springframework.boot.SpringApplication.refresh(SpringApplication.java:756) ~[spring-boot-4.0.5.jar:4.0.5]
	at org.springframework.boot.SpringApplication.refreshContext(SpringApplication.java:445) ~[spring-boot-4.0.5.jar:4.0.5]
	at org.springframework.boot.SpringApplication.run(SpringApplication.java:321) ~[spring-boot-4.0.5.jar:4.0.5]
	at org.springframework.boot.SpringApplication.run(SpringApplication.java:1365) ~[spring-boot-4.0.5.jar:4.0.5]
	at org.springframework.boot.SpringApplication.run(SpringApplication.java:1354) ~[spring-boot-4.0.5.jar:4.0.5]
	at com.cdsc.eshopdemo.EShopDemoApplication.main(EShopDemoApplication.java:10) ~[classes/:na]
	at java.base/jdk.internal.reflect.DirectMethodHandleAccessor.invoke(DirectMethodHandleAccessor.java:104) ~[na:na]
	at java.base/java.lang.reflect.Method.invoke(Method.java:565) ~[na:na]
	at org.springframework.boot.devtools.restart.RestartLauncher.run(RestartLauncher.java:52) ~[spring-boot-devtools-4.0.5.jar:4.0.5]
Caused by: org.springframework.beans.factory.BeanCreationException: Error creating bean with name 'productRepository' defined in com.cdsc.eshopdemo.repository.ProductRepository defined in @EnableJpaRepositories declared on DataJpaRepositoriesRegistrar.EnableJpaRepositoriesConfiguration: Not a managed type: class com.cdsc.eshopdemo.dto.ProductDto
	at org.springframework.beans.factory.support.AbstractAutowireCapableBeanFactory.initializeBean(AbstractAutowireCapableBeanFactory.java:1817) ~[spring-beans-7.0.6.jar:7.0.6]
	at org.springframework.beans.factory.support.AbstractAutowireCapableBeanFactory.doCreateBean(AbstractAutowireCapableBeanFactory.java:603) ~[spring-beans-7.0.6.jar:7.0.6]
	at org.springframework.beans.factory.support.AbstractAutowireCapableBeanFactory.createBean(AbstractAutowireCapableBeanFactory.java:525) ~[spring-beans-7.0.6.jar:7.0.6]
	at org.springframework.beans.factory.support.AbstractBeanFactory.lambda$doGetBean$0(AbstractBeanFactory.java:333) ~[spring-beans-7.0.6.jar:7.0.6]
	at org.springframework.beans.factory.support.DefaultSingletonBeanRegistry.getSingleton(DefaultSingletonBeanRegistry.java:371) ~[spring-beans-7.0.6.jar:7.0.6]
	at org.springframework.beans.factory.support.AbstractBeanFactory.doGetBean(AbstractBeanFactory.java:331) ~[spring-beans-7.0.6.jar:7.0.6]
	at org.springframework.beans.factory.support.AbstractBeanFactory.getBean(AbstractBeanFactory.java:201) ~[spring-beans-7.0.6.jar:7.0.6]
	at org.springframework.beans.factory.support.DefaultListableBeanFactory.resolveBean(DefaultListableBeanFactory.java:1225) ~[spring-beans-7.0.6.jar:7.0.6]
	at org.springframework.beans.factory.support.DefaultListableBeanFactory.doResolveDependency(DefaultListableBeanFactory.java:1704) ~[spring-beans-7.0.6.jar:7.0.6]
	at org.springframework.beans.factory.support.DefaultListableBeanFactory.resolveDependency(DefaultListableBeanFactory.java:1651) ~[spring-beans-7.0.6.jar:7.0.6]
	at org.springframework.beans.factory.annotation.AutowiredAnnotationBeanPostProcessor$AutowiredFieldElement.resolveFieldValue(AutowiredAnnotationBeanPostProcessor.java:764) ~[spring-beans-7.0.6.jar:7.0.6]
	... 25 common frames omitted
Caused by: java.lang.IllegalArgumentException: Not a managed type: class com.cdsc.eshopdemo.dto.ProductDto
	at org.hibernate.metamodel.model.domain.internal.JpaMetamodelImpl.managedType(JpaMetamodelImpl.java:254) ~[hibernate-core-7.2.7.Final.jar:7.2.7.Final]
	at org.hibernate.metamodel.model.domain.internal.MappingMetamodelImpl.managedType(MappingMetamodelImpl.java:394) ~[hibernate-core-7.2.7.Final.jar:7.2.7.Final]
	at org.hibernate.metamodel.model.domain.internal.MappingMetamodelImpl.managedType(MappingMetamodelImpl.java:85) ~[hibernate-core-7.2.7.Final.jar:7.2.7.Final]
	at org.springframework.data.jpa.repository.support.JpaEntityInformationSupport.getEntityInformation(JpaEntityInformationSupport.java:92) ~[spring-data-jpa-4.0.4.jar:4.0.4]
	at org.springframework.data.jpa.repository.support.JpaEntityInformationSupport.getEntityInformation(JpaEntityInformationSupport.java:73) ~[spring-data-jpa-4.0.4.jar:4.0.4]
	at org.springframework.data.jpa.repository.support.JpaRepositoryFactory.getEntityInformation(JpaRepositoryFactory.java:270) ~[spring-data-jpa-4.0.4.jar:4.0.4]
	at org.springframework.data.jpa.repository.support.JpaRepositoryFactory.getRepositoryFragments(JpaRepositoryFactory.java:300) ~[spring-data-jpa-4.0.4.jar:4.0.4]
	at org.springframework.data.jpa.repository.support.JpaRepositoryFactory.getRepositoryFragments(JpaRepositoryFactory.java:280) ~[spring-data-jpa-4.0.4.jar:4.0.4]
	at org.springframework.data.repository.core.support.RepositoryFactorySupport.lambda$getRepositoryStub$0(RepositoryFactorySupport.java:497) ~[spring-data-commons-4.0.4.jar:4.0.4]
	at java.base/java.util.HashMap.computeIfAbsent(HashMap.java:1229) ~[na:na]
	at org.springframework.data.repository.core.support.RepositoryFactorySupport.getRepositoryStub(RepositoryFactorySupport.java:494) ~[spring-data-commons-4.0.4.jar:4.0.4]
	at org.springframework.data.repository.core.support.RepositoryFactorySupport.getRepository(RepositoryFactorySupport.java:334) ~[spring-data-commons-4.0.4.jar:4.0.4]
	at org.springframework.data.repository.core.support.RepositoryFactoryBeanSupport.lambda$afterPropertiesSet$1(RepositoryFactoryBeanSupport.java:361) ~[spring-data-commons-4.0.4.jar:4.0.4]
	at org.springframework.data.util.Lazy.getNullable(Lazy.java:136) ~[spring-data-commons-4.0.4.jar:4.0.4]
	at org.springframework.data.util.Lazy.get(Lazy.java:114) ~[spring-data-commons-4.0.4.jar:4.0.4]
	at org.springframework.data.repository.core.support.RepositoryFactoryBeanSupport.afterPropertiesSet(RepositoryFactoryBeanSupport.java:370) ~[spring-data-commons-4.0.4.jar:4.0.4]
	at org.springframework.data.jpa.repository.support.JpaRepositoryFactoryBean.afterPropertiesSet(JpaRepositoryFactoryBean.java:212) ~[spring-data-jpa-4.0.4.jar:4.0.4]
	at org.springframework.beans.factory.support.AbstractAutowireCapableBeanFactory.invokeInitMethods(AbstractAutowireCapableBeanFactory.java:1864) ~[spring-beans-7.0.6.jar:7.0.6]
	at org.springframework.beans.factory.support.AbstractAutowireCapableBeanFactory.initializeBean(AbstractAutowireCapableBeanFactory.java:1813) ~[spring-beans-7.0.6.jar:7.0.6]
	... 35 common frames omitted

2026-04-27T15:50:18.552+05:45  INFO 13272 --- [EShopDemo] [restartedMain] c.cdsc.eshopdemo.EShopDemoApplication    : Starting EShopDemoApplication using Java 25.0.2 with PID 13272 (E:\CDC_training\EShopDemo\target\classes started by DELL in E:\CDC_training\EShopDemo)
2026-04-27T15:50:18.610+05:45  INFO 13272 --- [EShopDemo] [restartedMain] c.cdsc.eshopdemo.EShopDemoApplication    : The following 1 profile is active: "prod"
2026-04-27T15:50:32.508+05:45  INFO 13272 --- [EShopDemo] [restartedMain] .s.d.r.c.RepositoryConfigurationDelegate : Bootstrapping Spring Data JPA repositories in DEFAULT mode.
2026-04-27T15:50:32.685+05:45  INFO 13272 --- [EShopDemo] [restartedMain] .s.d.r.c.RepositoryConfigurationDelegate : Finished Spring Data repository scanning in 170 ms. Found 3 JPA repository interfaces.
2026-04-27T15:50:34.374+05:45  INFO 13272 --- [EShopDemo] [restartedMain] o.s.boot.tomcat.TomcatWebServer          : Tomcat initialized with port 8080 (http)
2026-04-27T15:50:34.428+05:45  INFO 13272 --- [EShopDemo] [restartedMain] o.apache.catalina.core.StandardService   : Starting service [Tomcat]
2026-04-27T15:50:34.429+05:45  INFO 13272 --- [EShopDemo] [restartedMain] o.apache.catalina.core.StandardEngine    : Starting Servlet engine: [Apache Tomcat/11.0.20]
2026-04-27T15:50:35.005+05:45  INFO 13272 --- [EShopDemo] [restartedMain] b.w.c.s.WebApplicationContextInitializer : Root WebApplicationContext: initialization completed in 16056 ms
2026-04-27T15:50:35.601+05:45  INFO 13272 --- [EShopDemo] [restartedMain] org.hibernate.orm.jpa                    : HHH008540: Processing PersistenceUnitInfo [name: default]
2026-04-27T15:50:36.045+05:45  INFO 13272 --- [EShopDemo] [restartedMain] o.s.o.j.p.SpringPersistenceUnitInfo      : No LoadTimeWeaver setup: ignoring JPA class transformer
2026-04-27T15:50:36.052+05:45  INFO 13272 --- [EShopDemo] [restartedMain] com.zaxxer.hikari.HikariDataSource       : HikariPool-29 - Starting...
2026-04-27T15:50:36.560+05:45  INFO 13272 --- [EShopDemo] [restartedMain] com.zaxxer.hikari.pool.HikariPool        : HikariPool-29 - Added connection com.mysql.cj.jdbc.ConnectionImpl@5bb5f9e7
2026-04-27T15:50:36.561+05:45  INFO 13272 --- [EShopDemo] [restartedMain] com.zaxxer.hikari.HikariDataSource       : HikariPool-29 - Start completed.
2026-04-27T15:50:36.592+05:45  INFO 13272 --- [EShopDemo] [restartedMain] org.hibernate.orm.connections.pooling    : HHH10001005: Database info:
	Database JDBC URL [jdbc:mysql://localhost:3306/prod_eshop_db?createDatabaseIfNotExist=true]
	Database driver: MySQL Connector/J
	Database dialect: MySQLDialect
	Database version: 8.0.35
	Default catalog/schema: prod_eshop_db/undefined
	Autocommit mode: undefined/unknown
	Isolation level: REPEATABLE_READ [default REPEATABLE_READ]
	JDBC fetch size: none
	Pool: DataSourceConnectionProvider
	Minimum pool size: undefined/unknown
	Maximum pool size: undefined/unknown
2026-04-27T15:50:37.692+05:45  INFO 13272 --- [EShopDemo] [restartedMain] org.hibernate.orm.core                   : HHH000489: No JTA platform available (set 'hibernate.transaction.jta.platform' to enable JTA platform integration)
2026-04-27T15:50:37.933+05:45  INFO 13272 --- [EShopDemo] [restartedMain] j.LocalContainerEntityManagerFactoryBean : Initialized JPA EntityManagerFactory for persistence unit 'default'
2026-04-27T15:50:38.521+05:45  WARN 13272 --- [EShopDemo] [restartedMain] ConfigServletWebServerApplicationContext : Exception encountered during context initialization - cancelling refresh attempt: org.springframework.beans.factory.UnsatisfiedDependencyException: Error creating bean with name 'productServiceImpl': Unsatisfied dependency expressed through field 'productRepository': Error creating bean with name 'productRepository' defined in com.cdsc.eshopdemo.repository.ProductRepository defined in @EnableJpaRepositories declared on DataJpaRepositoriesRegistrar.EnableJpaRepositoriesConfiguration: Not a managed type: class com.cdsc.eshopdemo.dto.ProductDto
2026-04-27T15:50:38.523+05:45  INFO 13272 --- [EShopDemo] [restartedMain] j.LocalContainerEntityManagerFactoryBean : Closing JPA EntityManagerFactory for persistence unit 'default'
2026-04-27T15:50:38.526+05:45  INFO 13272 --- [EShopDemo] [restartedMain] com.zaxxer.hikari.HikariDataSource       : HikariPool-29 - Shutdown initiated...
2026-04-27T15:50:38.582+05:45  INFO 13272 --- [EShopDemo] [restartedMain] com.zaxxer.hikari.HikariDataSource       : HikariPool-29 - Shutdown completed.
2026-04-27T15:50:38.590+05:45  INFO 13272 --- [EShopDemo] [restartedMain] o.apache.catalina.core.StandardService   : Stopping service [Tomcat]
2026-04-27T15:50:38.604+05:45  INFO 13272 --- [EShopDemo] [restartedMain] .s.b.a.l.ConditionEvaluationReportLogger : 

Error starting ApplicationContext. To display the condition evaluation report re-run your application with 'debug' enabled.
2026-04-27T15:50:38.615+05:45 ERROR 13272 --- [EShopDemo] [restartedMain] o.s.boot.SpringApplication               : Application run failed

org.springframework.beans.factory.UnsatisfiedDependencyException: Error creating bean with name 'productServiceImpl': Unsatisfied dependency expressed through field 'productRepository': Error creating bean with name 'productRepository' defined in com.cdsc.eshopdemo.repository.ProductRepository defined in @EnableJpaRepositories declared on DataJpaRepositoriesRegistrar.EnableJpaRepositoriesConfiguration: Not a managed type: class com.cdsc.eshopdemo.dto.ProductDto
	at org.springframework.beans.factory.annotation.AutowiredAnnotationBeanPostProcessor$AutowiredFieldElement.resolveFieldValue(AutowiredAnnotationBeanPostProcessor.java:767) ~[spring-beans-7.0.6.jar:7.0.6]
	at org.springframework.beans.factory.annotation.AutowiredAnnotationBeanPostProcessor$AutowiredFieldElement.inject(AutowiredAnnotationBeanPostProcessor.java:748) ~[spring-beans-7.0.6.jar:7.0.6]
	at org.springframework.beans.factory.annotation.InjectionMetadata.inject(InjectionMetadata.java:146) ~[spring-beans-7.0.6.jar:7.0.6]
	at org.springframework.beans.factory.annotation.AutowiredAnnotationBeanPostProcessor.postProcessProperties(AutowiredAnnotationBeanPostProcessor.java:493) ~[spring-beans-7.0.6.jar:7.0.6]
	at org.springframework.beans.factory.support.AbstractAutowireCapableBeanFactory.populateBean(AbstractAutowireCapableBeanFactory.java:1446) ~[spring-beans-7.0.6.jar:7.0.6]
	at org.springframework.beans.factory.support.AbstractAutowireCapableBeanFactory.doCreateBean(AbstractAutowireCapableBeanFactory.java:602) ~[spring-beans-7.0.6.jar:7.0.6]
	at org.springframework.beans.factory.support.AbstractAutowireCapableBeanFactory.createBean(AbstractAutowireCapableBeanFactory.java:525) ~[spring-beans-7.0.6.jar:7.0.6]
	at org.springframework.beans.factory.support.AbstractBeanFactory.lambda$doGetBean$0(AbstractBeanFactory.java:333) ~[spring-beans-7.0.6.jar:7.0.6]
	at org.springframework.beans.factory.support.DefaultSingletonBeanRegistry.getSingleton(DefaultSingletonBeanRegistry.java:371) ~[spring-beans-7.0.6.jar:7.0.6]
	at org.springframework.beans.factory.support.AbstractBeanFactory.doGetBean(AbstractBeanFactory.java:331) ~[spring-beans-7.0.6.jar:7.0.6]
	at org.springframework.beans.factory.support.AbstractBeanFactory.getBean(AbstractBeanFactory.java:196) ~[spring-beans-7.0.6.jar:7.0.6]
	at org.springframework.beans.factory.support.DefaultListableBeanFactory.instantiateSingleton(DefaultListableBeanFactory.java:1218) ~[spring-beans-7.0.6.jar:7.0.6]
	at org.springframework.beans.factory.support.DefaultListableBeanFactory.preInstantiateSingleton(DefaultListableBeanFactory.java:1184) ~[spring-beans-7.0.6.jar:7.0.6]
	at org.springframework.beans.factory.support.DefaultListableBeanFactory.preInstantiateSingletons(DefaultListableBeanFactory.java:1121) ~[spring-beans-7.0.6.jar:7.0.6]
	at org.springframework.context.support.AbstractApplicationContext.finishBeanFactoryInitialization(AbstractApplicationContext.java:994) ~[spring-context-7.0.6.jar:7.0.6]
	at org.springframework.context.support.AbstractApplicationContext.refresh(AbstractApplicationContext.java:621) ~[spring-context-7.0.6.jar:7.0.6]
	at org.springframework.boot.web.server.servlet.context.ServletWebServerApplicationContext.refresh(ServletWebServerApplicationContext.java:143) ~[spring-boot-web-server-4.0.5.jar:4.0.5]
	at org.springframework.boot.SpringApplication.refresh(SpringApplication.java:756) ~[spring-boot-4.0.5.jar:4.0.5]
	at org.springframework.boot.SpringApplication.refreshContext(SpringApplication.java:445) ~[spring-boot-4.0.5.jar:4.0.5]
	at org.springframework.boot.SpringApplication.run(SpringApplication.java:321) ~[spring-boot-4.0.5.jar:4.0.5]
	at org.springframework.boot.SpringApplication.run(SpringApplication.java:1365) ~[spring-boot-4.0.5.jar:4.0.5]
	at org.springframework.boot.SpringApplication.run(SpringApplication.java:1354) ~[spring-boot-4.0.5.jar:4.0.5]
	at com.cdsc.eshopdemo.EShopDemoApplication.main(EShopDemoApplication.java:10) ~[classes/:na]
	at java.base/jdk.internal.reflect.DirectMethodHandleAccessor.invoke(DirectMethodHandleAccessor.java:104) ~[na:na]
	at java.base/java.lang.reflect.Method.invoke(Method.java:565) ~[na:na]
	at org.springframework.boot.devtools.restart.RestartLauncher.run(RestartLauncher.java:52) ~[spring-boot-devtools-4.0.5.jar:4.0.5]
Caused by: org.springframework.beans.factory.BeanCreationException: Error creating bean with name 'productRepository' defined in com.cdsc.eshopdemo.repository.ProductRepository defined in @EnableJpaRepositories declared on DataJpaRepositoriesRegistrar.EnableJpaRepositoriesConfiguration: Not a managed type: class com.cdsc.eshopdemo.dto.ProductDto
	at org.springframework.beans.factory.support.AbstractAutowireCapableBeanFactory.initializeBean(AbstractAutowireCapableBeanFactory.java:1817) ~[spring-beans-7.0.6.jar:7.0.6]
	at org.springframework.beans.factory.support.AbstractAutowireCapableBeanFactory.doCreateBean(AbstractAutowireCapableBeanFactory.java:603) ~[spring-beans-7.0.6.jar:7.0.6]
	at org.springframework.beans.factory.support.AbstractAutowireCapableBeanFactory.createBean(AbstractAutowireCapableBeanFactory.java:525) ~[spring-beans-7.0.6.jar:7.0.6]
	at org.springframework.beans.factory.support.AbstractBeanFactory.lambda$doGetBean$0(AbstractBeanFactory.java:333) ~[spring-beans-7.0.6.jar:7.0.6]
	at org.springframework.beans.factory.support.DefaultSingletonBeanRegistry.getSingleton(DefaultSingletonBeanRegistry.java:371) ~[spring-beans-7.0.6.jar:7.0.6]
	at org.springframework.beans.factory.support.AbstractBeanFactory.doGetBean(AbstractBeanFactory.java:331) ~[spring-beans-7.0.6.jar:7.0.6]
	at org.springframework.beans.factory.support.AbstractBeanFactory.getBean(AbstractBeanFactory.java:201) ~[spring-beans-7.0.6.jar:7.0.6]
	at org.springframework.beans.factory.support.DefaultListableBeanFactory.resolveBean(DefaultListableBeanFactory.java:1225) ~[spring-beans-7.0.6.jar:7.0.6]
	at org.springframework.beans.factory.support.DefaultListableBeanFactory.doResolveDependency(DefaultListableBeanFactory.java:1704) ~[spring-beans-7.0.6.jar:7.0.6]
	at org.springframework.beans.factory.support.DefaultListableBeanFactory.resolveDependency(DefaultListableBeanFactory.java:1651) ~[spring-beans-7.0.6.jar:7.0.6]
	at org.springframework.beans.factory.annotation.AutowiredAnnotationBeanPostProcessor$AutowiredFieldElement.resolveFieldValue(AutowiredAnnotationBeanPostProcessor.java:764) ~[spring-beans-7.0.6.jar:7.0.6]
	... 25 common frames omitted
Caused by: java.lang.IllegalArgumentException: Not a managed type: class com.cdsc.eshopdemo.dto.ProductDto
	at org.hibernate.metamodel.model.domain.internal.JpaMetamodelImpl.managedType(JpaMetamodelImpl.java:254) ~[hibernate-core-7.2.7.Final.jar:7.2.7.Final]
	at org.hibernate.metamodel.model.domain.internal.MappingMetamodelImpl.managedType(MappingMetamodelImpl.java:394) ~[hibernate-core-7.2.7.Final.jar:7.2.7.Final]
	at org.hibernate.metamodel.model.domain.internal.MappingMetamodelImpl.managedType(MappingMetamodelImpl.java:85) ~[hibernate-core-7.2.7.Final.jar:7.2.7.Final]
	at org.springframework.data.jpa.repository.support.JpaEntityInformationSupport.getEntityInformation(JpaEntityInformationSupport.java:92) ~[spring-data-jpa-4.0.4.jar:4.0.4]
	at org.springframework.data.jpa.repository.support.JpaEntityInformationSupport.getEntityInformation(JpaEntityInformationSupport.java:73) ~[spring-data-jpa-4.0.4.jar:4.0.4]
	at org.springframework.data.jpa.repository.support.JpaRepositoryFactory.getEntityInformation(JpaRepositoryFactory.java:270) ~[spring-data-jpa-4.0.4.jar:4.0.4]
	at org.springframework.data.jpa.repository.support.JpaRepositoryFactory.getRepositoryFragments(JpaRepositoryFactory.java:300) ~[spring-data-jpa-4.0.4.jar:4.0.4]
	at org.springframework.data.jpa.repository.support.JpaRepositoryFactory.getRepositoryFragments(JpaRepositoryFactory.java:280) ~[spring-data-jpa-4.0.4.jar:4.0.4]
	at org.springframework.data.repository.core.support.RepositoryFactorySupport.lambda$getRepositoryStub$0(RepositoryFactorySupport.java:497) ~[spring-data-commons-4.0.4.jar:4.0.4]
	at java.base/java.util.HashMap.computeIfAbsent(HashMap.java:1229) ~[na:na]
	at org.springframework.data.repository.core.support.RepositoryFactorySupport.getRepositoryStub(RepositoryFactorySupport.java:494) ~[spring-data-commons-4.0.4.jar:4.0.4]
	at org.springframework.data.repository.core.support.RepositoryFactorySupport.getRepository(RepositoryFactorySupport.java:334) ~[spring-data-commons-4.0.4.jar:4.0.4]
	at org.springframework.data.repository.core.support.RepositoryFactoryBeanSupport.lambda$afterPropertiesSet$1(RepositoryFactoryBeanSupport.java:361) ~[spring-data-commons-4.0.4.jar:4.0.4]
	at org.springframework.data.util.Lazy.getNullable(Lazy.java:136) ~[spring-data-commons-4.0.4.jar:4.0.4]
	at org.springframework.data.util.Lazy.get(Lazy.java:114) ~[spring-data-commons-4.0.4.jar:4.0.4]
	at org.springframework.data.repository.core.support.RepositoryFactoryBeanSupport.afterPropertiesSet(RepositoryFactoryBeanSupport.java:370) ~[spring-data-commons-4.0.4.jar:4.0.4]
	at org.springframework.data.jpa.repository.support.JpaRepositoryFactoryBean.afterPropertiesSet(JpaRepositoryFactoryBean.java:212) ~[spring-data-jpa-4.0.4.jar:4.0.4]
	at org.springframework.beans.factory.support.AbstractAutowireCapableBeanFactory.invokeInitMethods(AbstractAutowireCapableBeanFactory.java:1864) ~[spring-beans-7.0.6.jar:7.0.6]
	at org.springframework.beans.factory.support.AbstractAutowireCapableBeanFactory.initializeBean(AbstractAutowireCapableBeanFactory.java:1813) ~[spring-beans-7.0.6.jar:7.0.6]
	... 35 common frames omitted

2026-04-27T15:51:32.954+05:45  INFO 13272 --- [EShopDemo] [restartedMain] c.cdsc.eshopdemo.EShopDemoApplication    : Starting EShopDemoApplication using Java 25.0.2 with PID 13272 (E:\CDC_training\EShopDemo\target\classes started by DELL in E:\CDC_training\EShopDemo)
2026-04-27T15:51:32.963+05:45  INFO 13272 --- [EShopDemo] [restartedMain] c.cdsc.eshopdemo.EShopDemoApplication    : The following 1 profile is active: "prod"
2026-04-27T15:51:42.145+05:45  INFO 13272 --- [EShopDemo] [restartedMain] .s.d.r.c.RepositoryConfigurationDelegate : Bootstrapping Spring Data JPA repositories in DEFAULT mode.
2026-04-27T15:51:42.478+05:45  INFO 13272 --- [EShopDemo] [restartedMain] .s.d.r.c.RepositoryConfigurationDelegate : Finished Spring Data repository scanning in 317 ms. Found 3 JPA repository interfaces.
2026-04-27T15:51:44.957+05:45  INFO 13272 --- [EShopDemo] [restartedMain] o.s.boot.tomcat.TomcatWebServer          : Tomcat initialized with port 8080 (http)
2026-04-27T15:51:45.414+05:45  INFO 13272 --- [EShopDemo] [restartedMain] o.apache.catalina.core.StandardService   : Starting service [Tomcat]
2026-04-27T15:51:45.416+05:45  INFO 13272 --- [EShopDemo] [restartedMain] o.apache.catalina.core.StandardEngine    : Starting Servlet engine: [Apache Tomcat/11.0.20]
2026-04-27T15:51:46.724+05:45  INFO 13272 --- [EShopDemo] [restartedMain] b.w.c.s.WebApplicationContextInitializer : Root WebApplicationContext: initialization completed in 13593 ms
2026-04-27T15:51:47.822+05:45  INFO 13272 --- [EShopDemo] [restartedMain] org.hibernate.orm.jpa                    : HHH008540: Processing PersistenceUnitInfo [name: default]
2026-04-27T15:51:48.144+05:45  INFO 13272 --- [EShopDemo] [restartedMain] o.s.o.j.p.SpringPersistenceUnitInfo      : No LoadTimeWeaver setup: ignoring JPA class transformer
2026-04-27T15:51:48.152+05:45  INFO 13272 --- [EShopDemo] [restartedMain] com.zaxxer.hikari.HikariDataSource       : HikariPool-30 - Starting...
2026-04-27T15:51:48.714+05:45  INFO 13272 --- [EShopDemo] [restartedMain] com.zaxxer.hikari.pool.HikariPool        : HikariPool-30 - Added connection com.mysql.cj.jdbc.ConnectionImpl@4bd2f660
2026-04-27T15:51:48.716+05:45  INFO 13272 --- [EShopDemo] [restartedMain] com.zaxxer.hikari.HikariDataSource       : HikariPool-30 - Start completed.
2026-04-27T15:51:48.741+05:45  INFO 13272 --- [EShopDemo] [restartedMain] org.hibernate.orm.connections.pooling    : HHH10001005: Database info:
	Database JDBC URL [jdbc:mysql://localhost:3306/prod_eshop_db?createDatabaseIfNotExist=true]
	Database driver: MySQL Connector/J
	Database dialect: MySQLDialect
	Database version: 8.0.35
	Default catalog/schema: prod_eshop_db/undefined
	Autocommit mode: undefined/unknown
	Isolation level: REPEATABLE_READ [default REPEATABLE_READ]
	JDBC fetch size: none
	Pool: DataSourceConnectionProvider
	Minimum pool size: undefined/unknown
	Maximum pool size: undefined/unknown
2026-04-27T15:51:49.563+05:45  INFO 13272 --- [EShopDemo] [restartedMain] org.hibernate.orm.core                   : HHH000489: No JTA platform available (set 'hibernate.transaction.jta.platform' to enable JTA platform integration)
2026-04-27T15:51:49.744+05:45  INFO 13272 --- [EShopDemo] [restartedMain] j.LocalContainerEntityManagerFactoryBean : Initialized JPA EntityManagerFactory for persistence unit 'default'
2026-04-27T15:51:50.373+05:45  WARN 13272 --- [EShopDemo] [restartedMain] ConfigServletWebServerApplicationContext : Exception encountered during context initialization - cancelling refresh attempt: org.springframework.beans.factory.UnsatisfiedDependencyException: Error creating bean with name 'productServiceImpl': Unsatisfied dependency expressed through field 'productRepository': Error creating bean with name 'productRepository' defined in com.cdsc.eshopdemo.repository.ProductRepository defined in @EnableJpaRepositories declared on DataJpaRepositoriesRegistrar.EnableJpaRepositoriesConfiguration: Not a managed type: class com.cdsc.eshopdemo.dto.ProductDto
2026-04-27T15:51:50.374+05:45  INFO 13272 --- [EShopDemo] [restartedMain] j.LocalContainerEntityManagerFactoryBean : Closing JPA EntityManagerFactory for persistence unit 'default'
2026-04-27T15:51:50.376+05:45  INFO 13272 --- [EShopDemo] [restartedMain] com.zaxxer.hikari.HikariDataSource       : HikariPool-30 - Shutdown initiated...
2026-04-27T15:51:50.443+05:45  INFO 13272 --- [EShopDemo] [restartedMain] com.zaxxer.hikari.HikariDataSource       : HikariPool-30 - Shutdown completed.
2026-04-27T15:51:50.445+05:45  INFO 13272 --- [EShopDemo] [restartedMain] o.apache.catalina.core.StandardService   : Stopping service [Tomcat]
2026-04-27T15:51:50.454+05:45  INFO 13272 --- [EShopDemo] [restartedMain] .s.b.a.l.ConditionEvaluationReportLogger : 

Error starting ApplicationContext. To display the condition evaluation report re-run your application with 'debug' enabled.
2026-04-27T15:51:50.462+05:45 ERROR 13272 --- [EShopDemo] [restartedMain] o.s.boot.SpringApplication               : Application run failed

org.springframework.beans.factory.UnsatisfiedDependencyException: Error creating bean with name 'productServiceImpl': Unsatisfied dependency expressed through field 'productRepository': Error creating bean with name 'productRepository' defined in com.cdsc.eshopdemo.repository.ProductRepository defined in @EnableJpaRepositories declared on DataJpaRepositoriesRegistrar.EnableJpaRepositoriesConfiguration: Not a managed type: class com.cdsc.eshopdemo.dto.ProductDto
	at org.springframework.beans.factory.annotation.AutowiredAnnotationBeanPostProcessor$AutowiredFieldElement.resolveFieldValue(AutowiredAnnotationBeanPostProcessor.java:767) ~[spring-beans-7.0.6.jar:7.0.6]
	at org.springframework.beans.factory.annotation.AutowiredAnnotationBeanPostProcessor$AutowiredFieldElement.inject(AutowiredAnnotationBeanPostProcessor.java:748) ~[spring-beans-7.0.6.jar:7.0.6]
	at org.springframework.beans.factory.annotation.InjectionMetadata.inject(InjectionMetadata.java:146) ~[spring-beans-7.0.6.jar:7.0.6]
	at org.springframework.beans.factory.annotation.AutowiredAnnotationBeanPostProcessor.postProcessProperties(AutowiredAnnotationBeanPostProcessor.java:493) ~[spring-beans-7.0.6.jar:7.0.6]
	at org.springframework.beans.factory.support.AbstractAutowireCapableBeanFactory.populateBean(AbstractAutowireCapableBeanFactory.java:1446) ~[spring-beans-7.0.6.jar:7.0.6]
	at org.springframework.beans.factory.support.AbstractAutowireCapableBeanFactory.doCreateBean(AbstractAutowireCapableBeanFactory.java:602) ~[spring-beans-7.0.6.jar:7.0.6]
	at org.springframework.beans.factory.support.AbstractAutowireCapableBeanFactory.createBean(AbstractAutowireCapableBeanFactory.java:525) ~[spring-beans-7.0.6.jar:7.0.6]
	at org.springframework.beans.factory.support.AbstractBeanFactory.lambda$doGetBean$0(AbstractBeanFactory.java:333) ~[spring-beans-7.0.6.jar:7.0.6]
	at org.springframework.beans.factory.support.DefaultSingletonBeanRegistry.getSingleton(DefaultSingletonBeanRegistry.java:371) ~[spring-beans-7.0.6.jar:7.0.6]
	at org.springframework.beans.factory.support.AbstractBeanFactory.doGetBean(AbstractBeanFactory.java:331) ~[spring-beans-7.0.6.jar:7.0.6]
	at org.springframework.beans.factory.support.AbstractBeanFactory.getBean(AbstractBeanFactory.java:196) ~[spring-beans-7.0.6.jar:7.0.6]
	at org.springframework.beans.factory.support.DefaultListableBeanFactory.instantiateSingleton(DefaultListableBeanFactory.java:1218) ~[spring-beans-7.0.6.jar:7.0.6]
	at org.springframework.beans.factory.support.DefaultListableBeanFactory.preInstantiateSingleton(DefaultListableBeanFactory.java:1184) ~[spring-beans-7.0.6.jar:7.0.6]
	at org.springframework.beans.factory.support.DefaultListableBeanFactory.preInstantiateSingletons(DefaultListableBeanFactory.java:1121) ~[spring-beans-7.0.6.jar:7.0.6]
	at org.springframework.context.support.AbstractApplicationContext.finishBeanFactoryInitialization(AbstractApplicationContext.java:994) ~[spring-context-7.0.6.jar:7.0.6]
	at org.springframework.context.support.AbstractApplicationContext.refresh(AbstractApplicationContext.java:621) ~[spring-context-7.0.6.jar:7.0.6]
	at org.springframework.boot.web.server.servlet.context.ServletWebServerApplicationContext.refresh(ServletWebServerApplicationContext.java:143) ~[spring-boot-web-server-4.0.5.jar:4.0.5]
	at org.springframework.boot.SpringApplication.refresh(SpringApplication.java:756) ~[spring-boot-4.0.5.jar:4.0.5]
	at org.springframework.boot.SpringApplication.refreshContext(SpringApplication.java:445) ~[spring-boot-4.0.5.jar:4.0.5]
	at org.springframework.boot.SpringApplication.run(SpringApplication.java:321) ~[spring-boot-4.0.5.jar:4.0.5]
	at org.springframework.boot.SpringApplication.run(SpringApplication.java:1365) ~[spring-boot-4.0.5.jar:4.0.5]
	at org.springframework.boot.SpringApplication.run(SpringApplication.java:1354) ~[spring-boot-4.0.5.jar:4.0.5]
	at com.cdsc.eshopdemo.EShopDemoApplication.main(EShopDemoApplication.java:10) ~[classes/:na]
	at java.base/jdk.internal.reflect.DirectMethodHandleAccessor.invoke(DirectMethodHandleAccessor.java:104) ~[na:na]
	at java.base/java.lang.reflect.Method.invoke(Method.java:565) ~[na:na]
	at org.springframework.boot.devtools.restart.RestartLauncher.run(RestartLauncher.java:52) ~[spring-boot-devtools-4.0.5.jar:4.0.5]
Caused by: org.springframework.beans.factory.BeanCreationException: Error creating bean with name 'productRepository' defined in com.cdsc.eshopdemo.repository.ProductRepository defined in @EnableJpaRepositories declared on DataJpaRepositoriesRegistrar.EnableJpaRepositoriesConfiguration: Not a managed type: class com.cdsc.eshopdemo.dto.ProductDto
	at org.springframework.beans.factory.support.AbstractAutowireCapableBeanFactory.initializeBean(AbstractAutowireCapableBeanFactory.java:1817) ~[spring-beans-7.0.6.jar:7.0.6]
	at org.springframework.beans.factory.support.AbstractAutowireCapableBeanFactory.doCreateBean(AbstractAutowireCapableBeanFactory.java:603) ~[spring-beans-7.0.6.jar:7.0.6]
	at org.springframework.beans.factory.support.AbstractAutowireCapableBeanFactory.createBean(AbstractAutowireCapableBeanFactory.java:525) ~[spring-beans-7.0.6.jar:7.0.6]
	at org.springframework.beans.factory.support.AbstractBeanFactory.lambda$doGetBean$0(AbstractBeanFactory.java:333) ~[spring-beans-7.0.6.jar:7.0.6]
	at org.springframework.beans.factory.support.DefaultSingletonBeanRegistry.getSingleton(DefaultSingletonBeanRegistry.java:371) ~[spring-beans-7.0.6.jar:7.0.6]
	at org.springframework.beans.factory.support.AbstractBeanFactory.doGetBean(AbstractBeanFactory.java:331) ~[spring-beans-7.0.6.jar:7.0.6]
	at org.springframework.beans.factory.support.AbstractBeanFactory.getBean(AbstractBeanFactory.java:201) ~[spring-beans-7.0.6.jar:7.0.6]
	at org.springframework.beans.factory.support.DefaultListableBeanFactory.resolveBean(DefaultListableBeanFactory.java:1225) ~[spring-beans-7.0.6.jar:7.0.6]
	at org.springframework.beans.factory.support.DefaultListableBeanFactory.doResolveDependency(DefaultListableBeanFactory.java:1704) ~[spring-beans-7.0.6.jar:7.0.6]
	at org.springframework.beans.factory.support.DefaultListableBeanFactory.resolveDependency(DefaultListableBeanFactory.java:1651) ~[spring-beans-7.0.6.jar:7.0.6]
	at org.springframework.beans.factory.annotation.AutowiredAnnotationBeanPostProcessor$AutowiredFieldElement.resolveFieldValue(AutowiredAnnotationBeanPostProcessor.java:764) ~[spring-beans-7.0.6.jar:7.0.6]
	... 25 common frames omitted
Caused by: java.lang.IllegalArgumentException: Not a managed type: class com.cdsc.eshopdemo.dto.ProductDto
	at org.hibernate.metamodel.model.domain.internal.JpaMetamodelImpl.managedType(JpaMetamodelImpl.java:254) ~[hibernate-core-7.2.7.Final.jar:7.2.7.Final]
	at org.hibernate.metamodel.model.domain.internal.MappingMetamodelImpl.managedType(MappingMetamodelImpl.java:394) ~[hibernate-core-7.2.7.Final.jar:7.2.7.Final]
	at org.hibernate.metamodel.model.domain.internal.MappingMetamodelImpl.managedType(MappingMetamodelImpl.java:85) ~[hibernate-core-7.2.7.Final.jar:7.2.7.Final]
	at org.springframework.data.jpa.repository.support.JpaEntityInformationSupport.getEntityInformation(JpaEntityInformationSupport.java:92) ~[spring-data-jpa-4.0.4.jar:4.0.4]
	at org.springframework.data.jpa.repository.support.JpaEntityInformationSupport.getEntityInformation(JpaEntityInformationSupport.java:73) ~[spring-data-jpa-4.0.4.jar:4.0.4]
	at org.springframework.data.jpa.repository.support.JpaRepositoryFactory.getEntityInformation(JpaRepositoryFactory.java:270) ~[spring-data-jpa-4.0.4.jar:4.0.4]
	at org.springframework.data.jpa.repository.support.JpaRepositoryFactory.getRepositoryFragments(JpaRepositoryFactory.java:300) ~[spring-data-jpa-4.0.4.jar:4.0.4]
	at org.springframework.data.jpa.repository.support.JpaRepositoryFactory.getRepositoryFragments(JpaRepositoryFactory.java:280) ~[spring-data-jpa-4.0.4.jar:4.0.4]
	at org.springframework.data.repository.core.support.RepositoryFactorySupport.lambda$getRepositoryStub$0(RepositoryFactorySupport.java:497) ~[spring-data-commons-4.0.4.jar:4.0.4]
	at java.base/java.util.HashMap.computeIfAbsent(HashMap.java:1229) ~[na:na]
	at org.springframework.data.repository.core.support.RepositoryFactorySupport.getRepositoryStub(RepositoryFactorySupport.java:494) ~[spring-data-commons-4.0.4.jar:4.0.4]
	at org.springframework.data.repository.core.support.RepositoryFactorySupport.getRepository(RepositoryFactorySupport.java:334) ~[spring-data-commons-4.0.4.jar:4.0.4]
	at org.springframework.data.repository.core.support.RepositoryFactoryBeanSupport.lambda$afterPropertiesSet$1(RepositoryFactoryBeanSupport.java:361) ~[spring-data-commons-4.0.4.jar:4.0.4]
	at org.springframework.data.util.Lazy.getNullable(Lazy.java:136) ~[spring-data-commons-4.0.4.jar:4.0.4]
	at org.springframework.data.util.Lazy.get(Lazy.java:114) ~[spring-data-commons-4.0.4.jar:4.0.4]
	at org.springframework.data.repository.core.support.RepositoryFactoryBeanSupport.afterPropertiesSet(RepositoryFactoryBeanSupport.java:370) ~[spring-data-commons-4.0.4.jar:4.0.4]
	at org.springframework.data.jpa.repository.support.JpaRepositoryFactoryBean.afterPropertiesSet(JpaRepositoryFactoryBean.java:212) ~[spring-data-jpa-4.0.4.jar:4.0.4]
	at org.springframework.beans.factory.support.AbstractAutowireCapableBeanFactory.invokeInitMethods(AbstractAutowireCapableBeanFactory.java:1864) ~[spring-beans-7.0.6.jar:7.0.6]
	at org.springframework.beans.factory.support.AbstractAutowireCapableBeanFactory.initializeBean(AbstractAutowireCapableBeanFactory.java:1813) ~[spring-beans-7.0.6.jar:7.0.6]
	... 35 common frames omitted

2026-04-27T15:52:15.555+05:45  INFO 13272 --- [EShopDemo] [restartedMain] c.cdsc.eshopdemo.EShopDemoApplication    : Starting EShopDemoApplication using Java 25.0.2 with PID 13272 (E:\CDC_training\EShopDemo\target\classes started by DELL in E:\CDC_training\EShopDemo)
2026-04-27T15:52:15.555+05:45  INFO 13272 --- [EShopDemo] [restartedMain] c.cdsc.eshopdemo.EShopDemoApplication    : The following 1 profile is active: "prod"
2026-04-27T15:52:17.996+05:45  INFO 13272 --- [EShopDemo] [restartedMain] .s.d.r.c.RepositoryConfigurationDelegate : Bootstrapping Spring Data JPA repositories in DEFAULT mode.
2026-04-27T15:52:18.326+05:45  INFO 13272 --- [EShopDemo] [restartedMain] .s.d.r.c.RepositoryConfigurationDelegate : Finished Spring Data repository scanning in 318 ms. Found 3 JPA repository interfaces.
2026-04-27T15:52:19.405+05:45  INFO 13272 --- [EShopDemo] [restartedMain] o.s.boot.tomcat.TomcatWebServer          : Tomcat initialized with port 8080 (http)
2026-04-27T15:52:19.424+05:45  INFO 13272 --- [EShopDemo] [restartedMain] o.apache.catalina.core.StandardService   : Starting service [Tomcat]
2026-04-27T15:52:19.424+05:45  INFO 13272 --- [EShopDemo] [restartedMain] o.apache.catalina.core.StandardEngine    : Starting Servlet engine: [Apache Tomcat/11.0.20]
2026-04-27T15:52:19.996+05:45  INFO 13272 --- [EShopDemo] [restartedMain] b.w.c.s.WebApplicationContextInitializer : Root WebApplicationContext: initialization completed in 4361 ms
2026-04-27T15:52:20.216+05:45  INFO 13272 --- [EShopDemo] [restartedMain] org.hibernate.orm.jpa                    : HHH008540: Processing PersistenceUnitInfo [name: default]
2026-04-27T15:52:20.615+05:45  INFO 13272 --- [EShopDemo] [restartedMain] o.s.o.j.p.SpringPersistenceUnitInfo      : No LoadTimeWeaver setup: ignoring JPA class transformer
2026-04-27T15:52:20.623+05:45  INFO 13272 --- [EShopDemo] [restartedMain] com.zaxxer.hikari.HikariDataSource       : HikariPool-31 - Starting...
2026-04-27T15:52:20.690+05:45  INFO 13272 --- [EShopDemo] [restartedMain] com.zaxxer.hikari.pool.HikariPool        : HikariPool-31 - Added connection com.mysql.cj.jdbc.ConnectionImpl@124050c
2026-04-27T15:52:20.690+05:45  INFO 13272 --- [EShopDemo] [restartedMain] com.zaxxer.hikari.HikariDataSource       : HikariPool-31 - Start completed.
2026-04-27T15:52:20.696+05:45  INFO 13272 --- [EShopDemo] [restartedMain] org.hibernate.orm.connections.pooling    : HHH10001005: Database info:
	Database JDBC URL [jdbc:mysql://localhost:3306/prod_eshop_db?createDatabaseIfNotExist=true]
	Database driver: MySQL Connector/J
	Database dialect: MySQLDialect
	Database version: 8.0.35
	Default catalog/schema: prod_eshop_db/undefined
	Autocommit mode: undefined/unknown
	Isolation level: REPEATABLE_READ [default REPEATABLE_READ]
	JDBC fetch size: none
	Pool: DataSourceConnectionProvider
	Minimum pool size: undefined/unknown
	Maximum pool size: undefined/unknown
2026-04-27T15:52:21.362+05:45  INFO 13272 --- [EShopDemo] [restartedMain] org.hibernate.orm.core                   : HHH000489: No JTA platform available (set 'hibernate.transaction.jta.platform' to enable JTA platform integration)
2026-04-27T15:52:21.431+05:45  INFO 13272 --- [EShopDemo] [restartedMain] j.LocalContainerEntityManagerFactoryBean : Initialized JPA EntityManagerFactory for persistence unit 'default'
2026-04-27T15:52:22.072+05:45  WARN 13272 --- [EShopDemo] [restartedMain] ConfigServletWebServerApplicationContext : Exception encountered during context initialization - cancelling refresh attempt: org.springframework.beans.factory.UnsatisfiedDependencyException: Error creating bean with name 'productServiceImpl': Unsatisfied dependency expressed through field 'productRepository': Error creating bean with name 'productRepository' defined in com.cdsc.eshopdemo.repository.ProductRepository defined in @EnableJpaRepositories declared on DataJpaRepositoriesRegistrar.EnableJpaRepositoriesConfiguration: Not a managed type: class com.cdsc.eshopdemo.dto.ProductDto
2026-04-27T15:52:22.073+05:45  INFO 13272 --- [EShopDemo] [restartedMain] j.LocalContainerEntityManagerFactoryBean : Closing JPA EntityManagerFactory for persistence unit 'default'
2026-04-27T15:52:22.075+05:45  INFO 13272 --- [EShopDemo] [restartedMain] com.zaxxer.hikari.HikariDataSource       : HikariPool-31 - Shutdown initiated...
2026-04-27T15:52:22.119+05:45  INFO 13272 --- [EShopDemo] [restartedMain] com.zaxxer.hikari.HikariDataSource       : HikariPool-31 - Shutdown completed.
2026-04-27T15:52:22.121+05:45  INFO 13272 --- [EShopDemo] [restartedMain] o.apache.catalina.core.StandardService   : Stopping service [Tomcat]
2026-04-27T15:52:22.129+05:45  INFO 13272 --- [EShopDemo] [restartedMain] .s.b.a.l.ConditionEvaluationReportLogger : 

Error starting ApplicationContext. To display the condition evaluation report re-run your application with 'debug' enabled.
2026-04-27T15:52:22.132+05:45 ERROR 13272 --- [EShopDemo] [restartedMain] o.s.boot.SpringApplication               : Application run failed

org.springframework.beans.factory.UnsatisfiedDependencyException: Error creating bean with name 'productServiceImpl': Unsatisfied dependency expressed through field 'productRepository': Error creating bean with name 'productRepository' defined in com.cdsc.eshopdemo.repository.ProductRepository defined in @EnableJpaRepositories declared on DataJpaRepositoriesRegistrar.EnableJpaRepositoriesConfiguration: Not a managed type: class com.cdsc.eshopdemo.dto.ProductDto
	at org.springframework.beans.factory.annotation.AutowiredAnnotationBeanPostProcessor$AutowiredFieldElement.resolveFieldValue(AutowiredAnnotationBeanPostProcessor.java:767) ~[spring-beans-7.0.6.jar:7.0.6]
	at org.springframework.beans.factory.annotation.AutowiredAnnotationBeanPostProcessor$AutowiredFieldElement.inject(AutowiredAnnotationBeanPostProcessor.java:748) ~[spring-beans-7.0.6.jar:7.0.6]
	at org.springframework.beans.factory.annotation.InjectionMetadata.inject(InjectionMetadata.java:146) ~[spring-beans-7.0.6.jar:7.0.6]
	at org.springframework.beans.factory.annotation.AutowiredAnnotationBeanPostProcessor.postProcessProperties(AutowiredAnnotationBeanPostProcessor.java:493) ~[spring-beans-7.0.6.jar:7.0.6]
	at org.springframework.beans.factory.support.AbstractAutowireCapableBeanFactory.populateBean(AbstractAutowireCapableBeanFactory.java:1446) ~[spring-beans-7.0.6.jar:7.0.6]
	at org.springframework.beans.factory.support.AbstractAutowireCapableBeanFactory.doCreateBean(AbstractAutowireCapableBeanFactory.java:602) ~[spring-beans-7.0.6.jar:7.0.6]
	at org.springframework.beans.factory.support.AbstractAutowireCapableBeanFactory.createBean(AbstractAutowireCapableBeanFactory.java:525) ~[spring-beans-7.0.6.jar:7.0.6]
	at org.springframework.beans.factory.support.AbstractBeanFactory.lambda$doGetBean$0(AbstractBeanFactory.java:333) ~[spring-beans-7.0.6.jar:7.0.6]
	at org.springframework.beans.factory.support.DefaultSingletonBeanRegistry.getSingleton(DefaultSingletonBeanRegistry.java:371) ~[spring-beans-7.0.6.jar:7.0.6]
	at org.springframework.beans.factory.support.AbstractBeanFactory.doGetBean(AbstractBeanFactory.java:331) ~[spring-beans-7.0.6.jar:7.0.6]
	at org.springframework.beans.factory.support.AbstractBeanFactory.getBean(AbstractBeanFactory.java:196) ~[spring-beans-7.0.6.jar:7.0.6]
	at org.springframework.beans.factory.support.DefaultListableBeanFactory.instantiateSingleton(DefaultListableBeanFactory.java:1218) ~[spring-beans-7.0.6.jar:7.0.6]
	at org.springframework.beans.factory.support.DefaultListableBeanFactory.preInstantiateSingleton(DefaultListableBeanFactory.java:1184) ~[spring-beans-7.0.6.jar:7.0.6]
	at org.springframework.beans.factory.support.DefaultListableBeanFactory.preInstantiateSingletons(DefaultListableBeanFactory.java:1121) ~[spring-beans-7.0.6.jar:7.0.6]
	at org.springframework.context.support.AbstractApplicationContext.finishBeanFactoryInitialization(AbstractApplicationContext.java:994) ~[spring-context-7.0.6.jar:7.0.6]
	at org.springframework.context.support.AbstractApplicationContext.refresh(AbstractApplicationContext.java:621) ~[spring-context-7.0.6.jar:7.0.6]
	at org.springframework.boot.web.server.servlet.context.ServletWebServerApplicationContext.refresh(ServletWebServerApplicationContext.java:143) ~[spring-boot-web-server-4.0.5.jar:4.0.5]
	at org.springframework.boot.SpringApplication.refresh(SpringApplication.java:756) ~[spring-boot-4.0.5.jar:4.0.5]
	at org.springframework.boot.SpringApplication.refreshContext(SpringApplication.java:445) ~[spring-boot-4.0.5.jar:4.0.5]
	at org.springframework.boot.SpringApplication.run(SpringApplication.java:321) ~[spring-boot-4.0.5.jar:4.0.5]
	at org.springframework.boot.SpringApplication.run(SpringApplication.java:1365) ~[spring-boot-4.0.5.jar:4.0.5]
	at org.springframework.boot.SpringApplication.run(SpringApplication.java:1354) ~[spring-boot-4.0.5.jar:4.0.5]
	at com.cdsc.eshopdemo.EShopDemoApplication.main(EShopDemoApplication.java:10) ~[classes/:na]
	at java.base/jdk.internal.reflect.DirectMethodHandleAccessor.invoke(DirectMethodHandleAccessor.java:104) ~[na:na]
	at java.base/java.lang.reflect.Method.invoke(Method.java:565) ~[na:na]
	at org.springframework.boot.devtools.restart.RestartLauncher.run(RestartLauncher.java:52) ~[spring-boot-devtools-4.0.5.jar:4.0.5]
Caused by: org.springframework.beans.factory.BeanCreationException: Error creating bean with name 'productRepository' defined in com.cdsc.eshopdemo.repository.ProductRepository defined in @EnableJpaRepositories declared on DataJpaRepositoriesRegistrar.EnableJpaRepositoriesConfiguration: Not a managed type: class com.cdsc.eshopdemo.dto.ProductDto
	at org.springframework.beans.factory.support.AbstractAutowireCapableBeanFactory.initializeBean(AbstractAutowireCapableBeanFactory.java:1817) ~[spring-beans-7.0.6.jar:7.0.6]
	at org.springframework.beans.factory.support.AbstractAutowireCapableBeanFactory.doCreateBean(AbstractAutowireCapableBeanFactory.java:603) ~[spring-beans-7.0.6.jar:7.0.6]
	at org.springframework.beans.factory.support.AbstractAutowireCapableBeanFactory.createBean(AbstractAutowireCapableBeanFactory.java:525) ~[spring-beans-7.0.6.jar:7.0.6]
	at org.springframework.beans.factory.support.AbstractBeanFactory.lambda$doGetBean$0(AbstractBeanFactory.java:333) ~[spring-beans-7.0.6.jar:7.0.6]
	at org.springframework.beans.factory.support.DefaultSingletonBeanRegistry.getSingleton(DefaultSingletonBeanRegistry.java:371) ~[spring-beans-7.0.6.jar:7.0.6]
	at org.springframework.beans.factory.support.AbstractBeanFactory.doGetBean(AbstractBeanFactory.java:331) ~[spring-beans-7.0.6.jar:7.0.6]
	at org.springframework.beans.factory.support.AbstractBeanFactory.getBean(AbstractBeanFactory.java:201) ~[spring-beans-7.0.6.jar:7.0.6]
	at org.springframework.beans.factory.support.DefaultListableBeanFactory.resolveBean(DefaultListableBeanFactory.java:1225) ~[spring-beans-7.0.6.jar:7.0.6]
	at org.springframework.beans.factory.support.DefaultListableBeanFactory.doResolveDependency(DefaultListableBeanFactory.java:1704) ~[spring-beans-7.0.6.jar:7.0.6]
	at org.springframework.beans.factory.support.DefaultListableBeanFactory.resolveDependency(DefaultListableBeanFactory.java:1651) ~[spring-beans-7.0.6.jar:7.0.6]
	at org.springframework.beans.factory.annotation.AutowiredAnnotationBeanPostProcessor$AutowiredFieldElement.resolveFieldValue(AutowiredAnnotationBeanPostProcessor.java:764) ~[spring-beans-7.0.6.jar:7.0.6]
	... 25 common frames omitted
Caused by: java.lang.IllegalArgumentException: Not a managed type: class com.cdsc.eshopdemo.dto.ProductDto
	at org.hibernate.metamodel.model.domain.internal.JpaMetamodelImpl.managedType(JpaMetamodelImpl.java:254) ~[hibernate-core-7.2.7.Final.jar:7.2.7.Final]
	at org.hibernate.metamodel.model.domain.internal.MappingMetamodelImpl.managedType(MappingMetamodelImpl.java:394) ~[hibernate-core-7.2.7.Final.jar:7.2.7.Final]
	at org.hibernate.metamodel.model.domain.internal.MappingMetamodelImpl.managedType(MappingMetamodelImpl.java:85) ~[hibernate-core-7.2.7.Final.jar:7.2.7.Final]
	at org.springframework.data.jpa.repository.support.JpaEntityInformationSupport.getEntityInformation(JpaEntityInformationSupport.java:92) ~[spring-data-jpa-4.0.4.jar:4.0.4]
	at org.springframework.data.jpa.repository.support.JpaEntityInformationSupport.getEntityInformation(JpaEntityInformationSupport.java:73) ~[spring-data-jpa-4.0.4.jar:4.0.4]
	at org.springframework.data.jpa.repository.support.JpaRepositoryFactory.getEntityInformation(JpaRepositoryFactory.java:270) ~[spring-data-jpa-4.0.4.jar:4.0.4]
	at org.springframework.data.jpa.repository.support.JpaRepositoryFactory.getRepositoryFragments(JpaRepositoryFactory.java:300) ~[spring-data-jpa-4.0.4.jar:4.0.4]
	at org.springframework.data.jpa.repository.support.JpaRepositoryFactory.getRepositoryFragments(JpaRepositoryFactory.java:280) ~[spring-data-jpa-4.0.4.jar:4.0.4]
	at org.springframework.data.repository.core.support.RepositoryFactorySupport.lambda$getRepositoryStub$0(RepositoryFactorySupport.java:497) ~[spring-data-commons-4.0.4.jar:4.0.4]
	at java.base/java.util.HashMap.computeIfAbsent(HashMap.java:1229) ~[na:na]
	at org.springframework.data.repository.core.support.RepositoryFactorySupport.getRepositoryStub(RepositoryFactorySupport.java:494) ~[spring-data-commons-4.0.4.jar:4.0.4]
	at org.springframework.data.repository.core.support.RepositoryFactorySupport.getRepository(RepositoryFactorySupport.java:334) ~[spring-data-commons-4.0.4.jar:4.0.4]
	at org.springframework.data.repository.core.support.RepositoryFactoryBeanSupport.lambda$afterPropertiesSet$1(RepositoryFactoryBeanSupport.java:361) ~[spring-data-commons-4.0.4.jar:4.0.4]
	at org.springframework.data.util.Lazy.getNullable(Lazy.java:136) ~[spring-data-commons-4.0.4.jar:4.0.4]
	at org.springframework.data.util.Lazy.get(Lazy.java:114) ~[spring-data-commons-4.0.4.jar:4.0.4]
	at org.springframework.data.repository.core.support.RepositoryFactoryBeanSupport.afterPropertiesSet(RepositoryFactoryBeanSupport.java:370) ~[spring-data-commons-4.0.4.jar:4.0.4]
	at org.springframework.data.jpa.repository.support.JpaRepositoryFactoryBean.afterPropertiesSet(JpaRepositoryFactoryBean.java:212) ~[spring-data-jpa-4.0.4.jar:4.0.4]
	at org.springframework.beans.factory.support.AbstractAutowireCapableBeanFactory.invokeInitMethods(AbstractAutowireCapableBeanFactory.java:1864) ~[spring-beans-7.0.6.jar:7.0.6]
	at org.springframework.beans.factory.support.AbstractAutowireCapableBeanFactory.initializeBean(AbstractAutowireCapableBeanFactory.java:1813) ~[spring-beans-7.0.6.jar:7.0.6]
	... 35 common frames omitted

2026-04-27T15:52:41.521+05:45  INFO 13272 --- [EShopDemo] [restartedMain] c.cdsc.eshopdemo.EShopDemoApplication    : Starting EShopDemoApplication using Java 25.0.2 with PID 13272 (E:\CDC_training\EShopDemo\target\classes started by DELL in E:\CDC_training\EShopDemo)
2026-04-27T15:52:41.574+05:45  INFO 13272 --- [EShopDemo] [restartedMain] c.cdsc.eshopdemo.EShopDemoApplication    : The following 1 profile is active: "prod"
2026-04-27T15:52:44.031+05:45  INFO 13272 --- [EShopDemo] [restartedMain] .s.d.r.c.RepositoryConfigurationDelegate : Bootstrapping Spring Data JPA repositories in DEFAULT mode.
2026-04-27T15:52:44.146+05:45  INFO 13272 --- [EShopDemo] [restartedMain] .s.d.r.c.RepositoryConfigurationDelegate : Finished Spring Data repository scanning in 110 ms. Found 3 JPA repository interfaces.
2026-04-27T15:52:44.965+05:45  INFO 13272 --- [EShopDemo] [restartedMain] o.s.boot.tomcat.TomcatWebServer          : Tomcat initialized with port 8080 (http)
2026-04-27T15:52:44.984+05:45  INFO 13272 --- [EShopDemo] [restartedMain] o.apache.catalina.core.StandardService   : Starting service [Tomcat]
2026-04-27T15:52:44.986+05:45  INFO 13272 --- [EShopDemo] [restartedMain] o.apache.catalina.core.StandardEngine    : Starting Servlet engine: [Apache Tomcat/11.0.20]
2026-04-27T15:52:45.504+05:45  INFO 13272 --- [EShopDemo] [restartedMain] b.w.c.s.WebApplicationContextInitializer : Root WebApplicationContext: initialization completed in 3925 ms
2026-04-27T15:52:46.119+05:45  INFO 13272 --- [EShopDemo] [restartedMain] org.hibernate.orm.jpa                    : HHH008540: Processing PersistenceUnitInfo [name: default]
2026-04-27T15:52:46.687+05:45  INFO 13272 --- [EShopDemo] [restartedMain] o.s.o.j.p.SpringPersistenceUnitInfo      : No LoadTimeWeaver setup: ignoring JPA class transformer
2026-04-27T15:52:46.693+05:45  INFO 13272 --- [EShopDemo] [restartedMain] com.zaxxer.hikari.HikariDataSource       : HikariPool-32 - Starting...
2026-04-27T15:52:46.773+05:45  INFO 13272 --- [EShopDemo] [restartedMain] com.zaxxer.hikari.pool.HikariPool        : HikariPool-32 - Added connection com.mysql.cj.jdbc.ConnectionImpl@21394aff
2026-04-27T15:52:46.794+05:45  INFO 13272 --- [EShopDemo] [restartedMain] com.zaxxer.hikari.HikariDataSource       : HikariPool-32 - Start completed.
2026-04-27T15:52:46.835+05:45  INFO 13272 --- [EShopDemo] [restartedMain] org.hibernate.orm.connections.pooling    : HHH10001005: Database info:
	Database JDBC URL [jdbc:mysql://localhost:3306/prod_eshop_db?createDatabaseIfNotExist=true]
	Database driver: MySQL Connector/J
	Database dialect: MySQLDialect
	Database version: 8.0.35
	Default catalog/schema: prod_eshop_db/undefined
	Autocommit mode: undefined/unknown
	Isolation level: REPEATABLE_READ [default REPEATABLE_READ]
	JDBC fetch size: none
	Pool: DataSourceConnectionProvider
	Minimum pool size: undefined/unknown
	Maximum pool size: undefined/unknown
2026-04-27T15:52:48.500+05:45  INFO 13272 --- [EShopDemo] [restartedMain] org.hibernate.orm.core                   : HHH000489: No JTA platform available (set 'hibernate.transaction.jta.platform' to enable JTA platform integration)
2026-04-27T15:52:48.936+05:45  INFO 13272 --- [EShopDemo] [restartedMain] j.LocalContainerEntityManagerFactoryBean : Initialized JPA EntityManagerFactory for persistence unit 'default'
2026-04-27T15:52:49.880+05:45  WARN 13272 --- [EShopDemo] [restartedMain] ConfigServletWebServerApplicationContext : Exception encountered during context initialization - cancelling refresh attempt: org.springframework.beans.factory.UnsatisfiedDependencyException: Error creating bean with name 'productServiceImpl': Unsatisfied dependency expressed through field 'productRepository': Error creating bean with name 'productRepository' defined in com.cdsc.eshopdemo.repository.ProductRepository defined in @EnableJpaRepositories declared on DataJpaRepositoriesRegistrar.EnableJpaRepositoriesConfiguration: Not a managed type: class com.cdsc.eshopdemo.dto.ProductDto
2026-04-27T15:52:49.881+05:45  INFO 13272 --- [EShopDemo] [restartedMain] j.LocalContainerEntityManagerFactoryBean : Closing JPA EntityManagerFactory for persistence unit 'default'
2026-04-27T15:52:49.882+05:45  INFO 13272 --- [EShopDemo] [restartedMain] com.zaxxer.hikari.HikariDataSource       : HikariPool-32 - Shutdown initiated...
2026-04-27T15:52:49.940+05:45  INFO 13272 --- [EShopDemo] [restartedMain] com.zaxxer.hikari.HikariDataSource       : HikariPool-32 - Shutdown completed.
2026-04-27T15:52:49.947+05:45  INFO 13272 --- [EShopDemo] [restartedMain] o.apache.catalina.core.StandardService   : Stopping service [Tomcat]
2026-04-27T15:52:49.960+05:45  INFO 13272 --- [EShopDemo] [restartedMain] .s.b.a.l.ConditionEvaluationReportLogger : 

Error starting ApplicationContext. To display the condition evaluation report re-run your application with 'debug' enabled.
2026-04-27T15:52:49.967+05:45 ERROR 13272 --- [EShopDemo] [restartedMain] o.s.boot.SpringApplication               : Application run failed

org.springframework.beans.factory.UnsatisfiedDependencyException: Error creating bean with name 'productServiceImpl': Unsatisfied dependency expressed through field 'productRepository': Error creating bean with name 'productRepository' defined in com.cdsc.eshopdemo.repository.ProductRepository defined in @EnableJpaRepositories declared on DataJpaRepositoriesRegistrar.EnableJpaRepositoriesConfiguration: Not a managed type: class com.cdsc.eshopdemo.dto.ProductDto
	at org.springframework.beans.factory.annotation.AutowiredAnnotationBeanPostProcessor$AutowiredFieldElement.resolveFieldValue(AutowiredAnnotationBeanPostProcessor.java:767) ~[spring-beans-7.0.6.jar:7.0.6]
	at org.springframework.beans.factory.annotation.AutowiredAnnotationBeanPostProcessor$AutowiredFieldElement.inject(AutowiredAnnotationBeanPostProcessor.java:748) ~[spring-beans-7.0.6.jar:7.0.6]
	at org.springframework.beans.factory.annotation.InjectionMetadata.inject(InjectionMetadata.java:146) ~[spring-beans-7.0.6.jar:7.0.6]
	at org.springframework.beans.factory.annotation.AutowiredAnnotationBeanPostProcessor.postProcessProperties(AutowiredAnnotationBeanPostProcessor.java:493) ~[spring-beans-7.0.6.jar:7.0.6]
	at org.springframework.beans.factory.support.AbstractAutowireCapableBeanFactory.populateBean(AbstractAutowireCapableBeanFactory.java:1446) ~[spring-beans-7.0.6.jar:7.0.6]
	at org.springframework.beans.factory.support.AbstractAutowireCapableBeanFactory.doCreateBean(AbstractAutowireCapableBeanFactory.java:602) ~[spring-beans-7.0.6.jar:7.0.6]
	at org.springframework.beans.factory.support.AbstractAutowireCapableBeanFactory.createBean(AbstractAutowireCapableBeanFactory.java:525) ~[spring-beans-7.0.6.jar:7.0.6]
	at org.springframework.beans.factory.support.AbstractBeanFactory.lambda$doGetBean$0(AbstractBeanFactory.java:333) ~[spring-beans-7.0.6.jar:7.0.6]
	at org.springframework.beans.factory.support.DefaultSingletonBeanRegistry.getSingleton(DefaultSingletonBeanRegistry.java:371) ~[spring-beans-7.0.6.jar:7.0.6]
	at org.springframework.beans.factory.support.AbstractBeanFactory.doGetBean(AbstractBeanFactory.java:331) ~[spring-beans-7.0.6.jar:7.0.6]
	at org.springframework.beans.factory.support.AbstractBeanFactory.getBean(AbstractBeanFactory.java:196) ~[spring-beans-7.0.6.jar:7.0.6]
	at org.springframework.beans.factory.support.DefaultListableBeanFactory.instantiateSingleton(DefaultListableBeanFactory.java:1218) ~[spring-beans-7.0.6.jar:7.0.6]
	at org.springframework.beans.factory.support.DefaultListableBeanFactory.preInstantiateSingleton(DefaultListableBeanFactory.java:1184) ~[spring-beans-7.0.6.jar:7.0.6]
	at org.springframework.beans.factory.support.DefaultListableBeanFactory.preInstantiateSingletons(DefaultListableBeanFactory.java:1121) ~[spring-beans-7.0.6.jar:7.0.6]
	at org.springframework.context.support.AbstractApplicationContext.finishBeanFactoryInitialization(AbstractApplicationContext.java:994) ~[spring-context-7.0.6.jar:7.0.6]
	at org.springframework.context.support.AbstractApplicationContext.refresh(AbstractApplicationContext.java:621) ~[spring-context-7.0.6.jar:7.0.6]
	at org.springframework.boot.web.server.servlet.context.ServletWebServerApplicationContext.refresh(ServletWebServerApplicationContext.java:143) ~[spring-boot-web-server-4.0.5.jar:4.0.5]
	at org.springframework.boot.SpringApplication.refresh(SpringApplication.java:756) ~[spring-boot-4.0.5.jar:4.0.5]
	at org.springframework.boot.SpringApplication.refreshContext(SpringApplication.java:445) ~[spring-boot-4.0.5.jar:4.0.5]
	at org.springframework.boot.SpringApplication.run(SpringApplication.java:321) ~[spring-boot-4.0.5.jar:4.0.5]
	at org.springframework.boot.SpringApplication.run(SpringApplication.java:1365) ~[spring-boot-4.0.5.jar:4.0.5]
	at org.springframework.boot.SpringApplication.run(SpringApplication.java:1354) ~[spring-boot-4.0.5.jar:4.0.5]
	at com.cdsc.eshopdemo.EShopDemoApplication.main(EShopDemoApplication.java:10) ~[classes/:na]
	at java.base/jdk.internal.reflect.DirectMethodHandleAccessor.invoke(DirectMethodHandleAccessor.java:104) ~[na:na]
	at java.base/java.lang.reflect.Method.invoke(Method.java:565) ~[na:na]
	at org.springframework.boot.devtools.restart.RestartLauncher.run(RestartLauncher.java:52) ~[spring-boot-devtools-4.0.5.jar:4.0.5]
Caused by: org.springframework.beans.factory.BeanCreationException: Error creating bean with name 'productRepository' defined in com.cdsc.eshopdemo.repository.ProductRepository defined in @EnableJpaRepositories declared on DataJpaRepositoriesRegistrar.EnableJpaRepositoriesConfiguration: Not a managed type: class com.cdsc.eshopdemo.dto.ProductDto
	at org.springframework.beans.factory.support.AbstractAutowireCapableBeanFactory.initializeBean(AbstractAutowireCapableBeanFactory.java:1817) ~[spring-beans-7.0.6.jar:7.0.6]
	at org.springframework.beans.factory.support.AbstractAutowireCapableBeanFactory.doCreateBean(AbstractAutowireCapableBeanFactory.java:603) ~[spring-beans-7.0.6.jar:7.0.6]
	at org.springframework.beans.factory.support.AbstractAutowireCapableBeanFactory.createBean(AbstractAutowireCapableBeanFactory.java:525) ~[spring-beans-7.0.6.jar:7.0.6]
	at org.springframework.beans.factory.support.AbstractBeanFactory.lambda$doGetBean$0(AbstractBeanFactory.java:333) ~[spring-beans-7.0.6.jar:7.0.6]
	at org.springframework.beans.factory.support.DefaultSingletonBeanRegistry.getSingleton(DefaultSingletonBeanRegistry.java:371) ~[spring-beans-7.0.6.jar:7.0.6]
	at org.springframework.beans.factory.support.AbstractBeanFactory.doGetBean(AbstractBeanFactory.java:331) ~[spring-beans-7.0.6.jar:7.0.6]
	at org.springframework.beans.factory.support.AbstractBeanFactory.getBean(AbstractBeanFactory.java:201) ~[spring-beans-7.0.6.jar:7.0.6]
	at org.springframework.beans.factory.support.DefaultListableBeanFactory.resolveBean(DefaultListableBeanFactory.java:1225) ~[spring-beans-7.0.6.jar:7.0.6]
	at org.springframework.beans.factory.support.DefaultListableBeanFactory.doResolveDependency(DefaultListableBeanFactory.java:1704) ~[spring-beans-7.0.6.jar:7.0.6]
	at org.springframework.beans.factory.support.DefaultListableBeanFactory.resolveDependency(DefaultListableBeanFactory.java:1651) ~[spring-beans-7.0.6.jar:7.0.6]
	at org.springframework.beans.factory.annotation.AutowiredAnnotationBeanPostProcessor$AutowiredFieldElement.resolveFieldValue(AutowiredAnnotationBeanPostProcessor.java:764) ~[spring-beans-7.0.6.jar:7.0.6]
	... 25 common frames omitted
Caused by: java.lang.IllegalArgumentException: Not a managed type: class com.cdsc.eshopdemo.dto.ProductDto
	at org.hibernate.metamodel.model.domain.internal.JpaMetamodelImpl.managedType(JpaMetamodelImpl.java:254) ~[hibernate-core-7.2.7.Final.jar:7.2.7.Final]
	at org.hibernate.metamodel.model.domain.internal.MappingMetamodelImpl.managedType(MappingMetamodelImpl.java:394) ~[hibernate-core-7.2.7.Final.jar:7.2.7.Final]
	at org.hibernate.metamodel.model.domain.internal.MappingMetamodelImpl.managedType(MappingMetamodelImpl.java:85) ~[hibernate-core-7.2.7.Final.jar:7.2.7.Final]
	at org.springframework.data.jpa.repository.support.JpaEntityInformationSupport.getEntityInformation(JpaEntityInformationSupport.java:92) ~[spring-data-jpa-4.0.4.jar:4.0.4]
	at org.springframework.data.jpa.repository.support.JpaEntityInformationSupport.getEntityInformation(JpaEntityInformationSupport.java:73) ~[spring-data-jpa-4.0.4.jar:4.0.4]
	at org.springframework.data.jpa.repository.support.JpaRepositoryFactory.getEntityInformation(JpaRepositoryFactory.java:270) ~[spring-data-jpa-4.0.4.jar:4.0.4]
	at org.springframework.data.jpa.repository.support.JpaRepositoryFactory.getRepositoryFragments(JpaRepositoryFactory.java:300) ~[spring-data-jpa-4.0.4.jar:4.0.4]
	at org.springframework.data.jpa.repository.support.JpaRepositoryFactory.getRepositoryFragments(JpaRepositoryFactory.java:280) ~[spring-data-jpa-4.0.4.jar:4.0.4]
	at org.springframework.data.repository.core.support.RepositoryFactorySupport.lambda$getRepositoryStub$0(RepositoryFactorySupport.java:497) ~[spring-data-commons-4.0.4.jar:4.0.4]
	at java.base/java.util.HashMap.computeIfAbsent(HashMap.java:1229) ~[na:na]
	at org.springframework.data.repository.core.support.RepositoryFactorySupport.getRepositoryStub(RepositoryFactorySupport.java:494) ~[spring-data-commons-4.0.4.jar:4.0.4]
	at org.springframework.data.repository.core.support.RepositoryFactorySupport.getRepository(RepositoryFactorySupport.java:334) ~[spring-data-commons-4.0.4.jar:4.0.4]
	at org.springframework.data.repository.core.support.RepositoryFactoryBeanSupport.lambda$afterPropertiesSet$1(RepositoryFactoryBeanSupport.java:361) ~[spring-data-commons-4.0.4.jar:4.0.4]
	at org.springframework.data.util.Lazy.getNullable(Lazy.java:136) ~[spring-data-commons-4.0.4.jar:4.0.4]
	at org.springframework.data.util.Lazy.get(Lazy.java:114) ~[spring-data-commons-4.0.4.jar:4.0.4]
	at org.springframework.data.repository.core.support.RepositoryFactoryBeanSupport.afterPropertiesSet(RepositoryFactoryBeanSupport.java:370) ~[spring-data-commons-4.0.4.jar:4.0.4]
	at org.springframework.data.jpa.repository.support.JpaRepositoryFactoryBean.afterPropertiesSet(JpaRepositoryFactoryBean.java:212) ~[spring-data-jpa-4.0.4.jar:4.0.4]
	at org.springframework.beans.factory.support.AbstractAutowireCapableBeanFactory.invokeInitMethods(AbstractAutowireCapableBeanFactory.java:1864) ~[spring-beans-7.0.6.jar:7.0.6]
	at org.springframework.beans.factory.support.AbstractAutowireCapableBeanFactory.initializeBean(AbstractAutowireCapableBeanFactory.java:1813) ~[spring-beans-7.0.6.jar:7.0.6]
	... 35 common frames omitted

2026-04-27T15:54:41.045+05:45  INFO 13272 --- [EShopDemo] [restartedMain] c.cdsc.eshopdemo.EShopDemoApplication    : Starting EShopDemoApplication using Java 25.0.2 with PID 13272 (E:\CDC_training\EShopDemo\target\classes started by DELL in E:\CDC_training\EShopDemo)
2026-04-27T15:54:41.082+05:45  INFO 13272 --- [EShopDemo] [restartedMain] c.cdsc.eshopdemo.EShopDemoApplication    : The following 1 profile is active: "prod"
2026-04-27T15:54:45.993+05:45  INFO 13272 --- [EShopDemo] [restartedMain] .s.d.r.c.RepositoryConfigurationDelegate : Bootstrapping Spring Data JPA repositories in DEFAULT mode.
2026-04-27T15:54:46.314+05:45  INFO 13272 --- [EShopDemo] [restartedMain] .s.d.r.c.RepositoryConfigurationDelegate : Finished Spring Data repository scanning in 311 ms. Found 3 JPA repository interfaces.
2026-04-27T15:54:48.424+05:45  INFO 13272 --- [EShopDemo] [restartedMain] o.s.boot.tomcat.TomcatWebServer          : Tomcat initialized with port 8080 (http)
2026-04-27T15:54:48.574+05:45  INFO 13272 --- [EShopDemo] [restartedMain] o.apache.catalina.core.StandardService   : Starting service [Tomcat]
2026-04-27T15:54:48.574+05:45  INFO 13272 --- [EShopDemo] [restartedMain] o.apache.catalina.core.StandardEngine    : Starting Servlet engine: [Apache Tomcat/11.0.20]
2026-04-27T15:54:49.546+05:45  INFO 13272 --- [EShopDemo] [restartedMain] b.w.c.s.WebApplicationContextInitializer : Root WebApplicationContext: initialization completed in 8322 ms
2026-04-27T15:54:50.188+05:45  INFO 13272 --- [EShopDemo] [restartedMain] org.hibernate.orm.jpa                    : HHH008540: Processing PersistenceUnitInfo [name: default]
2026-04-27T15:54:50.987+05:45  INFO 13272 --- [EShopDemo] [restartedMain] o.s.o.j.p.SpringPersistenceUnitInfo      : No LoadTimeWeaver setup: ignoring JPA class transformer
2026-04-27T15:54:51.006+05:45  INFO 13272 --- [EShopDemo] [restartedMain] com.zaxxer.hikari.HikariDataSource       : HikariPool-33 - Starting...
2026-04-27T15:54:52.050+05:45  INFO 13272 --- [EShopDemo] [restartedMain] com.zaxxer.hikari.pool.HikariPool        : HikariPool-33 - Added connection com.mysql.cj.jdbc.ConnectionImpl@188366d1
2026-04-27T15:54:52.053+05:45  INFO 13272 --- [EShopDemo] [restartedMain] com.zaxxer.hikari.HikariDataSource       : HikariPool-33 - Start completed.
2026-04-27T15:54:52.139+05:45  INFO 13272 --- [EShopDemo] [restartedMain] org.hibernate.orm.connections.pooling    : HHH10001005: Database info:
	Database JDBC URL [jdbc:mysql://localhost:3306/prod_eshop_db?createDatabaseIfNotExist=true]
	Database driver: MySQL Connector/J
	Database dialect: MySQLDialect
	Database version: 8.0.35
	Default catalog/schema: prod_eshop_db/undefined
	Autocommit mode: undefined/unknown
	Isolation level: REPEATABLE_READ [default REPEATABLE_READ]
	JDBC fetch size: none
	Pool: DataSourceConnectionProvider
	Minimum pool size: undefined/unknown
	Maximum pool size: undefined/unknown
2026-04-27T15:54:53.527+05:45  INFO 13272 --- [EShopDemo] [restartedMain] org.hibernate.orm.core                   : HHH000489: No JTA platform available (set 'hibernate.transaction.jta.platform' to enable JTA platform integration)
2026-04-27T15:54:54.074+05:45  INFO 13272 --- [EShopDemo] [restartedMain] j.LocalContainerEntityManagerFactoryBean : Initialized JPA EntityManagerFactory for persistence unit 'default'
2026-04-27T15:54:55.327+05:45  WARN 13272 --- [EShopDemo] [restartedMain] JpaBaseConfiguration$JpaWebConfiguration : spring.jpa.open-in-view is enabled by default. Therefore, database queries may be performed during view rendering. Explicitly configure spring.jpa.open-in-view to disable this warning
2026-04-27T15:54:56.592+05:45  WARN 13272 --- [EShopDemo] [restartedMain] ion$DefaultTemplateResolverConfiguration : Cannot find template location: classpath:/templates/ (please add some templates, check your Thymeleaf configuration, or set spring.thymeleaf.check-template-location=false)
2026-04-27T15:54:57.244+05:45  INFO 13272 --- [EShopDemo] [restartedMain] o.s.boot.tomcat.TomcatWebServer          : Tomcat started on port 8080 (http) with context path '/'
2026-04-27T15:54:57.269+05:45  INFO 13272 --- [EShopDemo] [restartedMain] c.cdsc.eshopdemo.EShopDemoApplication    : Started EShopDemoApplication in 18.12 seconds (process running for 2583.237)
2026-04-27T15:54:57.276+05:45  INFO 13272 --- [EShopDemo] [restartedMain] .ConditionEvaluationDeltaLoggingListener : Condition evaluation unchanged
2026-04-27T15:55:20.061+05:45  INFO 13272 --- [EShopDemo] [File Watcher] rtingClassPathChangeChangedEventListener : Restarting due to 1 class path change (0 additions, 0 deletions, 1 modification)
2026-04-27T15:55:20.143+05:45  INFO 13272 --- [EShopDemo] [Thread-72] o.s.boot.tomcat.GracefulShutdown         : Commencing graceful shutdown. Waiting for active requests to complete
2026-04-27T15:55:20.239+05:45  INFO 13272 --- [EShopDemo] [tomcat-shutdown] o.s.boot.tomcat.GracefulShutdown         : Graceful shutdown complete
2026-04-27T15:55:20.254+05:45  INFO 13272 --- [EShopDemo] [Thread-72] j.LocalContainerEntityManagerFactoryBean : Closing JPA EntityManagerFactory for persistence unit 'default'
2026-04-27T15:55:20.261+05:45  INFO 13272 --- [EShopDemo] [Thread-72] com.zaxxer.hikari.HikariDataSource       : HikariPool-33 - Shutdown initiated...
2026-04-27T15:55:20.339+05:45  INFO 13272 --- [EShopDemo] [Thread-72] com.zaxxer.hikari.HikariDataSource       : HikariPool-33 - Shutdown completed.
2026-04-27T15:55:22.196+05:45  INFO 13272 --- [EShopDemo] [restartedMain] c.cdsc.eshopdemo.EShopDemoApplication    : Starting EShopDemoApplication using Java 25.0.2 with PID 13272 (E:\CDC_training\EShopDemo\target\classes started by DELL in E:\CDC_training\EShopDemo)
2026-04-27T15:55:22.196+05:45  INFO 13272 --- [EShopDemo] [restartedMain] c.cdsc.eshopdemo.EShopDemoApplication    : The following 1 profile is active: "prod"
2026-04-27T15:55:24.924+05:45  INFO 13272 --- [EShopDemo] [restartedMain] .s.d.r.c.RepositoryConfigurationDelegate : Bootstrapping Spring Data JPA repositories in DEFAULT mode.
2026-04-27T15:55:25.100+05:45  INFO 13272 --- [EShopDemo] [restartedMain] .s.d.r.c.RepositoryConfigurationDelegate : Finished Spring Data repository scanning in 168 ms. Found 3 JPA repository interfaces.
2026-04-27T15:55:26.279+05:45  INFO 13272 --- [EShopDemo] [restartedMain] o.s.boot.tomcat.TomcatWebServer          : Tomcat initialized with port 8080 (http)
2026-04-27T15:55:26.280+05:45  INFO 13272 --- [EShopDemo] [restartedMain] o.apache.catalina.core.StandardService   : Starting service [Tomcat]
2026-04-27T15:55:26.281+05:45  INFO 13272 --- [EShopDemo] [restartedMain] o.apache.catalina.core.StandardEngine    : Starting Servlet engine: [Apache Tomcat/11.0.20]
2026-04-27T15:55:26.849+05:45  INFO 13272 --- [EShopDemo] [restartedMain] b.w.c.s.WebApplicationContextInitializer : Root WebApplicationContext: initialization completed in 4647 ms
2026-04-27T15:55:27.178+05:45  INFO 13272 --- [EShopDemo] [restartedMain] org.hibernate.orm.jpa                    : HHH008540: Processing PersistenceUnitInfo [name: default]
2026-04-27T15:55:27.631+05:45  INFO 13272 --- [EShopDemo] [restartedMain] o.s.o.j.p.SpringPersistenceUnitInfo      : No LoadTimeWeaver setup: ignoring JPA class transformer
2026-04-27T15:55:27.633+05:45  INFO 13272 --- [EShopDemo] [restartedMain] com.zaxxer.hikari.HikariDataSource       : HikariPool-34 - Starting...
2026-04-27T15:55:27.692+05:45  INFO 13272 --- [EShopDemo] [restartedMain] com.zaxxer.hikari.pool.HikariPool        : HikariPool-34 - Added connection com.mysql.cj.jdbc.ConnectionImpl@27ba1f3
2026-04-27T15:55:27.693+05:45  INFO 13272 --- [EShopDemo] [restartedMain] com.zaxxer.hikari.HikariDataSource       : HikariPool-34 - Start completed.
2026-04-27T15:55:27.698+05:45  INFO 13272 --- [EShopDemo] [restartedMain] org.hibernate.orm.connections.pooling    : HHH10001005: Database info:
	Database JDBC URL [jdbc:mysql://localhost:3306/prod_eshop_db?createDatabaseIfNotExist=true]
	Database driver: MySQL Connector/J
	Database dialect: MySQLDialect
	Database version: 8.0.35
	Default catalog/schema: prod_eshop_db/undefined
	Autocommit mode: undefined/unknown
	Isolation level: REPEATABLE_READ [default REPEATABLE_READ]
	JDBC fetch size: none
	Pool: DataSourceConnectionProvider
	Minimum pool size: undefined/unknown
	Maximum pool size: undefined/unknown
2026-04-27T15:55:28.791+05:45  INFO 13272 --- [EShopDemo] [restartedMain] org.hibernate.orm.core                   : HHH000489: No JTA platform available (set 'hibernate.transaction.jta.platform' to enable JTA platform integration)
2026-04-27T15:55:28.869+05:45  INFO 13272 --- [EShopDemo] [restartedMain] j.LocalContainerEntityManagerFactoryBean : Initialized JPA EntityManagerFactory for persistence unit 'default'
2026-04-27T15:55:29.812+05:45  WARN 13272 --- [EShopDemo] [restartedMain] JpaBaseConfiguration$JpaWebConfiguration : spring.jpa.open-in-view is enabled by default. Therefore, database queries may be performed during view rendering. Explicitly configure spring.jpa.open-in-view to disable this warning
2026-04-27T15:55:30.561+05:45  WARN 13272 --- [EShopDemo] [restartedMain] ion$DefaultTemplateResolverConfiguration : Cannot find template location: classpath:/templates/ (please add some templates, check your Thymeleaf configuration, or set spring.thymeleaf.check-template-location=false)
2026-04-27T15:55:31.100+05:45  INFO 13272 --- [EShopDemo] [restartedMain] o.s.boot.tomcat.TomcatWebServer          : Tomcat started on port 8080 (http) with context path '/'
2026-04-27T15:55:31.117+05:45  INFO 13272 --- [EShopDemo] [restartedMain] c.cdsc.eshopdemo.EShopDemoApplication    : Started EShopDemoApplication in 9.081 seconds (process running for 2617.085)
2026-04-27T15:55:31.125+05:45  INFO 13272 --- [EShopDemo] [restartedMain] .ConditionEvaluationDeltaLoggingListener : Condition evaluation unchanged
2026-04-27T15:56:12.599+05:45  INFO 13272 --- [EShopDemo] [File Watcher] rtingClassPathChangeChangedEventListener : Restarting due to 1 class path change (0 additions, 0 deletions, 1 modification)
2026-04-27T15:56:12.640+05:45  INFO 13272 --- [EShopDemo] [Thread-118] o.s.boot.tomcat.GracefulShutdown         : Commencing graceful shutdown. Waiting for active requests to complete
2026-04-27T15:56:12.729+05:45  INFO 13272 --- [EShopDemo] [tomcat-shutdown] o.s.boot.tomcat.GracefulShutdown         : Graceful shutdown complete
2026-04-27T15:56:12.758+05:45  INFO 13272 --- [EShopDemo] [Thread-118] j.LocalContainerEntityManagerFactoryBean : Closing JPA EntityManagerFactory for persistence unit 'default'
2026-04-27T15:56:12.759+05:45  INFO 13272 --- [EShopDemo] [Thread-118] com.zaxxer.hikari.HikariDataSource       : HikariPool-34 - Shutdown initiated...
2026-04-27T15:56:12.846+05:45  INFO 13272 --- [EShopDemo] [Thread-118] com.zaxxer.hikari.HikariDataSource       : HikariPool-34 - Shutdown completed.
2026-04-27T15:56:13.308+05:45  INFO 13272 --- [EShopDemo] [restartedMain] c.cdsc.eshopdemo.EShopDemoApplication    : Starting EShopDemoApplication using Java 25.0.2 with PID 13272 (E:\CDC_training\EShopDemo\target\classes started by DELL in E:\CDC_training\EShopDemo)
2026-04-27T15:56:13.309+05:45  INFO 13272 --- [EShopDemo] [restartedMain] c.cdsc.eshopdemo.EShopDemoApplication    : The following 1 profile is active: "prod"
2026-04-27T15:56:14.911+05:45  INFO 13272 --- [EShopDemo] [restartedMain] .s.d.r.c.RepositoryConfigurationDelegate : Bootstrapping Spring Data JPA repositories in DEFAULT mode.
2026-04-27T15:56:15.022+05:45  INFO 13272 --- [EShopDemo] [restartedMain] .s.d.r.c.RepositoryConfigurationDelegate : Finished Spring Data repository scanning in 97 ms. Found 3 JPA repository interfaces.
2026-04-27T15:56:15.743+05:45  INFO 13272 --- [EShopDemo] [restartedMain] o.s.boot.tomcat.TomcatWebServer          : Tomcat initialized with port 8080 (http)
2026-04-27T15:56:15.751+05:45  INFO 13272 --- [EShopDemo] [restartedMain] o.apache.catalina.core.StandardService   : Starting service [Tomcat]
2026-04-27T15:56:15.751+05:45  INFO 13272 --- [EShopDemo] [restartedMain] o.apache.catalina.core.StandardEngine    : Starting Servlet engine: [Apache Tomcat/11.0.20]
2026-04-27T15:56:16.016+05:45  INFO 13272 --- [EShopDemo] [restartedMain] b.w.c.s.WebApplicationContextInitializer : Root WebApplicationContext: initialization completed in 2702 ms
2026-04-27T15:56:16.140+05:45  INFO 13272 --- [EShopDemo] [restartedMain] org.hibernate.orm.jpa                    : HHH008540: Processing PersistenceUnitInfo [name: default]
2026-04-27T15:56:16.591+05:45  INFO 13272 --- [EShopDemo] [restartedMain] o.s.o.j.p.SpringPersistenceUnitInfo      : No LoadTimeWeaver setup: ignoring JPA class transformer
2026-04-27T15:56:16.595+05:45  INFO 13272 --- [EShopDemo] [restartedMain] com.zaxxer.hikari.HikariDataSource       : HikariPool-35 - Starting...
2026-04-27T15:56:16.699+05:45  INFO 13272 --- [EShopDemo] [restartedMain] com.zaxxer.hikari.pool.HikariPool        : HikariPool-35 - Added connection com.mysql.cj.jdbc.ConnectionImpl@49e1d970
2026-04-27T15:56:16.700+05:45  INFO 13272 --- [EShopDemo] [restartedMain] com.zaxxer.hikari.HikariDataSource       : HikariPool-35 - Start completed.
2026-04-27T15:56:16.703+05:45  INFO 13272 --- [EShopDemo] [restartedMain] org.hibernate.orm.connections.pooling    : HHH10001005: Database info:
	Database JDBC URL [jdbc:mysql://localhost:3306/prod_eshop_db?createDatabaseIfNotExist=true]
	Database driver: MySQL Connector/J
	Database dialect: MySQLDialect
	Database version: 8.0.35
	Default catalog/schema: prod_eshop_db/undefined
	Autocommit mode: undefined/unknown
	Isolation level: REPEATABLE_READ [default REPEATABLE_READ]
	JDBC fetch size: none
	Pool: DataSourceConnectionProvider
	Minimum pool size: undefined/unknown
	Maximum pool size: undefined/unknown
2026-04-27T15:56:17.006+05:45  INFO 13272 --- [EShopDemo] [restartedMain] org.hibernate.orm.core                   : HHH000489: No JTA platform available (set 'hibernate.transaction.jta.platform' to enable JTA platform integration)
2026-04-27T15:56:17.102+05:45  INFO 13272 --- [EShopDemo] [restartedMain] j.LocalContainerEntityManagerFactoryBean : Initialized JPA EntityManagerFactory for persistence unit 'default'
2026-04-27T15:56:17.868+05:45  WARN 13272 --- [EShopDemo] [restartedMain] JpaBaseConfiguration$JpaWebConfiguration : spring.jpa.open-in-view is enabled by default. Therefore, database queries may be performed during view rendering. Explicitly configure spring.jpa.open-in-view to disable this warning
2026-04-27T15:56:18.118+05:45  WARN 13272 --- [EShopDemo] [restartedMain] ion$DefaultTemplateResolverConfiguration : Cannot find template location: classpath:/templates/ (please add some templates, check your Thymeleaf configuration, or set spring.thymeleaf.check-template-location=false)
2026-04-27T15:56:18.275+05:45  INFO 13272 --- [EShopDemo] [restartedMain] o.s.boot.tomcat.TomcatWebServer          : Tomcat started on port 8080 (http) with context path '/'
2026-04-27T15:56:18.303+05:45  INFO 13272 --- [EShopDemo] [restartedMain] c.cdsc.eshopdemo.EShopDemoApplication    : Started EShopDemoApplication in 5.162 seconds (process running for 2664.271)
2026-04-27T15:56:18.308+05:45  INFO 13272 --- [EShopDemo] [restartedMain] .ConditionEvaluationDeltaLoggingListener : Condition evaluation unchanged
2026-04-27T15:56:46.396+05:45  INFO 13272 --- [EShopDemo] [File Watcher] rtingClassPathChangeChangedEventListener : Restarting due to 2 class path changes (0 additions, 0 deletions, 2 modifications)
2026-04-27T15:56:46.436+05:45  INFO 13272 --- [EShopDemo] [Thread-122] o.s.boot.tomcat.GracefulShutdown         : Commencing graceful shutdown. Waiting for active requests to complete
2026-04-27T15:56:46.571+05:45  INFO 13272 --- [EShopDemo] [tomcat-shutdown] o.s.boot.tomcat.GracefulShutdown         : Graceful shutdown complete
2026-04-27T15:56:46.575+05:45  INFO 13272 --- [EShopDemo] [Thread-122] j.LocalContainerEntityManagerFactoryBean : Closing JPA EntityManagerFactory for persistence unit 'default'
2026-04-27T15:56:46.577+05:45  INFO 13272 --- [EShopDemo] [Thread-122] com.zaxxer.hikari.HikariDataSource       : HikariPool-35 - Shutdown initiated...
2026-04-27T15:56:46.695+05:45  INFO 13272 --- [EShopDemo] [Thread-122] com.zaxxer.hikari.HikariDataSource       : HikariPool-35 - Shutdown completed.
2026-04-27T15:56:47.338+05:45  INFO 13272 --- [EShopDemo] [restartedMain] c.cdsc.eshopdemo.EShopDemoApplication    : Starting EShopDemoApplication using Java 25.0.2 with PID 13272 (E:\CDC_training\EShopDemo\target\classes started by DELL in E:\CDC_training\EShopDemo)
2026-04-27T15:56:47.339+05:45  INFO 13272 --- [EShopDemo] [restartedMain] c.cdsc.eshopdemo.EShopDemoApplication    : The following 1 profile is active: "prod"
2026-04-27T15:56:48.829+05:45  INFO 13272 --- [EShopDemo] [restartedMain] .s.d.r.c.RepositoryConfigurationDelegate : Bootstrapping Spring Data JPA repositories in DEFAULT mode.
2026-04-27T15:56:49.010+05:45  INFO 13272 --- [EShopDemo] [restartedMain] .s.d.r.c.RepositoryConfigurationDelegate : Finished Spring Data repository scanning in 140 ms. Found 3 JPA repository interfaces.
2026-04-27T15:56:50.135+05:45  INFO 13272 --- [EShopDemo] [restartedMain] o.s.boot.tomcat.TomcatWebServer          : Tomcat initialized with port 8080 (http)
2026-04-27T15:56:50.137+05:45  INFO 13272 --- [EShopDemo] [restartedMain] o.apache.catalina.core.StandardService   : Starting service [Tomcat]
2026-04-27T15:56:50.138+05:45  INFO 13272 --- [EShopDemo] [restartedMain] o.apache.catalina.core.StandardEngine    : Starting Servlet engine: [Apache Tomcat/11.0.20]
2026-04-27T15:56:50.424+05:45  INFO 13272 --- [EShopDemo] [restartedMain] b.w.c.s.WebApplicationContextInitializer : Root WebApplicationContext: initialization completed in 3050 ms
2026-04-27T15:56:50.834+05:45  INFO 13272 --- [EShopDemo] [restartedMain] org.hibernate.orm.jpa                    : HHH008540: Processing PersistenceUnitInfo [name: default]
2026-04-27T15:56:51.099+05:45  INFO 13272 --- [EShopDemo] [restartedMain] o.s.o.j.p.SpringPersistenceUnitInfo      : No LoadTimeWeaver setup: ignoring JPA class transformer
2026-04-27T15:56:51.120+05:45  INFO 13272 --- [EShopDemo] [restartedMain] com.zaxxer.hikari.HikariDataSource       : HikariPool-36 - Starting...
2026-04-27T15:56:51.213+05:45  INFO 13272 --- [EShopDemo] [restartedMain] com.zaxxer.hikari.pool.HikariPool        : HikariPool-36 - Added connection com.mysql.cj.jdbc.ConnectionImpl@5be56bc4
2026-04-27T15:56:51.213+05:45  INFO 13272 --- [EShopDemo] [restartedMain] com.zaxxer.hikari.HikariDataSource       : HikariPool-36 - Start completed.
2026-04-27T15:56:51.216+05:45  INFO 13272 --- [EShopDemo] [restartedMain] org.hibernate.orm.connections.pooling    : HHH10001005: Database info:
	Database JDBC URL [jdbc:mysql://localhost:3306/prod_eshop_db?createDatabaseIfNotExist=true]
	Database driver: MySQL Connector/J
	Database dialect: MySQLDialect
	Database version: 8.0.35
	Default catalog/schema: prod_eshop_db/undefined
	Autocommit mode: undefined/unknown
	Isolation level: REPEATABLE_READ [default REPEATABLE_READ]
	JDBC fetch size: none
	Pool: DataSourceConnectionProvider
	Minimum pool size: undefined/unknown
	Maximum pool size: undefined/unknown
2026-04-27T15:56:51.686+05:45  INFO 13272 --- [EShopDemo] [restartedMain] org.hibernate.orm.core                   : HHH000489: No JTA platform available (set 'hibernate.transaction.jta.platform' to enable JTA platform integration)
2026-04-27T15:56:51.809+05:45  INFO 13272 --- [EShopDemo] [restartedMain] j.LocalContainerEntityManagerFactoryBean : Initialized JPA EntityManagerFactory for persistence unit 'default'
2026-04-27T15:56:53.388+05:45  WARN 13272 --- [EShopDemo] [restartedMain] JpaBaseConfiguration$JpaWebConfiguration : spring.jpa.open-in-view is enabled by default. Therefore, database queries may be performed during view rendering. Explicitly configure spring.jpa.open-in-view to disable this warning
2026-04-27T15:56:54.071+05:45  WARN 13272 --- [EShopDemo] [restartedMain] ion$DefaultTemplateResolverConfiguration : Cannot find template location: classpath:/templates/ (please add some templates, check your Thymeleaf configuration, or set spring.thymeleaf.check-template-location=false)
2026-04-27T15:56:54.715+05:45  INFO 13272 --- [EShopDemo] [restartedMain] o.s.boot.tomcat.TomcatWebServer          : Tomcat started on port 8080 (http) with context path '/'
2026-04-27T15:56:54.741+05:45  INFO 13272 --- [EShopDemo] [restartedMain] c.cdsc.eshopdemo.EShopDemoApplication    : Started EShopDemoApplication in 7.635 seconds (process running for 2700.709)
2026-04-27T15:56:54.744+05:45  INFO 13272 --- [EShopDemo] [restartedMain] .ConditionEvaluationDeltaLoggingListener : Condition evaluation unchanged
2026-04-27T15:57:19.592+05:45  INFO 13272 --- [EShopDemo] [File Watcher] rtingClassPathChangeChangedEventListener : Restarting due to 1 class path change (0 additions, 0 deletions, 1 modification)
2026-04-27T15:57:19.812+05:45  INFO 13272 --- [EShopDemo] [Thread-126] o.s.boot.tomcat.GracefulShutdown         : Commencing graceful shutdown. Waiting for active requests to complete
2026-04-27T15:57:19.887+05:45  INFO 13272 --- [EShopDemo] [tomcat-shutdown] o.s.boot.tomcat.GracefulShutdown         : Graceful shutdown complete
2026-04-27T15:57:19.924+05:45  INFO 13272 --- [EShopDemo] [Thread-126] j.LocalContainerEntityManagerFactoryBean : Closing JPA EntityManagerFactory for persistence unit 'default'
2026-04-27T15:57:19.939+05:45  INFO 13272 --- [EShopDemo] [Thread-126] com.zaxxer.hikari.HikariDataSource       : HikariPool-36 - Shutdown initiated...
2026-04-27T15:57:20.017+05:45  INFO 13272 --- [EShopDemo] [Thread-126] com.zaxxer.hikari.HikariDataSource       : HikariPool-36 - Shutdown completed.
2026-04-27T15:57:21.635+05:45  INFO 13272 --- [EShopDemo] [restartedMain] c.cdsc.eshopdemo.EShopDemoApplication    : Starting EShopDemoApplication using Java 25.0.2 with PID 13272 (E:\CDC_training\EShopDemo\target\classes started by DELL in E:\CDC_training\EShopDemo)
2026-04-27T15:57:21.691+05:45  INFO 13272 --- [EShopDemo] [restartedMain] c.cdsc.eshopdemo.EShopDemoApplication    : The following 1 profile is active: "prod"
2026-04-27T15:57:23.953+05:45  INFO 13272 --- [EShopDemo] [restartedMain] .s.d.r.c.RepositoryConfigurationDelegate : Bootstrapping Spring Data JPA repositories in DEFAULT mode.
2026-04-27T15:57:24.120+05:45  INFO 13272 --- [EShopDemo] [restartedMain] .s.d.r.c.RepositoryConfigurationDelegate : Finished Spring Data repository scanning in 161 ms. Found 3 JPA repository interfaces.
2026-04-27T15:57:25.295+05:45  INFO 13272 --- [EShopDemo] [restartedMain] o.s.boot.tomcat.TomcatWebServer          : Tomcat initialized with port 8080 (http)
2026-04-27T15:57:25.297+05:45  INFO 13272 --- [EShopDemo] [restartedMain] o.apache.catalina.core.StandardService   : Starting service [Tomcat]
2026-04-27T15:57:25.300+05:45  INFO 13272 --- [EShopDemo] [restartedMain] o.apache.catalina.core.StandardEngine    : Starting Servlet engine: [Apache Tomcat/11.0.20]
2026-04-27T15:57:25.741+05:45  INFO 13272 --- [EShopDemo] [restartedMain] b.w.c.s.WebApplicationContextInitializer : Root WebApplicationContext: initialization completed in 4043 ms
2026-04-27T15:57:26.106+05:45  INFO 13272 --- [EShopDemo] [restartedMain] org.hibernate.orm.jpa                    : HHH008540: Processing PersistenceUnitInfo [name: default]
2026-04-27T15:57:26.382+05:45  INFO 13272 --- [EShopDemo] [restartedMain] o.s.o.j.p.SpringPersistenceUnitInfo      : No LoadTimeWeaver setup: ignoring JPA class transformer
2026-04-27T15:57:26.388+05:45  INFO 13272 --- [EShopDemo] [restartedMain] com.zaxxer.hikari.HikariDataSource       : HikariPool-37 - Starting...
2026-04-27T15:57:26.869+05:45  INFO 13272 --- [EShopDemo] [restartedMain] com.zaxxer.hikari.pool.HikariPool        : HikariPool-37 - Added connection com.mysql.cj.jdbc.ConnectionImpl@35728b6c
2026-04-27T15:57:26.869+05:45  INFO 13272 --- [EShopDemo] [restartedMain] com.zaxxer.hikari.HikariDataSource       : HikariPool-37 - Start completed.
2026-04-27T15:57:26.880+05:45  INFO 13272 --- [EShopDemo] [restartedMain] org.hibernate.orm.connections.pooling    : HHH10001005: Database info:
	Database JDBC URL [jdbc:mysql://localhost:3306/prod_eshop_db?createDatabaseIfNotExist=true]
	Database driver: MySQL Connector/J
	Database dialect: MySQLDialect
	Database version: 8.0.35
	Default catalog/schema: prod_eshop_db/undefined
	Autocommit mode: undefined/unknown
	Isolation level: REPEATABLE_READ [default REPEATABLE_READ]
	JDBC fetch size: none
	Pool: DataSourceConnectionProvider
	Minimum pool size: undefined/unknown
	Maximum pool size: undefined/unknown
2026-04-27T15:57:27.984+05:45  INFO 13272 --- [EShopDemo] [restartedMain] org.hibernate.orm.core                   : HHH000489: No JTA platform available (set 'hibernate.transaction.jta.platform' to enable JTA platform integration)
2026-04-27T15:57:28.220+05:45  INFO 13272 --- [EShopDemo] [restartedMain] j.LocalContainerEntityManagerFactoryBean : Initialized JPA EntityManagerFactory for persistence unit 'default'
2026-04-27T15:57:29.011+05:45  WARN 13272 --- [EShopDemo] [restartedMain] JpaBaseConfiguration$JpaWebConfiguration : spring.jpa.open-in-view is enabled by default. Therefore, database queries may be performed during view rendering. Explicitly configure spring.jpa.open-in-view to disable this warning
2026-04-27T15:57:29.423+05:45  WARN 13272 --- [EShopDemo] [restartedMain] ion$DefaultTemplateResolverConfiguration : Cannot find template location: classpath:/templates/ (please add some templates, check your Thymeleaf configuration, or set spring.thymeleaf.check-template-location=false)
2026-04-27T15:57:29.709+05:45  INFO 13272 --- [EShopDemo] [restartedMain] o.s.boot.tomcat.TomcatWebServer          : Tomcat started on port 8080 (http) with context path '/'
2026-04-27T15:57:29.718+05:45  INFO 13272 --- [EShopDemo] [restartedMain] c.cdsc.eshopdemo.EShopDemoApplication    : Started EShopDemoApplication in 8.688 seconds (process running for 2735.686)
2026-04-27T15:57:29.722+05:45  INFO 13272 --- [EShopDemo] [restartedMain] .ConditionEvaluationDeltaLoggingListener : Condition evaluation unchanged
2026-04-27T15:57:37.136+05:45  INFO 13272 --- [EShopDemo] [File Watcher] rtingClassPathChangeChangedEventListener : Restarting due to 1 class path change (0 additions, 0 deletions, 1 modification)
2026-04-27T15:57:37.146+05:45  INFO 13272 --- [EShopDemo] [Thread-130] o.s.boot.tomcat.GracefulShutdown         : Commencing graceful shutdown. Waiting for active requests to complete
2026-04-27T15:57:37.181+05:45  INFO 13272 --- [EShopDemo] [tomcat-shutdown] o.s.boot.tomcat.GracefulShutdown         : Graceful shutdown complete
2026-04-27T15:57:37.186+05:45  INFO 13272 --- [EShopDemo] [Thread-130] j.LocalContainerEntityManagerFactoryBean : Closing JPA EntityManagerFactory for persistence unit 'default'
2026-04-27T15:57:37.190+05:45  INFO 13272 --- [EShopDemo] [Thread-130] com.zaxxer.hikari.HikariDataSource       : HikariPool-37 - Shutdown initiated...
2026-04-27T15:57:37.225+05:45  INFO 13272 --- [EShopDemo] [Thread-130] com.zaxxer.hikari.HikariDataSource       : HikariPool-37 - Shutdown completed.
2026-04-27T15:57:37.753+05:45  INFO 13272 --- [EShopDemo] [restartedMain] c.cdsc.eshopdemo.EShopDemoApplication    : Starting EShopDemoApplication using Java 25.0.2 with PID 13272 (E:\CDC_training\EShopDemo\target\classes started by DELL in E:\CDC_training\EShopDemo)
2026-04-27T15:57:37.753+05:45  INFO 13272 --- [EShopDemo] [restartedMain] c.cdsc.eshopdemo.EShopDemoApplication    : The following 1 profile is active: "prod"
2026-04-27T15:57:39.665+05:45  INFO 13272 --- [EShopDemo] [restartedMain] .s.d.r.c.RepositoryConfigurationDelegate : Bootstrapping Spring Data JPA repositories in DEFAULT mode.
2026-04-27T15:57:39.917+05:45  INFO 13272 --- [EShopDemo] [restartedMain] .s.d.r.c.RepositoryConfigurationDelegate : Finished Spring Data repository scanning in 184 ms. Found 3 JPA repository interfaces.
2026-04-27T15:57:40.785+05:45  INFO 13272 --- [EShopDemo] [restartedMain] o.s.boot.tomcat.TomcatWebServer          : Tomcat initialized with port 8080 (http)
2026-04-27T15:57:40.786+05:45  INFO 13272 --- [EShopDemo] [restartedMain] o.apache.catalina.core.StandardService   : Starting service [Tomcat]
2026-04-27T15:57:40.787+05:45  INFO 13272 --- [EShopDemo] [restartedMain] o.apache.catalina.core.StandardEngine    : Starting Servlet engine: [Apache Tomcat/11.0.20]
2026-04-27T15:57:41.180+05:45  INFO 13272 --- [EShopDemo] [restartedMain] b.w.c.s.WebApplicationContextInitializer : Root WebApplicationContext: initialization completed in 3422 ms
2026-04-27T15:57:41.390+05:45  INFO 13272 --- [EShopDemo] [restartedMain] org.hibernate.orm.jpa                    : HHH008540: Processing PersistenceUnitInfo [name: default]
2026-04-27T15:57:41.498+05:45  INFO 13272 --- [EShopDemo] [restartedMain] o.s.o.j.p.SpringPersistenceUnitInfo      : No LoadTimeWeaver setup: ignoring JPA class transformer
2026-04-27T15:57:41.500+05:45  INFO 13272 --- [EShopDemo] [restartedMain] com.zaxxer.hikari.HikariDataSource       : HikariPool-38 - Starting...
2026-04-27T15:57:41.589+05:45  INFO 13272 --- [EShopDemo] [restartedMain] com.zaxxer.hikari.pool.HikariPool        : HikariPool-38 - Added connection com.mysql.cj.jdbc.ConnectionImpl@6f3b686f
2026-04-27T15:57:41.590+05:45  INFO 13272 --- [EShopDemo] [restartedMain] com.zaxxer.hikari.HikariDataSource       : HikariPool-38 - Start completed.
2026-04-27T15:57:41.596+05:45  INFO 13272 --- [EShopDemo] [restartedMain] org.hibernate.orm.connections.pooling    : HHH10001005: Database info:
	Database JDBC URL [jdbc:mysql://localhost:3306/prod_eshop_db?createDatabaseIfNotExist=true]
	Database driver: MySQL Connector/J
	Database dialect: MySQLDialect
	Database version: 8.0.35
	Default catalog/schema: prod_eshop_db/undefined
	Autocommit mode: undefined/unknown
	Isolation level: REPEATABLE_READ [default REPEATABLE_READ]
	JDBC fetch size: none
	Pool: DataSourceConnectionProvider
	Minimum pool size: undefined/unknown
	Maximum pool size: undefined/unknown
2026-04-27T15:57:42.032+05:45  INFO 13272 --- [EShopDemo] [restartedMain] org.hibernate.orm.core                   : HHH000489: No JTA platform available (set 'hibernate.transaction.jta.platform' to enable JTA platform integration)
2026-04-27T15:57:42.108+05:45  INFO 13272 --- [EShopDemo] [restartedMain] j.LocalContainerEntityManagerFactoryBean : Initialized JPA EntityManagerFactory for persistence unit 'default'
2026-04-27T15:57:42.974+05:45  WARN 13272 --- [EShopDemo] [restartedMain] JpaBaseConfiguration$JpaWebConfiguration : spring.jpa.open-in-view is enabled by default. Therefore, database queries may be performed during view rendering. Explicitly configure spring.jpa.open-in-view to disable this warning
2026-04-27T15:57:43.632+05:45  WARN 13272 --- [EShopDemo] [restartedMain] ion$DefaultTemplateResolverConfiguration : Cannot find template location: classpath:/templates/ (please add some templates, check your Thymeleaf configuration, or set spring.thymeleaf.check-template-location=false)
2026-04-27T15:57:44.150+05:45  INFO 13272 --- [EShopDemo] [restartedMain] o.s.boot.tomcat.TomcatWebServer          : Tomcat started on port 8080 (http) with context path '/'
2026-04-27T15:57:44.157+05:45  INFO 13272 --- [EShopDemo] [restartedMain] c.cdsc.eshopdemo.EShopDemoApplication    : Started EShopDemoApplication in 6.622 seconds (process running for 2750.124)
2026-04-27T15:57:44.165+05:45  INFO 13272 --- [EShopDemo] [restartedMain] .ConditionEvaluationDeltaLoggingListener : Condition evaluation unchanged
2026-04-27T15:58:57.423+05:45  INFO 13272 --- [EShopDemo] [File Watcher] rtingClassPathChangeChangedEventListener : Restarting due to 1 class path change (0 additions, 0 deletions, 1 modification)
2026-04-27T15:58:58.075+05:45  INFO 13272 --- [EShopDemo] [Thread-134] o.s.boot.tomcat.GracefulShutdown         : Commencing graceful shutdown. Waiting for active requests to complete
2026-04-27T15:58:58.175+05:45  INFO 13272 --- [EShopDemo] [tomcat-shutdown] o.s.boot.tomcat.GracefulShutdown         : Graceful shutdown complete
2026-04-27T15:58:58.398+05:45  INFO 13272 --- [EShopDemo] [Thread-134] j.LocalContainerEntityManagerFactoryBean : Closing JPA EntityManagerFactory for persistence unit 'default'
2026-04-27T15:58:58.432+05:45  INFO 13272 --- [EShopDemo] [Thread-134] com.zaxxer.hikari.HikariDataSource       : HikariPool-38 - Shutdown initiated...
2026-04-27T15:58:58.709+05:45  INFO 13272 --- [EShopDemo] [Thread-134] com.zaxxer.hikari.HikariDataSource       : HikariPool-38 - Shutdown completed.
2026-04-27T15:59:01.809+05:45  INFO 13272 --- [EShopDemo] [restartedMain] c.cdsc.eshopdemo.EShopDemoApplication    : Starting EShopDemoApplication using Java 25.0.2 with PID 13272 (E:\CDC_training\EShopDemo\target\classes started by DELL in E:\CDC_training\EShopDemo)
2026-04-27T15:59:01.810+05:45  INFO 13272 --- [EShopDemo] [restartedMain] c.cdsc.eshopdemo.EShopDemoApplication    : The following 1 profile is active: "prod"
2026-04-27T15:59:03.573+05:45  INFO 13272 --- [EShopDemo] [restartedMain] .s.d.r.c.RepositoryConfigurationDelegate : Bootstrapping Spring Data JPA repositories in DEFAULT mode.
2026-04-27T15:59:03.786+05:45  INFO 13272 --- [EShopDemo] [restartedMain] .s.d.r.c.RepositoryConfigurationDelegate : Finished Spring Data repository scanning in 201 ms. Found 3 JPA repository interfaces.
2026-04-27T15:59:04.525+05:45  INFO 13272 --- [EShopDemo] [restartedMain] o.s.boot.tomcat.TomcatWebServer          : Tomcat initialized with port 8080 (http)
2026-04-27T15:59:04.528+05:45  INFO 13272 --- [EShopDemo] [restartedMain] o.apache.catalina.core.StandardService   : Starting service [Tomcat]
2026-04-27T15:59:04.528+05:45  INFO 13272 --- [EShopDemo] [restartedMain] o.apache.catalina.core.StandardEngine    : Starting Servlet engine: [Apache Tomcat/11.0.20]
2026-04-27T15:59:04.924+05:45  INFO 13272 --- [EShopDemo] [restartedMain] b.w.c.s.WebApplicationContextInitializer : Root WebApplicationContext: initialization completed in 3108 ms
2026-04-27T15:59:05.294+05:45  INFO 13272 --- [EShopDemo] [restartedMain] org.hibernate.orm.jpa                    : HHH008540: Processing PersistenceUnitInfo [name: default]
2026-04-27T15:59:05.530+05:45  INFO 13272 --- [EShopDemo] [restartedMain] o.s.o.j.p.SpringPersistenceUnitInfo      : No LoadTimeWeaver setup: ignoring JPA class transformer
2026-04-27T15:59:05.537+05:45  INFO 13272 --- [EShopDemo] [restartedMain] com.zaxxer.hikari.HikariDataSource       : HikariPool-39 - Starting...
2026-04-27T15:59:05.869+05:45  INFO 13272 --- [EShopDemo] [restartedMain] com.zaxxer.hikari.pool.HikariPool        : HikariPool-39 - Added connection com.mysql.cj.jdbc.ConnectionImpl@7bb3e3da
2026-04-27T15:59:05.871+05:45  INFO 13272 --- [EShopDemo] [restartedMain] com.zaxxer.hikari.HikariDataSource       : HikariPool-39 - Start completed.
2026-04-27T15:59:05.889+05:45  INFO 13272 --- [EShopDemo] [restartedMain] org.hibernate.orm.connections.pooling    : HHH10001005: Database info:
	Database JDBC URL [jdbc:mysql://localhost:3306/prod_eshop_db?createDatabaseIfNotExist=true]
	Database driver: MySQL Connector/J
	Database dialect: MySQLDialect
	Database version: 8.0.35
	Default catalog/schema: prod_eshop_db/undefined
	Autocommit mode: undefined/unknown
	Isolation level: REPEATABLE_READ [default REPEATABLE_READ]
	JDBC fetch size: none
	Pool: DataSourceConnectionProvider
	Minimum pool size: undefined/unknown
	Maximum pool size: undefined/unknown
2026-04-27T15:59:06.807+05:45  INFO 13272 --- [EShopDemo] [restartedMain] org.hibernate.orm.core                   : HHH000489: No JTA platform available (set 'hibernate.transaction.jta.platform' to enable JTA platform integration)
2026-04-27T15:59:06.952+05:45  INFO 13272 --- [EShopDemo] [restartedMain] j.LocalContainerEntityManagerFactoryBean : Initialized JPA EntityManagerFactory for persistence unit 'default'
2026-04-27T15:59:07.659+05:45  WARN 13272 --- [EShopDemo] [restartedMain] JpaBaseConfiguration$JpaWebConfiguration : spring.jpa.open-in-view is enabled by default. Therefore, database queries may be performed during view rendering. Explicitly configure spring.jpa.open-in-view to disable this warning
2026-04-27T15:59:08.301+05:45  WARN 13272 --- [EShopDemo] [restartedMain] ion$DefaultTemplateResolverConfiguration : Cannot find template location: classpath:/templates/ (please add some templates, check your Thymeleaf configuration, or set spring.thymeleaf.check-template-location=false)
2026-04-27T15:59:08.836+05:45  INFO 13272 --- [EShopDemo] [restartedMain] o.s.boot.tomcat.TomcatWebServer          : Tomcat started on port 8080 (http) with context path '/'
2026-04-27T15:59:08.865+05:45  INFO 13272 --- [EShopDemo] [restartedMain] c.cdsc.eshopdemo.EShopDemoApplication    : Started EShopDemoApplication in 7.421 seconds (process running for 2834.832)
2026-04-27T15:59:08.867+05:45  INFO 13272 --- [EShopDemo] [restartedMain] .ConditionEvaluationDeltaLoggingListener : Condition evaluation unchanged
2026-04-27T16:04:54.185+05:45  INFO 13272 --- [EShopDemo] [File Watcher] rtingClassPathChangeChangedEventListener : Restarting due to 1 class path change (0 additions, 0 deletions, 1 modification)
2026-04-27T16:04:54.584+05:45  INFO 13272 --- [EShopDemo] [Thread-138] o.s.boot.tomcat.GracefulShutdown         : Commencing graceful shutdown. Waiting for active requests to complete
2026-04-27T16:04:54.865+05:45  INFO 13272 --- [EShopDemo] [tomcat-shutdown] o.s.boot.tomcat.GracefulShutdown         : Graceful shutdown complete
2026-04-27T16:04:55.206+05:45  INFO 13272 --- [EShopDemo] [Thread-138] j.LocalContainerEntityManagerFactoryBean : Closing JPA EntityManagerFactory for persistence unit 'default'
2026-04-27T16:04:55.780+05:45  INFO 13272 --- [EShopDemo] [Thread-138] com.zaxxer.hikari.HikariDataSource       : HikariPool-39 - Shutdown initiated...
2026-04-27T16:04:55.992+05:45  INFO 13272 --- [EShopDemo] [Thread-138] com.zaxxer.hikari.HikariDataSource       : HikariPool-39 - Shutdown completed.
2026-04-27T16:05:01.008+05:45  INFO 13272 --- [EShopDemo] [restartedMain] c.cdsc.eshopdemo.EShopDemoApplication    : Starting EShopDemoApplication using Java 25.0.2 with PID 13272 (E:\CDC_training\EShopDemo\target\classes started by DELL in E:\CDC_training\EShopDemo)
2026-04-27T16:05:01.009+05:45  INFO 13272 --- [EShopDemo] [restartedMain] c.cdsc.eshopdemo.EShopDemoApplication    : The following 1 profile is active: "prod"
2026-04-27T16:05:02.322+05:45  INFO 13272 --- [EShopDemo] [restartedMain] .s.d.r.c.RepositoryConfigurationDelegate : Bootstrapping Spring Data JPA repositories in DEFAULT mode.
2026-04-27T16:05:02.474+05:45  INFO 13272 --- [EShopDemo] [restartedMain] .s.d.r.c.RepositoryConfigurationDelegate : Finished Spring Data repository scanning in 143 ms. Found 3 JPA repository interfaces.
2026-04-27T16:05:03.000+05:45  INFO 13272 --- [EShopDemo] [restartedMain] o.s.boot.tomcat.TomcatWebServer          : Tomcat initialized with port 8080 (http)
2026-04-27T16:05:03.007+05:45  INFO 13272 --- [EShopDemo] [restartedMain] o.apache.catalina.core.StandardService   : Starting service [Tomcat]
2026-04-27T16:05:03.007+05:45  INFO 13272 --- [EShopDemo] [restartedMain] o.apache.catalina.core.StandardEngine    : Starting Servlet engine: [Apache Tomcat/11.0.20]
2026-04-27T16:05:03.261+05:45  INFO 13272 --- [EShopDemo] [restartedMain] b.w.c.s.WebApplicationContextInitializer : Root WebApplicationContext: initialization completed in 2236 ms
2026-04-27T16:05:03.637+05:45  INFO 13272 --- [EShopDemo] [restartedMain] org.hibernate.orm.jpa                    : HHH008540: Processing PersistenceUnitInfo [name: default]
2026-04-27T16:05:03.973+05:45  INFO 13272 --- [EShopDemo] [restartedMain] o.s.o.j.p.SpringPersistenceUnitInfo      : No LoadTimeWeaver setup: ignoring JPA class transformer
2026-04-27T16:05:03.982+05:45  INFO 13272 --- [EShopDemo] [restartedMain] com.zaxxer.hikari.HikariDataSource       : HikariPool-40 - Starting...
2026-04-27T16:05:04.310+05:45  INFO 13272 --- [EShopDemo] [restartedMain] com.zaxxer.hikari.pool.HikariPool        : HikariPool-40 - Added connection com.mysql.cj.jdbc.ConnectionImpl@51eddabc
2026-04-27T16:05:04.312+05:45  INFO 13272 --- [EShopDemo] [restartedMain] com.zaxxer.hikari.HikariDataSource       : HikariPool-40 - Start completed.
2026-04-27T16:05:04.321+05:45  INFO 13272 --- [EShopDemo] [restartedMain] org.hibernate.orm.connections.pooling    : HHH10001005: Database info:
	Database JDBC URL [jdbc:mysql://localhost:3306/prod_eshop_db?createDatabaseIfNotExist=true]
	Database driver: MySQL Connector/J
	Database dialect: MySQLDialect
	Database version: 8.0.35
	Default catalog/schema: prod_eshop_db/undefined
	Autocommit mode: undefined/unknown
	Isolation level: REPEATABLE_READ [default REPEATABLE_READ]
	JDBC fetch size: none
	Pool: DataSourceConnectionProvider
	Minimum pool size: undefined/unknown
	Maximum pool size: undefined/unknown
2026-04-27T16:05:04.668+05:45  INFO 13272 --- [EShopDemo] [restartedMain] org.hibernate.orm.core                   : HHH000489: No JTA platform available (set 'hibernate.transaction.jta.platform' to enable JTA platform integration)
2026-04-27T16:05:04.993+05:45  INFO 13272 --- [EShopDemo] [restartedMain] j.LocalContainerEntityManagerFactoryBean : Initialized JPA EntityManagerFactory for persistence unit 'default'
2026-04-27T16:05:05.399+05:45  WARN 13272 --- [EShopDemo] [restartedMain] JpaBaseConfiguration$JpaWebConfiguration : spring.jpa.open-in-view is enabled by default. Therefore, database queries may be performed during view rendering. Explicitly configure spring.jpa.open-in-view to disable this warning
2026-04-27T16:05:05.609+05:45  WARN 13272 --- [EShopDemo] [restartedMain] ion$DefaultTemplateResolverConfiguration : Cannot find template location: classpath:/templates/ (please add some templates, check your Thymeleaf configuration, or set spring.thymeleaf.check-template-location=false)
2026-04-27T16:05:05.944+05:45  INFO 13272 --- [EShopDemo] [restartedMain] o.s.boot.tomcat.TomcatWebServer          : Tomcat started on port 8080 (http) with context path '/'
2026-04-27T16:05:05.955+05:45  INFO 13272 --- [EShopDemo] [restartedMain] c.cdsc.eshopdemo.EShopDemoApplication    : Started EShopDemoApplication in 5.308 seconds (process running for 3191.922)
2026-04-27T16:05:05.963+05:45  INFO 13272 --- [EShopDemo] [restartedMain] .ConditionEvaluationDeltaLoggingListener : Condition evaluation unchanged
2026-04-27T16:10:56.324+05:45  INFO 13272 --- [EShopDemo] [File Watcher] rtingClassPathChangeChangedEventListener : Restarting due to 1 class path change (1 addition, 0 deletions, 0 modifications)
2026-04-27T16:10:57.571+05:45  INFO 13272 --- [EShopDemo] [Thread-142] o.s.boot.tomcat.GracefulShutdown         : Commencing graceful shutdown. Waiting for active requests to complete
2026-04-27T16:10:58.171+05:45  INFO 13272 --- [EShopDemo] [tomcat-shutdown] o.s.boot.tomcat.GracefulShutdown         : Graceful shutdown complete
2026-04-27T16:11:00.480+05:45  INFO 13272 --- [EShopDemo] [Thread-142] j.LocalContainerEntityManagerFactoryBean : Closing JPA EntityManagerFactory for persistence unit 'default'
2026-04-27T16:11:03.817+05:45  INFO 13272 --- [EShopDemo] [Thread-142] com.zaxxer.hikari.HikariDataSource       : HikariPool-40 - Shutdown initiated...
2026-04-27T16:11:04.311+05:45  INFO 13272 --- [EShopDemo] [Thread-142] com.zaxxer.hikari.HikariDataSource       : HikariPool-40 - Shutdown completed.
2026-04-27T16:11:16.426+05:45  INFO 13272 --- [EShopDemo] [restartedMain] c.cdsc.eshopdemo.EShopDemoApplication    : Starting EShopDemoApplication using Java 25.0.2 with PID 13272 (E:\CDC_training\EShopDemo\target\classes started by DELL in E:\CDC_training\EShopDemo)
2026-04-27T16:11:16.428+05:45  INFO 13272 --- [EShopDemo] [restartedMain] c.cdsc.eshopdemo.EShopDemoApplication    : The following 1 profile is active: "prod"
2026-04-27T16:11:21.871+05:45  INFO 13272 --- [EShopDemo] [restartedMain] .s.d.r.c.RepositoryConfigurationDelegate : Bootstrapping Spring Data JPA repositories in DEFAULT mode.
2026-04-27T16:11:22.455+05:45  INFO 13272 --- [EShopDemo] [restartedMain] .s.d.r.c.RepositoryConfigurationDelegate : Finished Spring Data repository scanning in 523 ms. Found 3 JPA repository interfaces.
2026-04-27T16:11:33.652+05:45  INFO 13272 --- [EShopDemo] [restartedMain] o.s.boot.tomcat.TomcatWebServer          : Tomcat initialized with port 8080 (http)
2026-04-27T16:11:33.786+05:45  INFO 13272 --- [EShopDemo] [restartedMain] o.apache.catalina.core.StandardService   : Starting service [Tomcat]
2026-04-27T16:11:33.787+05:45  INFO 13272 --- [EShopDemo] [restartedMain] o.apache.catalina.core.StandardEngine    : Starting Servlet engine: [Apache Tomcat/11.0.20]
2026-04-27T16:11:34.810+05:45  INFO 13272 --- [EShopDemo] [restartedMain] b.w.c.s.WebApplicationContextInitializer : Root WebApplicationContext: initialization completed in 18362 ms
2026-04-27T16:11:35.654+05:45  INFO 13272 --- [EShopDemo] [restartedMain] org.hibernate.orm.jpa                    : HHH008540: Processing PersistenceUnitInfo [name: default]
2026-04-27T16:11:36.098+05:45  INFO 13272 --- [EShopDemo] [restartedMain] o.s.o.j.p.SpringPersistenceUnitInfo      : No LoadTimeWeaver setup: ignoring JPA class transformer
2026-04-27T16:11:36.162+05:45  INFO 13272 --- [EShopDemo] [restartedMain] com.zaxxer.hikari.HikariDataSource       : HikariPool-41 - Starting...
2026-04-27T16:11:36.808+05:45  INFO 13272 --- [EShopDemo] [restartedMain] com.zaxxer.hikari.pool.HikariPool        : HikariPool-41 - Added connection com.mysql.cj.jdbc.ConnectionImpl@1fa189aa
2026-04-27T16:11:36.809+05:45  INFO 13272 --- [EShopDemo] [restartedMain] com.zaxxer.hikari.HikariDataSource       : HikariPool-41 - Start completed.
2026-04-27T16:11:36.844+05:45  INFO 13272 --- [EShopDemo] [restartedMain] org.hibernate.orm.connections.pooling    : HHH10001005: Database info:
	Database JDBC URL [jdbc:mysql://localhost:3306/prod_eshop_db?createDatabaseIfNotExist=true]
	Database driver: MySQL Connector/J
	Database dialect: MySQLDialect
	Database version: 8.0.35
	Default catalog/schema: prod_eshop_db/undefined
	Autocommit mode: undefined/unknown
	Isolation level: REPEATABLE_READ [default REPEATABLE_READ]
	JDBC fetch size: none
	Pool: DataSourceConnectionProvider
	Minimum pool size: undefined/unknown
	Maximum pool size: undefined/unknown
2026-04-27T16:11:41.849+05:45  INFO 13272 --- [EShopDemo] [restartedMain] org.hibernate.orm.core                   : HHH000489: No JTA platform available (set 'hibernate.transaction.jta.platform' to enable JTA platform integration)
2026-04-27T16:11:42.271+05:45  INFO 13272 --- [EShopDemo] [restartedMain] j.LocalContainerEntityManagerFactoryBean : Initialized JPA EntityManagerFactory for persistence unit 'default'
2026-04-27T16:11:45.957+05:45  WARN 13272 --- [EShopDemo] [restartedMain] JpaBaseConfiguration$JpaWebConfiguration : spring.jpa.open-in-view is enabled by default. Therefore, database queries may be performed during view rendering. Explicitly configure spring.jpa.open-in-view to disable this warning
2026-04-27T16:11:50.021+05:45  WARN 13272 --- [EShopDemo] [restartedMain] ion$DefaultTemplateResolverConfiguration : Cannot find template location: classpath:/templates/ (please add some templates, check your Thymeleaf configuration, or set spring.thymeleaf.check-template-location=false)
2026-04-27T16:11:55.842+05:45  INFO 13272 --- [EShopDemo] [restartedMain] o.s.boot.tomcat.TomcatWebServer          : Tomcat started on port 8080 (http) with context path '/'
2026-04-27T16:11:55.924+05:45  INFO 13272 --- [EShopDemo] [restartedMain] c.cdsc.eshopdemo.EShopDemoApplication    : Started EShopDemoApplication in 41.31 seconds (process running for 3601.891)
2026-04-27T16:11:56.160+05:45  INFO 13272 --- [EShopDemo] [restartedMain] .ConditionEvaluationDeltaLoggingListener : Condition evaluation unchanged
2026-04-27T16:11:57.304+05:45  INFO 13272 --- [EShopDemo] [File Watcher] rtingClassPathChangeChangedEventListener : Restarting due to 1 class path change (0 additions, 0 deletions, 1 modification)
2026-04-27T16:11:57.461+05:45  INFO 13272 --- [EShopDemo] [Thread-146] o.s.boot.tomcat.GracefulShutdown         : Commencing graceful shutdown. Waiting for active requests to complete
2026-04-27T16:11:57.547+05:45  INFO 13272 --- [EShopDemo] [tomcat-shutdown] o.s.boot.tomcat.GracefulShutdown         : Graceful shutdown complete
2026-04-27T16:11:57.845+05:45  INFO 13272 --- [EShopDemo] [Thread-146] j.LocalContainerEntityManagerFactoryBean : Closing JPA EntityManagerFactory for persistence unit 'default'
2026-04-27T16:11:57.881+05:45  INFO 13272 --- [EShopDemo] [Thread-146] com.zaxxer.hikari.HikariDataSource       : HikariPool-41 - Shutdown initiated...
2026-04-27T16:11:58.457+05:45  INFO 13272 --- [EShopDemo] [Thread-146] com.zaxxer.hikari.HikariDataSource       : HikariPool-41 - Shutdown completed.
2026-04-27T16:12:00.575+05:45  INFO 13272 --- [EShopDemo] [restartedMain] c.cdsc.eshopdemo.EShopDemoApplication    : Starting EShopDemoApplication using Java 25.0.2 with PID 13272 (E:\CDC_training\EShopDemo\target\classes started by DELL in E:\CDC_training\EShopDemo)
2026-04-27T16:12:00.576+05:45  INFO 13272 --- [EShopDemo] [restartedMain] c.cdsc.eshopdemo.EShopDemoApplication    : The following 1 profile is active: "prod"
2026-04-27T16:12:03.330+05:45  INFO 13272 --- [EShopDemo] [restartedMain] .s.d.r.c.RepositoryConfigurationDelegate : Bootstrapping Spring Data JPA repositories in DEFAULT mode.
2026-04-27T16:12:03.524+05:45  INFO 13272 --- [EShopDemo] [restartedMain] .s.d.r.c.RepositoryConfigurationDelegate : Finished Spring Data repository scanning in 190 ms. Found 3 JPA repository interfaces.
2026-04-27T16:12:04.709+05:45  INFO 13272 --- [EShopDemo] [restartedMain] o.s.boot.tomcat.TomcatWebServer          : Tomcat initialized with port 8080 (http)
2026-04-27T16:12:04.711+05:45  INFO 13272 --- [EShopDemo] [restartedMain] o.apache.catalina.core.StandardService   : Starting service [Tomcat]
2026-04-27T16:12:04.712+05:45  INFO 13272 --- [EShopDemo] [restartedMain] o.apache.catalina.core.StandardEngine    : Starting Servlet engine: [Apache Tomcat/11.0.20]
2026-04-27T16:12:05.104+05:45  INFO 13272 --- [EShopDemo] [restartedMain] b.w.c.s.WebApplicationContextInitializer : Root WebApplicationContext: initialization completed in 4523 ms
2026-04-27T16:12:05.605+05:45  INFO 13272 --- [EShopDemo] [restartedMain] org.hibernate.orm.jpa                    : HHH008540: Processing PersistenceUnitInfo [name: default]
2026-04-27T16:12:06.266+05:45  INFO 13272 --- [EShopDemo] [restartedMain] o.s.o.j.p.SpringPersistenceUnitInfo      : No LoadTimeWeaver setup: ignoring JPA class transformer
2026-04-27T16:12:06.269+05:45  INFO 13272 --- [EShopDemo] [restartedMain] com.zaxxer.hikari.HikariDataSource       : HikariPool-42 - Starting...
2026-04-27T16:12:06.328+05:45  INFO 13272 --- [EShopDemo] [restartedMain] com.zaxxer.hikari.pool.HikariPool        : HikariPool-42 - Added connection com.mysql.cj.jdbc.ConnectionImpl@633bc58d
2026-04-27T16:12:06.328+05:45  INFO 13272 --- [EShopDemo] [restartedMain] com.zaxxer.hikari.HikariDataSource       : HikariPool-42 - Start completed.
2026-04-27T16:12:06.332+05:45  INFO 13272 --- [EShopDemo] [restartedMain] org.hibernate.orm.connections.pooling    : HHH10001005: Database info:
	Database JDBC URL [jdbc:mysql://localhost:3306/prod_eshop_db?createDatabaseIfNotExist=true]
	Database driver: MySQL Connector/J
	Database dialect: MySQLDialect
	Database version: 8.0.35
	Default catalog/schema: prod_eshop_db/undefined
	Autocommit mode: undefined/unknown
	Isolation level: REPEATABLE_READ [default REPEATABLE_READ]
	JDBC fetch size: none
	Pool: DataSourceConnectionProvider
	Minimum pool size: undefined/unknown
	Maximum pool size: undefined/unknown
2026-04-27T16:12:06.749+05:45  INFO 13272 --- [EShopDemo] [restartedMain] org.hibernate.orm.core                   : HHH000489: No JTA platform available (set 'hibernate.transaction.jta.platform' to enable JTA platform integration)
2026-04-27T16:12:06.817+05:45  INFO 13272 --- [EShopDemo] [restartedMain] j.LocalContainerEntityManagerFactoryBean : Initialized JPA EntityManagerFactory for persistence unit 'default'
2026-04-27T16:12:07.874+05:45  WARN 13272 --- [EShopDemo] [restartedMain] JpaBaseConfiguration$JpaWebConfiguration : spring.jpa.open-in-view is enabled by default. Therefore, database queries may be performed during view rendering. Explicitly configure spring.jpa.open-in-view to disable this warning
2026-04-27T16:12:08.304+05:45  WARN 13272 --- [EShopDemo] [restartedMain] ion$DefaultTemplateResolverConfiguration : Cannot find template location: classpath:/templates/ (please add some templates, check your Thymeleaf configuration, or set spring.thymeleaf.check-template-location=false)
2026-04-27T16:12:09.142+05:45  INFO 13272 --- [EShopDemo] [restartedMain] o.s.boot.tomcat.TomcatWebServer          : Tomcat started on port 8080 (http) with context path '/'
2026-04-27T16:12:09.151+05:45  INFO 13272 --- [EShopDemo] [restartedMain] c.cdsc.eshopdemo.EShopDemoApplication    : Started EShopDemoApplication in 8.884 seconds (process running for 3615.118)
2026-04-27T16:12:09.154+05:45  INFO 13272 --- [EShopDemo] [restartedMain] .ConditionEvaluationDeltaLoggingListener : Condition evaluation unchanged
2026-04-27T16:14:11.973+05:45  INFO 13272 --- [EShopDemo] [File Watcher] rtingClassPathChangeChangedEventListener : Restarting due to 1 class path change (0 additions, 0 deletions, 1 modification)
2026-04-27T16:14:12.564+05:45  INFO 13272 --- [EShopDemo] [Thread-150] o.s.boot.tomcat.GracefulShutdown         : Commencing graceful shutdown. Waiting for active requests to complete
2026-04-27T16:14:12.924+05:45  INFO 13272 --- [EShopDemo] [tomcat-shutdown] o.s.boot.tomcat.GracefulShutdown         : Graceful shutdown complete
2026-04-27T16:14:13.283+05:45  INFO 13272 --- [EShopDemo] [Thread-150] j.LocalContainerEntityManagerFactoryBean : Closing JPA EntityManagerFactory for persistence unit 'default'
2026-04-27T16:14:13.476+05:45  INFO 13272 --- [EShopDemo] [Thread-150] com.zaxxer.hikari.HikariDataSource       : HikariPool-42 - Shutdown initiated...
2026-04-27T16:14:13.794+05:45  INFO 13272 --- [EShopDemo] [Thread-150] com.zaxxer.hikari.HikariDataSource       : HikariPool-42 - Shutdown completed.
2026-04-27T16:14:21.004+05:45  INFO 13272 --- [EShopDemo] [restartedMain] c.cdsc.eshopdemo.EShopDemoApplication    : Starting EShopDemoApplication using Java 25.0.2 with PID 13272 (E:\CDC_training\EShopDemo\target\classes started by DELL in E:\CDC_training\EShopDemo)
2026-04-27T16:14:21.005+05:45  INFO 13272 --- [EShopDemo] [restartedMain] c.cdsc.eshopdemo.EShopDemoApplication    : The following 1 profile is active: "prod"
2026-04-27T16:14:23.274+05:45  INFO 13272 --- [EShopDemo] [restartedMain] .s.d.r.c.RepositoryConfigurationDelegate : Bootstrapping Spring Data JPA repositories in DEFAULT mode.
2026-04-27T16:14:23.503+05:45  INFO 13272 --- [EShopDemo] [restartedMain] .s.d.r.c.RepositoryConfigurationDelegate : Finished Spring Data repository scanning in 208 ms. Found 3 JPA repository interfaces.
2026-04-27T16:14:25.671+05:45  INFO 13272 --- [EShopDemo] [restartedMain] o.s.boot.tomcat.TomcatWebServer          : Tomcat initialized with port 8080 (http)
2026-04-27T16:14:25.678+05:45  INFO 13272 --- [EShopDemo] [restartedMain] o.apache.catalina.core.StandardService   : Starting service [Tomcat]
2026-04-27T16:14:25.692+05:45  INFO 13272 --- [EShopDemo] [restartedMain] o.apache.catalina.core.StandardEngine    : Starting Servlet engine: [Apache Tomcat/11.0.20]
2026-04-27T16:14:26.181+05:45  INFO 13272 --- [EShopDemo] [restartedMain] b.w.c.s.WebApplicationContextInitializer : Root WebApplicationContext: initialization completed in 5170 ms
2026-04-27T16:14:26.652+05:45  INFO 13272 --- [EShopDemo] [restartedMain] org.hibernate.orm.jpa                    : HHH008540: Processing PersistenceUnitInfo [name: default]
2026-04-27T16:14:27.230+05:45  INFO 13272 --- [EShopDemo] [restartedMain] o.s.o.j.p.SpringPersistenceUnitInfo      : No LoadTimeWeaver setup: ignoring JPA class transformer
2026-04-27T16:14:27.235+05:45  INFO 13272 --- [EShopDemo] [restartedMain] com.zaxxer.hikari.HikariDataSource       : HikariPool-43 - Starting...
2026-04-27T16:14:29.483+05:45  INFO 13272 --- [EShopDemo] [restartedMain] com.zaxxer.hikari.pool.HikariPool        : HikariPool-43 - Added connection com.mysql.cj.jdbc.ConnectionImpl@3c65b974
2026-04-27T16:14:29.484+05:45  INFO 13272 --- [EShopDemo] [restartedMain] com.zaxxer.hikari.HikariDataSource       : HikariPool-43 - Start completed.
2026-04-27T16:14:29.506+05:45  INFO 13272 --- [EShopDemo] [restartedMain] org.hibernate.orm.connections.pooling    : HHH10001005: Database info:
	Database JDBC URL [jdbc:mysql://localhost:3306/prod_eshop_db?createDatabaseIfNotExist=true]
	Database driver: MySQL Connector/J
	Database dialect: MySQLDialect
	Database version: 8.0.35
	Default catalog/schema: prod_eshop_db/undefined
	Autocommit mode: undefined/unknown
	Isolation level: REPEATABLE_READ [default REPEATABLE_READ]
	JDBC fetch size: none
	Pool: DataSourceConnectionProvider
	Minimum pool size: undefined/unknown
	Maximum pool size: undefined/unknown
2026-04-27T16:14:30.377+05:45  INFO 13272 --- [EShopDemo] [restartedMain] org.hibernate.orm.core                   : HHH000489: No JTA platform available (set 'hibernate.transaction.jta.platform' to enable JTA platform integration)
2026-04-27T16:14:30.773+05:45  INFO 13272 --- [EShopDemo] [restartedMain] j.LocalContainerEntityManagerFactoryBean : Initialized JPA EntityManagerFactory for persistence unit 'default'
2026-04-27T16:14:32.325+05:45  WARN 13272 --- [EShopDemo] [restartedMain] JpaBaseConfiguration$JpaWebConfiguration : spring.jpa.open-in-view is enabled by default. Therefore, database queries may be performed during view rendering. Explicitly configure spring.jpa.open-in-view to disable this warning
2026-04-27T16:14:33.246+05:45  WARN 13272 --- [EShopDemo] [restartedMain] ion$DefaultTemplateResolverConfiguration : Cannot find template location: classpath:/templates/ (please add some templates, check your Thymeleaf configuration, or set spring.thymeleaf.check-template-location=false)
2026-04-27T16:14:34.058+05:45  INFO 13272 --- [EShopDemo] [restartedMain] o.s.boot.tomcat.TomcatWebServer          : Tomcat started on port 8080 (http) with context path '/'
2026-04-27T16:14:34.072+05:45  INFO 13272 --- [EShopDemo] [restartedMain] c.cdsc.eshopdemo.EShopDemoApplication    : Started EShopDemoApplication in 13.559 seconds (process running for 3760.039)
2026-04-27T16:14:34.131+05:45  INFO 13272 --- [EShopDemo] [restartedMain] .ConditionEvaluationDeltaLoggingListener : Condition evaluation unchanged
2026-04-27T16:14:51.905+05:45  INFO 13272 --- [EShopDemo] [File Watcher] rtingClassPathChangeChangedEventListener : Restarting due to 1 class path change (0 additions, 0 deletions, 1 modification)
2026-04-27T16:14:52.582+05:45  INFO 13272 --- [EShopDemo] [Thread-154] o.s.boot.tomcat.GracefulShutdown         : Commencing graceful shutdown. Waiting for active requests to complete
2026-04-27T16:14:52.856+05:45  INFO 13272 --- [EShopDemo] [tomcat-shutdown] o.s.boot.tomcat.GracefulShutdown         : Graceful shutdown complete
2026-04-27T16:14:53.832+05:45  INFO 13272 --- [EShopDemo] [Thread-154] j.LocalContainerEntityManagerFactoryBean : Closing JPA EntityManagerFactory for persistence unit 'default'
2026-04-27T16:14:54.281+05:45  INFO 13272 --- [EShopDemo] [Thread-154] com.zaxxer.hikari.HikariDataSource       : HikariPool-43 - Shutdown initiated...
2026-04-27T16:14:55.704+05:45  INFO 13272 --- [EShopDemo] [Thread-154] com.zaxxer.hikari.HikariDataSource       : HikariPool-43 - Shutdown completed.
2026-04-27T16:15:05.868+05:45  INFO 13272 --- [EShopDemo] [restartedMain] c.cdsc.eshopdemo.EShopDemoApplication    : Starting EShopDemoApplication using Java 25.0.2 with PID 13272 (E:\CDC_training\EShopDemo\target\classes started by DELL in E:\CDC_training\EShopDemo)
2026-04-27T16:15:05.869+05:45  INFO 13272 --- [EShopDemo] [restartedMain] c.cdsc.eshopdemo.EShopDemoApplication    : The following 1 profile is active: "prod"
2026-04-27T16:15:10.214+05:45  INFO 13272 --- [EShopDemo] [restartedMain] .s.d.r.c.RepositoryConfigurationDelegate : Bootstrapping Spring Data JPA repositories in DEFAULT mode.
2026-04-27T16:15:10.458+05:45  INFO 13272 --- [EShopDemo] [restartedMain] .s.d.r.c.RepositoryConfigurationDelegate : Finished Spring Data repository scanning in 232 ms. Found 3 JPA repository interfaces.
2026-04-27T16:15:11.984+05:45  INFO 13272 --- [EShopDemo] [restartedMain] o.s.boot.tomcat.TomcatWebServer          : Tomcat initialized with port 8080 (http)
2026-04-27T16:15:11.991+05:45  INFO 13272 --- [EShopDemo] [restartedMain] o.apache.catalina.core.StandardService   : Starting service [Tomcat]
2026-04-27T16:15:11.991+05:45  INFO 13272 --- [EShopDemo] [restartedMain] o.apache.catalina.core.StandardEngine    : Starting Servlet engine: [Apache Tomcat/11.0.20]
2026-04-27T16:15:12.374+05:45  INFO 13272 --- [EShopDemo] [restartedMain] b.w.c.s.WebApplicationContextInitializer : Root WebApplicationContext: initialization completed in 6499 ms
2026-04-27T16:15:12.999+05:45  INFO 13272 --- [EShopDemo] [restartedMain] org.hibernate.orm.jpa                    : HHH008540: Processing PersistenceUnitInfo [name: default]
2026-04-27T16:15:15.888+05:45  INFO 13272 --- [EShopDemo] [restartedMain] o.s.o.j.p.SpringPersistenceUnitInfo      : No LoadTimeWeaver setup: ignoring JPA class transformer
2026-04-27T16:15:15.892+05:45  INFO 13272 --- [EShopDemo] [restartedMain] com.zaxxer.hikari.HikariDataSource       : HikariPool-44 - Starting...
2026-04-27T16:15:16.376+05:45  INFO 13272 --- [EShopDemo] [restartedMain] com.zaxxer.hikari.pool.HikariPool        : HikariPool-44 - Added connection com.mysql.cj.jdbc.ConnectionImpl@2c13be9b
2026-04-27T16:15:16.376+05:45  INFO 13272 --- [EShopDemo] [restartedMain] com.zaxxer.hikari.HikariDataSource       : HikariPool-44 - Start completed.
2026-04-27T16:15:16.389+05:45  INFO 13272 --- [EShopDemo] [restartedMain] org.hibernate.orm.connections.pooling    : HHH10001005: Database info:
	Database JDBC URL [jdbc:mysql://localhost:3306/prod_eshop_db?createDatabaseIfNotExist=true]
	Database driver: MySQL Connector/J
	Database dialect: MySQLDialect
	Database version: 8.0.35
	Default catalog/schema: prod_eshop_db/undefined
	Autocommit mode: undefined/unknown
	Isolation level: REPEATABLE_READ [default REPEATABLE_READ]
	JDBC fetch size: none
	Pool: DataSourceConnectionProvider
	Minimum pool size: undefined/unknown
	Maximum pool size: undefined/unknown
2026-04-27T16:15:16.984+05:45  INFO 13272 --- [EShopDemo] [restartedMain] org.hibernate.orm.core                   : HHH000489: No JTA platform available (set 'hibernate.transaction.jta.platform' to enable JTA platform integration)
2026-04-27T16:15:17.249+05:45  INFO 13272 --- [EShopDemo] [restartedMain] j.LocalContainerEntityManagerFactoryBean : Initialized JPA EntityManagerFactory for persistence unit 'default'
2026-04-27T16:15:17.967+05:45  WARN 13272 --- [EShopDemo] [restartedMain] JpaBaseConfiguration$JpaWebConfiguration : spring.jpa.open-in-view is enabled by default. Therefore, database queries may be performed during view rendering. Explicitly configure spring.jpa.open-in-view to disable this warning
2026-04-27T16:15:18.619+05:45  WARN 13272 --- [EShopDemo] [restartedMain] ion$DefaultTemplateResolverConfiguration : Cannot find template location: classpath:/templates/ (please add some templates, check your Thymeleaf configuration, or set spring.thymeleaf.check-template-location=false)
2026-04-27T16:15:19.662+05:45  INFO 13272 --- [EShopDemo] [restartedMain] o.s.boot.tomcat.TomcatWebServer          : Tomcat started on port 8080 (http) with context path '/'
2026-04-27T16:15:19.681+05:45  INFO 13272 --- [EShopDemo] [restartedMain] c.cdsc.eshopdemo.EShopDemoApplication    : Started EShopDemoApplication in 14.28 seconds (process running for 3805.649)
2026-04-27T16:15:19.685+05:45  INFO 13272 --- [EShopDemo] [restartedMain] .ConditionEvaluationDeltaLoggingListener : Condition evaluation unchanged
2026-04-27T16:15:32.176+05:45  INFO 13272 --- [EShopDemo] [File Watcher] rtingClassPathChangeChangedEventListener : Restarting due to 1 class path change (0 additions, 0 deletions, 1 modification)
2026-04-27T16:15:32.290+05:45  INFO 13272 --- [EShopDemo] [Thread-158] o.s.boot.tomcat.GracefulShutdown         : Commencing graceful shutdown. Waiting for active requests to complete
2026-04-27T16:15:32.410+05:45  INFO 13272 --- [EShopDemo] [tomcat-shutdown] o.s.boot.tomcat.GracefulShutdown         : Graceful shutdown complete
2026-04-27T16:15:32.466+05:45  INFO 13272 --- [EShopDemo] [Thread-158] j.LocalContainerEntityManagerFactoryBean : Closing JPA EntityManagerFactory for persistence unit 'default'
2026-04-27T16:15:32.468+05:45  INFO 13272 --- [EShopDemo] [Thread-158] com.zaxxer.hikari.HikariDataSource       : HikariPool-44 - Shutdown initiated...
2026-04-27T16:15:32.530+05:45  INFO 13272 --- [EShopDemo] [Thread-158] com.zaxxer.hikari.HikariDataSource       : HikariPool-44 - Shutdown completed.
2026-04-27T16:15:33.314+05:45  INFO 13272 --- [EShopDemo] [restartedMain] c.cdsc.eshopdemo.EShopDemoApplication    : Starting EShopDemoApplication using Java 25.0.2 with PID 13272 (E:\CDC_training\EShopDemo\target\classes started by DELL in E:\CDC_training\EShopDemo)
2026-04-27T16:15:33.314+05:45  INFO 13272 --- [EShopDemo] [restartedMain] c.cdsc.eshopdemo.EShopDemoApplication    : The following 1 profile is active: "prod"
2026-04-27T16:15:35.492+05:45  INFO 13272 --- [EShopDemo] [restartedMain] .s.d.r.c.RepositoryConfigurationDelegate : Bootstrapping Spring Data JPA repositories in DEFAULT mode.
2026-04-27T16:15:35.726+05:45  INFO 13272 --- [EShopDemo] [restartedMain] .s.d.r.c.RepositoryConfigurationDelegate : Finished Spring Data repository scanning in 229 ms. Found 3 JPA repository interfaces.
2026-04-27T16:15:36.859+05:45  INFO 13272 --- [EShopDemo] [restartedMain] o.s.boot.tomcat.TomcatWebServer          : Tomcat initialized with port 8080 (http)
2026-04-27T16:15:36.861+05:45  INFO 13272 --- [EShopDemo] [restartedMain] o.apache.catalina.core.StandardService   : Starting service [Tomcat]
2026-04-27T16:15:36.861+05:45  INFO 13272 --- [EShopDemo] [restartedMain] o.apache.catalina.core.StandardEngine    : Starting Servlet engine: [Apache Tomcat/11.0.20]
2026-04-27T16:15:37.237+05:45  INFO 13272 --- [EShopDemo] [restartedMain] b.w.c.s.WebApplicationContextInitializer : Root WebApplicationContext: initialization completed in 3910 ms
2026-04-27T16:15:37.700+05:45  INFO 13272 --- [EShopDemo] [restartedMain] org.hibernate.orm.jpa                    : HHH008540: Processing PersistenceUnitInfo [name: default]
2026-04-27T16:15:38.038+05:45  INFO 13272 --- [EShopDemo] [restartedMain] o.s.o.j.p.SpringPersistenceUnitInfo      : No LoadTimeWeaver setup: ignoring JPA class transformer
2026-04-27T16:15:38.114+05:45  INFO 13272 --- [EShopDemo] [restartedMain] com.zaxxer.hikari.HikariDataSource       : HikariPool-45 - Starting...
2026-04-27T16:15:38.174+05:45  INFO 13272 --- [EShopDemo] [restartedMain] com.zaxxer.hikari.pool.HikariPool        : HikariPool-45 - Added connection com.mysql.cj.jdbc.ConnectionImpl@682c944e
2026-04-27T16:15:38.174+05:45  INFO 13272 --- [EShopDemo] [restartedMain] com.zaxxer.hikari.HikariDataSource       : HikariPool-45 - Start completed.
2026-04-27T16:15:38.182+05:45  INFO 13272 --- [EShopDemo] [restartedMain] org.hibernate.orm.connections.pooling    : HHH10001005: Database info:
	Database JDBC URL [jdbc:mysql://localhost:3306/prod_eshop_db?createDatabaseIfNotExist=true]
	Database driver: MySQL Connector/J
	Database dialect: MySQLDialect
	Database version: 8.0.35
	Default catalog/schema: prod_eshop_db/undefined
	Autocommit mode: undefined/unknown
	Isolation level: REPEATABLE_READ [default REPEATABLE_READ]
	JDBC fetch size: none
	Pool: DataSourceConnectionProvider
	Minimum pool size: undefined/unknown
	Maximum pool size: undefined/unknown
2026-04-27T16:15:38.962+05:45  INFO 13272 --- [EShopDemo] [restartedMain] org.hibernate.orm.core                   : HHH000489: No JTA platform available (set 'hibernate.transaction.jta.platform' to enable JTA platform integration)
2026-04-27T16:15:39.037+05:45  INFO 13272 --- [EShopDemo] [restartedMain] j.LocalContainerEntityManagerFactoryBean : Initialized JPA EntityManagerFactory for persistence unit 'default'
2026-04-27T16:15:39.722+05:45  WARN 13272 --- [EShopDemo] [restartedMain] JpaBaseConfiguration$JpaWebConfiguration : spring.jpa.open-in-view is enabled by default. Therefore, database queries may be performed during view rendering. Explicitly configure spring.jpa.open-in-view to disable this warning
2026-04-27T16:15:40.632+05:45  WARN 13272 --- [EShopDemo] [restartedMain] ion$DefaultTemplateResolverConfiguration : Cannot find template location: classpath:/templates/ (please add some templates, check your Thymeleaf configuration, or set spring.thymeleaf.check-template-location=false)
2026-04-27T16:15:41.100+05:45  INFO 13272 --- [EShopDemo] [restartedMain] o.s.boot.tomcat.TomcatWebServer          : Tomcat started on port 8080 (http) with context path '/'
2026-04-27T16:15:41.106+05:45  INFO 13272 --- [EShopDemo] [restartedMain] c.cdsc.eshopdemo.EShopDemoApplication    : Started EShopDemoApplication in 8.142 seconds (process running for 3827.074)
2026-04-27T16:15:41.110+05:45  INFO 13272 --- [EShopDemo] [restartedMain] .ConditionEvaluationDeltaLoggingListener : Condition evaluation unchanged
2026-04-27T16:16:12.336+05:45  INFO 13272 --- [EShopDemo] [File Watcher] rtingClassPathChangeChangedEventListener : Restarting due to 1 class path change (0 additions, 0 deletions, 1 modification)
2026-04-27T16:16:12.705+05:45  INFO 13272 --- [EShopDemo] [Thread-162] o.s.boot.tomcat.GracefulShutdown         : Commencing graceful shutdown. Waiting for active requests to complete
2026-04-27T16:16:14.478+05:45  INFO 13272 --- [EShopDemo] [tomcat-shutdown] o.s.boot.tomcat.GracefulShutdown         : Graceful shutdown complete
2026-04-27T16:16:14.772+05:45  INFO 13272 --- [EShopDemo] [Thread-162] j.LocalContainerEntityManagerFactoryBean : Closing JPA EntityManagerFactory for persistence unit 'default'
2026-04-27T16:16:14.782+05:45  INFO 13272 --- [EShopDemo] [Thread-162] com.zaxxer.hikari.HikariDataSource       : HikariPool-45 - Shutdown initiated...
2026-04-27T16:16:15.383+05:45  INFO 13272 --- [EShopDemo] [Thread-162] com.zaxxer.hikari.HikariDataSource       : HikariPool-45 - Shutdown completed.
2026-04-27T16:16:17.094+05:45  INFO 13272 --- [EShopDemo] [restartedMain] c.cdsc.eshopdemo.EShopDemoApplication    : Starting EShopDemoApplication using Java 25.0.2 with PID 13272 (E:\CDC_training\EShopDemo\target\classes started by DELL in E:\CDC_training\EShopDemo)
2026-04-27T16:16:17.095+05:45  INFO 13272 --- [EShopDemo] [restartedMain] c.cdsc.eshopdemo.EShopDemoApplication    : The following 1 profile is active: "prod"
2026-04-27T16:16:19.434+05:45  INFO 13272 --- [EShopDemo] [restartedMain] .s.d.r.c.RepositoryConfigurationDelegate : Bootstrapping Spring Data JPA repositories in DEFAULT mode.
2026-04-27T16:16:19.635+05:45  INFO 13272 --- [EShopDemo] [restartedMain] .s.d.r.c.RepositoryConfigurationDelegate : Finished Spring Data repository scanning in 197 ms. Found 3 JPA repository interfaces.
2026-04-27T16:16:20.370+05:45  INFO 13272 --- [EShopDemo] [restartedMain] o.s.boot.tomcat.TomcatWebServer          : Tomcat initialized with port 8080 (http)
2026-04-27T16:16:20.373+05:45  INFO 13272 --- [EShopDemo] [restartedMain] o.apache.catalina.core.StandardService   : Starting service [Tomcat]
2026-04-27T16:16:20.373+05:45  INFO 13272 --- [EShopDemo] [restartedMain] o.apache.catalina.core.StandardEngine    : Starting Servlet engine: [Apache Tomcat/11.0.20]
2026-04-27T16:16:20.749+05:45  INFO 13272 --- [EShopDemo] [restartedMain] b.w.c.s.WebApplicationContextInitializer : Root WebApplicationContext: initialization completed in 3646 ms
2026-04-27T16:16:21.249+05:45  INFO 13272 --- [EShopDemo] [restartedMain] org.hibernate.orm.jpa                    : HHH008540: Processing PersistenceUnitInfo [name: default]
2026-04-27T16:16:21.593+05:45  INFO 13272 --- [EShopDemo] [restartedMain] o.s.o.j.p.SpringPersistenceUnitInfo      : No LoadTimeWeaver setup: ignoring JPA class transformer
2026-04-27T16:16:21.599+05:45  INFO 13272 --- [EShopDemo] [restartedMain] com.zaxxer.hikari.HikariDataSource       : HikariPool-46 - Starting...
2026-04-27T16:16:21.741+05:45  INFO 13272 --- [EShopDemo] [restartedMain] com.zaxxer.hikari.pool.HikariPool        : HikariPool-46 - Added connection com.mysql.cj.jdbc.ConnectionImpl@3a01ef7f
2026-04-27T16:16:21.742+05:45  INFO 13272 --- [EShopDemo] [restartedMain] com.zaxxer.hikari.HikariDataSource       : HikariPool-46 - Start completed.
2026-04-27T16:16:21.757+05:45  INFO 13272 --- [EShopDemo] [restartedMain] org.hibernate.orm.connections.pooling    : HHH10001005: Database info:
	Database JDBC URL [jdbc:mysql://localhost:3306/prod_eshop_db?createDatabaseIfNotExist=true]
	Database driver: MySQL Connector/J
	Database dialect: MySQLDialect
	Database version: 8.0.35
	Default catalog/schema: prod_eshop_db/undefined
	Autocommit mode: undefined/unknown
	Isolation level: REPEATABLE_READ [default REPEATABLE_READ]
	JDBC fetch size: none
	Pool: DataSourceConnectionProvider
	Minimum pool size: undefined/unknown
	Maximum pool size: undefined/unknown
2026-04-27T16:16:24.947+05:45  INFO 13272 --- [EShopDemo] [restartedMain] org.hibernate.orm.core                   : HHH000489: No JTA platform available (set 'hibernate.transaction.jta.platform' to enable JTA platform integration)
2026-04-27T16:16:25.075+05:45  INFO 13272 --- [EShopDemo] [restartedMain] j.LocalContainerEntityManagerFactoryBean : Initialized JPA EntityManagerFactory for persistence unit 'default'
2026-04-27T16:16:26.759+05:45  WARN 13272 --- [EShopDemo] [restartedMain] JpaBaseConfiguration$JpaWebConfiguration : spring.jpa.open-in-view is enabled by default. Therefore, database queries may be performed during view rendering. Explicitly configure spring.jpa.open-in-view to disable this warning
2026-04-27T16:16:27.986+05:45  WARN 13272 --- [EShopDemo] [restartedMain] ion$DefaultTemplateResolverConfiguration : Cannot find template location: classpath:/templates/ (please add some templates, check your Thymeleaf configuration, or set spring.thymeleaf.check-template-location=false)
2026-04-27T16:16:28.572+05:45  INFO 13272 --- [EShopDemo] [restartedMain] o.s.boot.tomcat.TomcatWebServer          : Tomcat started on port 8080 (http) with context path '/'
2026-04-27T16:16:28.585+05:45  INFO 13272 --- [EShopDemo] [restartedMain] c.cdsc.eshopdemo.EShopDemoApplication    : Started EShopDemoApplication in 11.848 seconds (process running for 3874.552)
2026-04-27T16:16:28.591+05:45  INFO 13272 --- [EShopDemo] [restartedMain] .ConditionEvaluationDeltaLoggingListener : Condition evaluation unchanged
2026-04-27T16:16:41.331+05:45  INFO 13272 --- [EShopDemo] [File Watcher] rtingClassPathChangeChangedEventListener : Restarting due to 1 class path change (0 additions, 0 deletions, 1 modification)
2026-04-27T16:16:41.470+05:45  INFO 13272 --- [EShopDemo] [Thread-166] o.s.boot.tomcat.GracefulShutdown         : Commencing graceful shutdown. Waiting for active requests to complete
2026-04-27T16:16:41.609+05:45  INFO 13272 --- [EShopDemo] [tomcat-shutdown] o.s.boot.tomcat.GracefulShutdown         : Graceful shutdown complete
2026-04-27T16:16:41.779+05:45  INFO 13272 --- [EShopDemo] [Thread-166] j.LocalContainerEntityManagerFactoryBean : Closing JPA EntityManagerFactory for persistence unit 'default'
2026-04-27T16:16:41.788+05:45  INFO 13272 --- [EShopDemo] [Thread-166] com.zaxxer.hikari.HikariDataSource       : HikariPool-46 - Shutdown initiated...
2026-04-27T16:16:41.959+05:45  INFO 13272 --- [EShopDemo] [Thread-166] com.zaxxer.hikari.HikariDataSource       : HikariPool-46 - Shutdown completed.
2026-04-27T16:16:44.515+05:45  INFO 13272 --- [EShopDemo] [restartedMain] c.cdsc.eshopdemo.EShopDemoApplication    : Starting EShopDemoApplication using Java 25.0.2 with PID 13272 (E:\CDC_training\EShopDemo\target\classes started by DELL in E:\CDC_training\EShopDemo)
2026-04-27T16:16:44.531+05:45  INFO 13272 --- [EShopDemo] [restartedMain] c.cdsc.eshopdemo.EShopDemoApplication    : The following 1 profile is active: "prod"
2026-04-27T16:16:51.832+05:45  INFO 13272 --- [EShopDemo] [restartedMain] .s.d.r.c.RepositoryConfigurationDelegate : Bootstrapping Spring Data JPA repositories in DEFAULT mode.
2026-04-27T16:16:52.346+05:45  INFO 13272 --- [EShopDemo] [restartedMain] .s.d.r.c.RepositoryConfigurationDelegate : Finished Spring Data repository scanning in 505 ms. Found 3 JPA repository interfaces.
2026-04-27T16:16:56.107+05:45  INFO 13272 --- [EShopDemo] [restartedMain] o.s.boot.tomcat.TomcatWebServer          : Tomcat initialized with port 8080 (http)
2026-04-27T16:16:56.140+05:45  INFO 13272 --- [EShopDemo] [restartedMain] o.apache.catalina.core.StandardService   : Starting service [Tomcat]
2026-04-27T16:16:56.149+05:45  INFO 13272 --- [EShopDemo] [restartedMain] o.apache.catalina.core.StandardEngine    : Starting Servlet engine: [Apache Tomcat/11.0.20]
2026-04-27T16:16:57.642+05:45  INFO 13272 --- [EShopDemo] [restartedMain] b.w.c.s.WebApplicationContextInitializer : Root WebApplicationContext: initialization completed in 13059 ms
2026-04-27T16:17:02.650+05:45  INFO 13272 --- [EShopDemo] [restartedMain] org.hibernate.orm.jpa                    : HHH008540: Processing PersistenceUnitInfo [name: default]
2026-04-27T16:17:03.317+05:45  INFO 13272 --- [EShopDemo] [restartedMain] o.s.o.j.p.SpringPersistenceUnitInfo      : No LoadTimeWeaver setup: ignoring JPA class transformer
2026-04-27T16:17:03.339+05:45  INFO 13272 --- [EShopDemo] [restartedMain] com.zaxxer.hikari.HikariDataSource       : HikariPool-47 - Starting...
2026-04-27T16:17:03.724+05:45  INFO 13272 --- [EShopDemo] [restartedMain] com.zaxxer.hikari.pool.HikariPool        : HikariPool-47 - Added connection com.mysql.cj.jdbc.ConnectionImpl@7581a250
2026-04-27T16:17:03.724+05:45  INFO 13272 --- [EShopDemo] [restartedMain] com.zaxxer.hikari.HikariDataSource       : HikariPool-47 - Start completed.
2026-04-27T16:17:03.780+05:45  INFO 13272 --- [EShopDemo] [restartedMain] org.hibernate.orm.connections.pooling    : HHH10001005: Database info:
	Database JDBC URL [jdbc:mysql://localhost:3306/prod_eshop_db?createDatabaseIfNotExist=true]
	Database driver: MySQL Connector/J
	Database dialect: MySQLDialect
	Database version: 8.0.35
	Default catalog/schema: prod_eshop_db/undefined
	Autocommit mode: undefined/unknown
	Isolation level: REPEATABLE_READ [default REPEATABLE_READ]
	JDBC fetch size: none
	Pool: DataSourceConnectionProvider
	Minimum pool size: undefined/unknown
	Maximum pool size: undefined/unknown
2026-04-27T16:17:05.120+05:45  INFO 13272 --- [EShopDemo] [restartedMain] org.hibernate.orm.core                   : HHH000489: No JTA platform available (set 'hibernate.transaction.jta.platform' to enable JTA platform integration)
2026-04-27T16:17:05.463+05:45  INFO 13272 --- [EShopDemo] [restartedMain] j.LocalContainerEntityManagerFactoryBean : Initialized JPA EntityManagerFactory for persistence unit 'default'
2026-04-27T16:17:06.688+05:45  WARN 13272 --- [EShopDemo] [restartedMain] JpaBaseConfiguration$JpaWebConfiguration : spring.jpa.open-in-view is enabled by default. Therefore, database queries may be performed during view rendering. Explicitly configure spring.jpa.open-in-view to disable this warning
2026-04-27T16:17:09.110+05:45  WARN 13272 --- [EShopDemo] [restartedMain] ion$DefaultTemplateResolverConfiguration : Cannot find template location: classpath:/templates/ (please add some templates, check your Thymeleaf configuration, or set spring.thymeleaf.check-template-location=false)
2026-04-27T16:17:10.444+05:45  INFO 13272 --- [EShopDemo] [restartedMain] o.s.boot.tomcat.TomcatWebServer          : Tomcat started on port 8080 (http) with context path '/'
2026-04-27T16:17:10.467+05:45  INFO 13272 --- [EShopDemo] [restartedMain] c.cdsc.eshopdemo.EShopDemoApplication    : Started EShopDemoApplication in 26.471 seconds (process running for 3916.434)
2026-04-27T16:17:10.537+05:45  INFO 13272 --- [EShopDemo] [restartedMain] .ConditionEvaluationDeltaLoggingListener : Condition evaluation unchanged
2026-04-27T16:17:37.102+05:45  INFO 13272 --- [EShopDemo] [File Watcher] rtingClassPathChangeChangedEventListener : Restarting due to 1 class path change (0 additions, 0 deletions, 1 modification)
2026-04-27T16:17:37.207+05:45  INFO 13272 --- [EShopDemo] [Thread-170] o.s.boot.tomcat.GracefulShutdown         : Commencing graceful shutdown. Waiting for active requests to complete
2026-04-27T16:17:37.375+05:45  INFO 13272 --- [EShopDemo] [tomcat-shutdown] o.s.boot.tomcat.GracefulShutdown         : Graceful shutdown complete
2026-04-27T16:17:37.492+05:45  INFO 13272 --- [EShopDemo] [Thread-170] j.LocalContainerEntityManagerFactoryBean : Closing JPA EntityManagerFactory for persistence unit 'default'
2026-04-27T16:17:37.644+05:45  INFO 13272 --- [EShopDemo] [Thread-170] com.zaxxer.hikari.HikariDataSource       : HikariPool-47 - Shutdown initiated...
2026-04-27T16:17:37.873+05:45  INFO 13272 --- [EShopDemo] [Thread-170] com.zaxxer.hikari.HikariDataSource       : HikariPool-47 - Shutdown completed.
2026-04-27T16:17:43.448+05:45  INFO 13272 --- [EShopDemo] [restartedMain] c.cdsc.eshopdemo.EShopDemoApplication    : Starting EShopDemoApplication using Java 25.0.2 with PID 13272 (E:\CDC_training\EShopDemo\target\classes started by DELL in E:\CDC_training\EShopDemo)
2026-04-27T16:17:43.448+05:45  INFO 13272 --- [EShopDemo] [restartedMain] c.cdsc.eshopdemo.EShopDemoApplication    : The following 1 profile is active: "prod"
2026-04-27T16:17:46.564+05:45  INFO 13272 --- [EShopDemo] [restartedMain] .s.d.r.c.RepositoryConfigurationDelegate : Bootstrapping Spring Data JPA repositories in DEFAULT mode.
2026-04-27T16:17:46.789+05:45  INFO 13272 --- [EShopDemo] [restartedMain] .s.d.r.c.RepositoryConfigurationDelegate : Finished Spring Data repository scanning in 213 ms. Found 3 JPA repository interfaces.
2026-04-27T16:17:47.718+05:45  INFO 13272 --- [EShopDemo] [restartedMain] o.s.boot.tomcat.TomcatWebServer          : Tomcat initialized with port 8080 (http)
2026-04-27T16:17:47.726+05:45  INFO 13272 --- [EShopDemo] [restartedMain] o.apache.catalina.core.StandardService   : Starting service [Tomcat]
2026-04-27T16:17:47.726+05:45  INFO 13272 --- [EShopDemo] [restartedMain] o.apache.catalina.core.StandardEngine    : Starting Servlet engine: [Apache Tomcat/11.0.20]
2026-04-27T16:17:48.062+05:45  INFO 13272 --- [EShopDemo] [restartedMain] b.w.c.s.WebApplicationContextInitializer : Root WebApplicationContext: initialization completed in 4608 ms
2026-04-27T16:17:48.386+05:45  INFO 13272 --- [EShopDemo] [restartedMain] org.hibernate.orm.jpa                    : HHH008540: Processing PersistenceUnitInfo [name: default]
2026-04-27T16:17:48.663+05:45  INFO 13272 --- [EShopDemo] [restartedMain] o.s.o.j.p.SpringPersistenceUnitInfo      : No LoadTimeWeaver setup: ignoring JPA class transformer
2026-04-27T16:17:48.670+05:45  INFO 13272 --- [EShopDemo] [restartedMain] com.zaxxer.hikari.HikariDataSource       : HikariPool-48 - Starting...
2026-04-27T16:17:48.827+05:45  INFO 13272 --- [EShopDemo] [restartedMain] com.zaxxer.hikari.pool.HikariPool        : HikariPool-48 - Added connection com.mysql.cj.jdbc.ConnectionImpl@51ec382a
2026-04-27T16:17:48.827+05:45  INFO 13272 --- [EShopDemo] [restartedMain] com.zaxxer.hikari.HikariDataSource       : HikariPool-48 - Start completed.
2026-04-27T16:17:48.845+05:45  INFO 13272 --- [EShopDemo] [restartedMain] org.hibernate.orm.connections.pooling    : HHH10001005: Database info:
	Database JDBC URL [jdbc:mysql://localhost:3306/prod_eshop_db?createDatabaseIfNotExist=true]
	Database driver: MySQL Connector/J
	Database dialect: MySQLDialect
	Database version: 8.0.35
	Default catalog/schema: prod_eshop_db/undefined
	Autocommit mode: undefined/unknown
	Isolation level: REPEATABLE_READ [default REPEATABLE_READ]
	JDBC fetch size: none
	Pool: DataSourceConnectionProvider
	Minimum pool size: undefined/unknown
	Maximum pool size: undefined/unknown
2026-04-27T16:17:49.544+05:45  INFO 13272 --- [EShopDemo] [restartedMain] org.hibernate.orm.core                   : HHH000489: No JTA platform available (set 'hibernate.transaction.jta.platform' to enable JTA platform integration)
2026-04-27T16:17:49.664+05:45  INFO 13272 --- [EShopDemo] [restartedMain] j.LocalContainerEntityManagerFactoryBean : Initialized JPA EntityManagerFactory for persistence unit 'default'
2026-04-27T16:17:50.264+05:45  WARN 13272 --- [EShopDemo] [restartedMain] JpaBaseConfiguration$JpaWebConfiguration : spring.jpa.open-in-view is enabled by default. Therefore, database queries may be performed during view rendering. Explicitly configure spring.jpa.open-in-view to disable this warning
2026-04-27T16:17:50.775+05:45  WARN 13272 --- [EShopDemo] [restartedMain] ion$DefaultTemplateResolverConfiguration : Cannot find template location: classpath:/templates/ (please add some templates, check your Thymeleaf configuration, or set spring.thymeleaf.check-template-location=false)
2026-04-27T16:17:51.174+05:45  INFO 13272 --- [EShopDemo] [restartedMain] o.s.boot.tomcat.TomcatWebServer          : Tomcat started on port 8080 (http) with context path '/'
2026-04-27T16:17:51.179+05:45  INFO 13272 --- [EShopDemo] [restartedMain] c.cdsc.eshopdemo.EShopDemoApplication    : Started EShopDemoApplication in 8.495 seconds (process running for 3957.146)
2026-04-27T16:17:51.186+05:45  INFO 13272 --- [EShopDemo] [restartedMain] .ConditionEvaluationDeltaLoggingListener : Condition evaluation unchanged
2026-04-27T16:20:59.164+05:45  INFO 13272 --- [EShopDemo] [http-nio-8080-exec-2] o.a.c.c.C.[Tomcat-15].[localhost].[/]    : Initializing Spring DispatcherServlet 'dispatcherServlet'
2026-04-27T16:20:59.164+05:45  INFO 13272 --- [EShopDemo] [http-nio-8080-exec-2] o.s.web.servlet.DispatcherServlet        : Initializing Servlet 'dispatcherServlet'
2026-04-27T16:20:59.169+05:45  INFO 13272 --- [EShopDemo] [http-nio-8080-exec-2] o.s.web.servlet.DispatcherServlet        : Completed initialization in 5 ms
2026-04-27T16:24:01.738+05:45  WARN 13272 --- [EShopDemo] [http-nio-8080-exec-5] .w.s.m.s.DefaultHandlerExceptionResolver : Resolved [org.springframework.web.HttpRequestMethodNotSupportedException: Request method 'POST' is not supported]
2026-04-27T16:24:22.056+05:45  INFO 13272 --- [EShopDemo] [File Watcher] rtingClassPathChangeChangedEventListener : Restarting due to 1 class path change (0 additions, 0 deletions, 1 modification)
2026-04-27T16:24:22.145+05:45  INFO 13272 --- [EShopDemo] [Thread-174] o.s.boot.tomcat.GracefulShutdown         : Commencing graceful shutdown. Waiting for active requests to complete
2026-04-27T16:24:22.227+05:45  INFO 13272 --- [EShopDemo] [tomcat-shutdown] o.s.boot.tomcat.GracefulShutdown         : Graceful shutdown complete
2026-04-27T16:24:22.314+05:45  INFO 13272 --- [EShopDemo] [Thread-174] j.LocalContainerEntityManagerFactoryBean : Closing JPA EntityManagerFactory for persistence unit 'default'
2026-04-27T16:24:22.404+05:45  INFO 13272 --- [EShopDemo] [Thread-174] com.zaxxer.hikari.HikariDataSource       : HikariPool-48 - Shutdown initiated...
2026-04-27T16:24:22.562+05:45  INFO 13272 --- [EShopDemo] [Thread-174] com.zaxxer.hikari.HikariDataSource       : HikariPool-48 - Shutdown completed.
2026-04-27T16:24:24.400+05:45  INFO 13272 --- [EShopDemo] [restartedMain] c.cdsc.eshopdemo.EShopDemoApplication    : Starting EShopDemoApplication using Java 25.0.2 with PID 13272 (E:\CDC_training\EShopDemo\target\classes started by DELL in E:\CDC_training\EShopDemo)
2026-04-27T16:24:24.401+05:45  INFO 13272 --- [EShopDemo] [restartedMain] c.cdsc.eshopdemo.EShopDemoApplication    : The following 1 profile is active: "prod"
2026-04-27T16:24:27.102+05:45  INFO 13272 --- [EShopDemo] [restartedMain] .s.d.r.c.RepositoryConfigurationDelegate : Bootstrapping Spring Data JPA repositories in DEFAULT mode.
2026-04-27T16:24:27.844+05:45  INFO 13272 --- [EShopDemo] [restartedMain] .s.d.r.c.RepositoryConfigurationDelegate : Finished Spring Data repository scanning in 734 ms. Found 3 JPA repository interfaces.
2026-04-27T16:24:30.086+05:45  INFO 13272 --- [EShopDemo] [restartedMain] o.s.boot.tomcat.TomcatWebServer          : Tomcat initialized with port 8080 (http)
2026-04-27T16:24:30.102+05:45  INFO 13272 --- [EShopDemo] [restartedMain] o.apache.catalina.core.StandardService   : Starting service [Tomcat]
2026-04-27T16:24:30.103+05:45  INFO 13272 --- [EShopDemo] [restartedMain] o.apache.catalina.core.StandardEngine    : Starting Servlet engine: [Apache Tomcat/11.0.20]
2026-04-27T16:24:31.227+05:45  INFO 13272 --- [EShopDemo] [restartedMain] b.w.c.s.WebApplicationContextInitializer : Root WebApplicationContext: initialization completed in 6804 ms
2026-04-27T16:24:33.608+05:45  INFO 13272 --- [EShopDemo] [restartedMain] org.hibernate.orm.jpa                    : HHH008540: Processing PersistenceUnitInfo [name: default]
2026-04-27T16:24:33.947+05:45  INFO 13272 --- [EShopDemo] [restartedMain] o.s.o.j.p.SpringPersistenceUnitInfo      : No LoadTimeWeaver setup: ignoring JPA class transformer
2026-04-27T16:24:33.951+05:45  INFO 13272 --- [EShopDemo] [restartedMain] com.zaxxer.hikari.HikariDataSource       : HikariPool-49 - Starting...
2026-04-27T16:24:34.171+05:45  INFO 13272 --- [EShopDemo] [restartedMain] com.zaxxer.hikari.pool.HikariPool        : HikariPool-49 - Added connection com.mysql.cj.jdbc.ConnectionImpl@4df36dd3
2026-04-27T16:24:34.173+05:45  INFO 13272 --- [EShopDemo] [restartedMain] com.zaxxer.hikari.HikariDataSource       : HikariPool-49 - Start completed.
2026-04-27T16:24:34.187+05:45  INFO 13272 --- [EShopDemo] [restartedMain] org.hibernate.orm.connections.pooling    : HHH10001005: Database info:
	Database JDBC URL [jdbc:mysql://localhost:3306/prod_eshop_db?createDatabaseIfNotExist=true]
	Database driver: MySQL Connector/J
	Database dialect: MySQLDialect
	Database version: 8.0.35
	Default catalog/schema: prod_eshop_db/undefined
	Autocommit mode: undefined/unknown
	Isolation level: REPEATABLE_READ [default REPEATABLE_READ]
	JDBC fetch size: none
	Pool: DataSourceConnectionProvider
	Minimum pool size: undefined/unknown
	Maximum pool size: undefined/unknown
2026-04-27T16:24:34.912+05:45  INFO 13272 --- [EShopDemo] [restartedMain] org.hibernate.orm.core                   : HHH000489: No JTA platform available (set 'hibernate.transaction.jta.platform' to enable JTA platform integration)
2026-04-27T16:24:35.069+05:45  INFO 13272 --- [EShopDemo] [restartedMain] j.LocalContainerEntityManagerFactoryBean : Initialized JPA EntityManagerFactory for persistence unit 'default'
2026-04-27T16:24:36.056+05:45  WARN 13272 --- [EShopDemo] [restartedMain] JpaBaseConfiguration$JpaWebConfiguration : spring.jpa.open-in-view is enabled by default. Therefore, database queries may be performed during view rendering. Explicitly configure spring.jpa.open-in-view to disable this warning
2026-04-27T16:24:36.757+05:45  WARN 13272 --- [EShopDemo] [restartedMain] ion$DefaultTemplateResolverConfiguration : Cannot find template location: classpath:/templates/ (please add some templates, check your Thymeleaf configuration, or set spring.thymeleaf.check-template-location=false)
2026-04-27T16:24:37.480+05:45  INFO 13272 --- [EShopDemo] [restartedMain] o.s.boot.tomcat.TomcatWebServer          : Tomcat started on port 8080 (http) with context path '/'
2026-04-27T16:24:37.495+05:45  INFO 13272 --- [EShopDemo] [restartedMain] c.cdsc.eshopdemo.EShopDemoApplication    : Started EShopDemoApplication in 13.626 seconds (process running for 4363.462)
2026-04-27T16:24:37.501+05:45  INFO 13272 --- [EShopDemo] [restartedMain] .ConditionEvaluationDeltaLoggingListener : Condition evaluation unchanged
2026-04-27T16:24:50.803+05:45  INFO 13272 --- [EShopDemo] [http-nio-8080-exec-2] o.a.c.c.C.[Tomcat-15].[localhost].[/]    : Initializing Spring DispatcherServlet 'dispatcherServlet'
2026-04-27T16:24:50.803+05:45  INFO 13272 --- [EShopDemo] [http-nio-8080-exec-2] o.s.web.servlet.DispatcherServlet        : Initializing Servlet 'dispatcherServlet'
2026-04-27T16:24:50.807+05:45  INFO 13272 --- [EShopDemo] [http-nio-8080-exec-2] o.s.web.servlet.DispatcherServlet        : Completed initialization in 4 ms
2026-04-27T16:28:38.594+05:45  INFO 13272 --- [EShopDemo] [File Watcher] rtingClassPathChangeChangedEventListener : Restarting due to 1 class path change (0 additions, 0 deletions, 1 modification)
2026-04-27T16:28:39.856+05:45  INFO 13272 --- [EShopDemo] [Thread-178] o.s.boot.tomcat.GracefulShutdown         : Commencing graceful shutdown. Waiting for active requests to complete
2026-04-27T16:28:40.084+05:45  INFO 13272 --- [EShopDemo] [tomcat-shutdown] o.s.boot.tomcat.GracefulShutdown         : Graceful shutdown complete
2026-04-27T16:28:43.500+05:45  INFO 13272 --- [EShopDemo] [Thread-178] j.LocalContainerEntityManagerFactoryBean : Closing JPA EntityManagerFactory for persistence unit 'default'
2026-04-27T16:28:43.909+05:45  INFO 13272 --- [EShopDemo] [Thread-178] com.zaxxer.hikari.HikariDataSource       : HikariPool-49 - Shutdown initiated...
2026-04-27T16:28:44.194+05:45  INFO 13272 --- [EShopDemo] [Thread-178] com.zaxxer.hikari.HikariDataSource       : HikariPool-49 - Shutdown completed.
2026-04-27T16:28:51.279+05:45  INFO 13272 --- [EShopDemo] [restartedMain] c.cdsc.eshopdemo.EShopDemoApplication    : Starting EShopDemoApplication using Java 25.0.2 with PID 13272 (E:\CDC_training\EShopDemo\target\classes started by DELL in E:\CDC_training\EShopDemo)
2026-04-27T16:28:51.280+05:45  INFO 13272 --- [EShopDemo] [restartedMain] c.cdsc.eshopdemo.EShopDemoApplication    : The following 1 profile is active: "prod"
2026-04-27T16:28:55.524+05:45  INFO 13272 --- [EShopDemo] [restartedMain] .s.d.r.c.RepositoryConfigurationDelegate : Bootstrapping Spring Data JPA repositories in DEFAULT mode.
2026-04-27T16:28:55.931+05:45  INFO 13272 --- [EShopDemo] [restartedMain] .s.d.r.c.RepositoryConfigurationDelegate : Finished Spring Data repository scanning in 394 ms. Found 3 JPA repository interfaces.
2026-04-27T16:28:59.662+05:45  INFO 13272 --- [EShopDemo] [restartedMain] o.s.boot.tomcat.TomcatWebServer          : Tomcat initialized with port 8080 (http)
2026-04-27T16:28:59.678+05:45  INFO 13272 --- [EShopDemo] [restartedMain] o.apache.catalina.core.StandardService   : Starting service [Tomcat]
2026-04-27T16:28:59.679+05:45  INFO 13272 --- [EShopDemo] [restartedMain] o.apache.catalina.core.StandardEngine    : Starting Servlet engine: [Apache Tomcat/11.0.20]
2026-04-27T16:29:01.912+05:45  INFO 13272 --- [EShopDemo] [restartedMain] b.w.c.s.WebApplicationContextInitializer : Root WebApplicationContext: initialization completed in 10549 ms
2026-04-27T16:29:02.973+05:45  INFO 13272 --- [EShopDemo] [restartedMain] org.hibernate.orm.jpa                    : HHH008540: Processing PersistenceUnitInfo [name: default]
2026-04-27T16:29:03.691+05:45  INFO 13272 --- [EShopDemo] [restartedMain] o.s.o.j.p.SpringPersistenceUnitInfo      : No LoadTimeWeaver setup: ignoring JPA class transformer
2026-04-27T16:29:03.802+05:45  INFO 13272 --- [EShopDemo] [restartedMain] com.zaxxer.hikari.HikariDataSource       : HikariPool-50 - Starting...
2026-04-27T16:29:04.068+05:45  INFO 13272 --- [EShopDemo] [restartedMain] com.zaxxer.hikari.pool.HikariPool        : HikariPool-50 - Added connection com.mysql.cj.jdbc.ConnectionImpl@6954ca3d
2026-04-27T16:29:04.069+05:45  INFO 13272 --- [EShopDemo] [restartedMain] com.zaxxer.hikari.HikariDataSource       : HikariPool-50 - Start completed.
2026-04-27T16:29:04.087+05:45  INFO 13272 --- [EShopDemo] [restartedMain] org.hibernate.orm.connections.pooling    : HHH10001005: Database info:
	Database JDBC URL [jdbc:mysql://localhost:3306/prod_eshop_db?createDatabaseIfNotExist=true]
	Database driver: MySQL Connector/J
	Database dialect: MySQLDialect
	Database version: 8.0.35
	Default catalog/schema: prod_eshop_db/undefined
	Autocommit mode: undefined/unknown
	Isolation level: REPEATABLE_READ [default REPEATABLE_READ]
	JDBC fetch size: none
	Pool: DataSourceConnectionProvider
	Minimum pool size: undefined/unknown
	Maximum pool size: undefined/unknown
2026-04-27T16:29:05.164+05:45  INFO 13272 --- [EShopDemo] [restartedMain] org.hibernate.orm.core                   : HHH000489: No JTA platform available (set 'hibernate.transaction.jta.platform' to enable JTA platform integration)
2026-04-27T16:29:05.406+05:45  INFO 13272 --- [EShopDemo] [restartedMain] j.LocalContainerEntityManagerFactoryBean : Initialized JPA EntityManagerFactory for persistence unit 'default'
2026-04-27T16:29:06.847+05:45  WARN 13272 --- [EShopDemo] [restartedMain] JpaBaseConfiguration$JpaWebConfiguration : spring.jpa.open-in-view is enabled by default. Therefore, database queries may be performed during view rendering. Explicitly configure spring.jpa.open-in-view to disable this warning
2026-04-27T16:29:08.929+05:45  WARN 13272 --- [EShopDemo] [restartedMain] ion$DefaultTemplateResolverConfiguration : Cannot find template location: classpath:/templates/ (please add some templates, check your Thymeleaf configuration, or set spring.thymeleaf.check-template-location=false)
2026-04-27T16:29:10.599+05:45  INFO 13272 --- [EShopDemo] [restartedMain] o.s.boot.tomcat.TomcatWebServer          : Tomcat started on port 8080 (http) with context path '/'
2026-04-27T16:29:10.610+05:45  INFO 13272 --- [EShopDemo] [restartedMain] c.cdsc.eshopdemo.EShopDemoApplication    : Started EShopDemoApplication in 19.652 seconds (process running for 4636.577)
2026-04-27T16:29:10.617+05:45  INFO 13272 --- [EShopDemo] [restartedMain] .ConditionEvaluationDeltaLoggingListener : Condition evaluation unchanged
2026-04-27T16:29:15.080+05:45  INFO 13272 --- [EShopDemo] [File Watcher] rtingClassPathChangeChangedEventListener : Restarting due to 1 class path change (0 additions, 0 deletions, 1 modification)
2026-04-27T16:29:15.176+05:45  INFO 13272 --- [EShopDemo] [Thread-182] o.s.boot.tomcat.GracefulShutdown         : Commencing graceful shutdown. Waiting for active requests to complete
2026-04-27T16:29:15.683+05:45  INFO 13272 --- [EShopDemo] [tomcat-shutdown] o.s.boot.tomcat.GracefulShutdown         : Graceful shutdown complete
2026-04-27T16:29:15.899+05:45  INFO 13272 --- [EShopDemo] [Thread-182] j.LocalContainerEntityManagerFactoryBean : Closing JPA EntityManagerFactory for persistence unit 'default'
2026-04-27T16:29:15.925+05:45  INFO 13272 --- [EShopDemo] [Thread-182] com.zaxxer.hikari.HikariDataSource       : HikariPool-50 - Shutdown initiated...
2026-04-27T16:29:16.591+05:45  INFO 13272 --- [EShopDemo] [Thread-182] com.zaxxer.hikari.HikariDataSource       : HikariPool-50 - Shutdown completed.
2026-04-27T16:29:20.923+05:45  INFO 13272 --- [EShopDemo] [restartedMain] c.cdsc.eshopdemo.EShopDemoApplication    : Starting EShopDemoApplication using Java 25.0.2 with PID 13272 (E:\CDC_training\EShopDemo\target\classes started by DELL in E:\CDC_training\EShopDemo)
2026-04-27T16:29:20.924+05:45  INFO 13272 --- [EShopDemo] [restartedMain] c.cdsc.eshopdemo.EShopDemoApplication    : The following 1 profile is active: "prod"
2026-04-27T16:29:30.826+05:45  INFO 13272 --- [EShopDemo] [restartedMain] .s.d.r.c.RepositoryConfigurationDelegate : Bootstrapping Spring Data JPA repositories in DEFAULT mode.
2026-04-27T16:29:32.736+05:45  INFO 13272 --- [EShopDemo] [restartedMain] .s.d.r.c.RepositoryConfigurationDelegate : Finished Spring Data repository scanning in 1751 ms. Found 3 JPA repository interfaces.
2026-04-27T16:29:38.389+05:45  INFO 13272 --- [EShopDemo] [restartedMain] o.s.boot.tomcat.TomcatWebServer          : Tomcat initialized with port 8080 (http)
2026-04-27T16:29:38.813+05:45  INFO 13272 --- [EShopDemo] [restartedMain] o.apache.catalina.core.StandardService   : Starting service [Tomcat]
2026-04-27T16:29:38.938+05:45  INFO 13272 --- [EShopDemo] [restartedMain] o.apache.catalina.core.StandardEngine    : Starting Servlet engine: [Apache Tomcat/11.0.20]
2026-04-27T16:29:41.953+05:45  INFO 13272 --- [EShopDemo] [restartedMain] b.w.c.s.WebApplicationContextInitializer : Root WebApplicationContext: initialization completed in 20943 ms
2026-04-27T16:29:47.488+05:45  INFO 13272 --- [EShopDemo] [restartedMain] org.hibernate.orm.jpa                    : HHH008540: Processing PersistenceUnitInfo [name: default]
2026-04-27T16:29:54.148+05:45  INFO 13272 --- [EShopDemo] [restartedMain] o.s.o.j.p.SpringPersistenceUnitInfo      : No LoadTimeWeaver setup: ignoring JPA class transformer
2026-04-27T16:29:54.543+05:45  INFO 13272 --- [EShopDemo] [restartedMain] com.zaxxer.hikari.HikariDataSource       : HikariPool-51 - Starting...
2026-04-27T16:29:56.187+05:45  INFO 13272 --- [EShopDemo] [restartedMain] com.zaxxer.hikari.pool.HikariPool        : HikariPool-51 - Added connection com.mysql.cj.jdbc.ConnectionImpl@31f74ab
2026-04-27T16:29:56.193+05:45  INFO 13272 --- [EShopDemo] [restartedMain] com.zaxxer.hikari.HikariDataSource       : HikariPool-51 - Start completed.
2026-04-27T16:29:56.309+05:45  INFO 13272 --- [EShopDemo] [restartedMain] org.hibernate.orm.connections.pooling    : HHH10001005: Database info:
	Database JDBC URL [jdbc:mysql://localhost:3306/prod_eshop_db?createDatabaseIfNotExist=true]
	Database driver: MySQL Connector/J
	Database dialect: MySQLDialect
	Database version: 8.0.35
	Default catalog/schema: prod_eshop_db/undefined
	Autocommit mode: undefined/unknown
	Isolation level: REPEATABLE_READ [default REPEATABLE_READ]
	JDBC fetch size: none
	Pool: DataSourceConnectionProvider
	Minimum pool size: undefined/unknown
	Maximum pool size: undefined/unknown
2026-04-27T16:30:03.057+05:45  INFO 13272 --- [EShopDemo] [restartedMain] org.hibernate.orm.core                   : HHH000489: No JTA platform available (set 'hibernate.transaction.jta.platform' to enable JTA platform integration)
2026-04-27T16:30:03.401+05:45  INFO 13272 --- [EShopDemo] [restartedMain] j.LocalContainerEntityManagerFactoryBean : Initialized JPA EntityManagerFactory for persistence unit 'default'
2026-04-27T16:30:10.658+05:45  WARN 13272 --- [EShopDemo] [restartedMain] JpaBaseConfiguration$JpaWebConfiguration : spring.jpa.open-in-view is enabled by default. Therefore, database queries may be performed during view rendering. Explicitly configure spring.jpa.open-in-view to disable this warning
2026-04-27T16:30:12.165+05:45  WARN 13272 --- [EShopDemo] [restartedMain] ion$DefaultTemplateResolverConfiguration : Cannot find template location: classpath:/templates/ (please add some templates, check your Thymeleaf configuration, or set spring.thymeleaf.check-template-location=false)
2026-04-27T16:30:14.739+05:45  INFO 13272 --- [EShopDemo] [restartedMain] o.s.boot.tomcat.TomcatWebServer          : Tomcat started on port 8080 (http) with context path '/'
2026-04-27T16:30:16.047+05:45  INFO 13272 --- [EShopDemo] [restartedMain] c.cdsc.eshopdemo.EShopDemoApplication    : Started EShopDemoApplication in 56.073 seconds (process running for 4702.014)
2026-04-27T16:30:16.050+05:45  INFO 13272 --- [EShopDemo] [restartedMain] .ConditionEvaluationDeltaLoggingListener : Condition evaluation unchanged
2026-04-27T16:36:20.369+05:45  INFO 13272 --- [EShopDemo] [File Watcher] rtingClassPathChangeChangedEventListener : Restarting due to 2 class path changes (0 additions, 0 deletions, 2 modifications)
2026-04-27T16:36:22.242+05:45  INFO 13272 --- [EShopDemo] [Thread-186] o.s.boot.tomcat.GracefulShutdown         : Commencing graceful shutdown. Waiting for active requests to complete
2026-04-27T16:36:22.987+05:45  INFO 13272 --- [EShopDemo] [tomcat-shutdown] o.s.boot.tomcat.GracefulShutdown         : Graceful shutdown complete
2026-04-27T16:36:26.425+05:45  INFO 13272 --- [EShopDemo] [Thread-186] j.LocalContainerEntityManagerFactoryBean : Closing JPA EntityManagerFactory for persistence unit 'default'
2026-04-27T16:36:27.558+05:45  INFO 13272 --- [EShopDemo] [Thread-186] com.zaxxer.hikari.HikariDataSource       : HikariPool-51 - Shutdown initiated...
2026-04-27T16:36:28.054+05:45  INFO 13272 --- [EShopDemo] [Thread-186] com.zaxxer.hikari.HikariDataSource       : HikariPool-51 - Shutdown completed.
2026-04-27T16:36:37.585+05:45  INFO 13272 --- [EShopDemo] [restartedMain] c.cdsc.eshopdemo.EShopDemoApplication    : Starting EShopDemoApplication using Java 25.0.2 with PID 13272 (E:\CDC_training\EShopDemo\target\classes started by DELL in E:\CDC_training\EShopDemo)
2026-04-27T16:36:37.586+05:45  INFO 13272 --- [EShopDemo] [restartedMain] c.cdsc.eshopdemo.EShopDemoApplication    : The following 1 profile is active: "prod"
2026-04-27T16:36:43.115+05:45  INFO 13272 --- [EShopDemo] [restartedMain] .s.d.r.c.RepositoryConfigurationDelegate : Bootstrapping Spring Data JPA repositories in DEFAULT mode.
2026-04-27T16:36:43.487+05:45  INFO 13272 --- [EShopDemo] [restartedMain] .s.d.r.c.RepositoryConfigurationDelegate : Finished Spring Data repository scanning in 365 ms. Found 3 JPA repository interfaces.
2026-04-27T16:36:46.582+05:45  INFO 13272 --- [EShopDemo] [restartedMain] o.s.boot.tomcat.TomcatWebServer          : Tomcat initialized with port 8080 (http)
2026-04-27T16:36:46.600+05:45  INFO 13272 --- [EShopDemo] [restartedMain] o.apache.catalina.core.StandardService   : Starting service [Tomcat]
2026-04-27T16:36:46.600+05:45  INFO 13272 --- [EShopDemo] [restartedMain] o.apache.catalina.core.StandardEngine    : Starting Servlet engine: [Apache Tomcat/11.0.20]
2026-04-27T16:36:47.245+05:45  INFO 13272 --- [EShopDemo] [restartedMain] b.w.c.s.WebApplicationContextInitializer : Root WebApplicationContext: initialization completed in 9645 ms
2026-04-27T16:36:47.769+05:45  INFO 13272 --- [EShopDemo] [restartedMain] org.hibernate.orm.jpa                    : HHH008540: Processing PersistenceUnitInfo [name: default]
2026-04-27T16:36:48.152+05:45  INFO 13272 --- [EShopDemo] [restartedMain] o.s.o.j.p.SpringPersistenceUnitInfo      : No LoadTimeWeaver setup: ignoring JPA class transformer
2026-04-27T16:36:48.155+05:45  INFO 13272 --- [EShopDemo] [restartedMain] com.zaxxer.hikari.HikariDataSource       : HikariPool-52 - Starting...
2026-04-27T16:36:48.582+05:45  INFO 13272 --- [EShopDemo] [restartedMain] com.zaxxer.hikari.pool.HikariPool        : HikariPool-52 - Added connection com.mysql.cj.jdbc.ConnectionImpl@4ef261cf
2026-04-27T16:36:48.584+05:45  INFO 13272 --- [EShopDemo] [restartedMain] com.zaxxer.hikari.HikariDataSource       : HikariPool-52 - Start completed.
2026-04-27T16:36:48.599+05:45  INFO 13272 --- [EShopDemo] [restartedMain] org.hibernate.orm.connections.pooling    : HHH10001005: Database info:
	Database JDBC URL [jdbc:mysql://localhost:3306/prod_eshop_db?createDatabaseIfNotExist=true]
	Database driver: MySQL Connector/J
	Database dialect: MySQLDialect
	Database version: 8.0.35
	Default catalog/schema: prod_eshop_db/undefined
	Autocommit mode: undefined/unknown
	Isolation level: REPEATABLE_READ [default REPEATABLE_READ]
	JDBC fetch size: none
	Pool: DataSourceConnectionProvider
	Minimum pool size: undefined/unknown
	Maximum pool size: undefined/unknown
2026-04-27T16:36:49.468+05:45  INFO 13272 --- [EShopDemo] [restartedMain] org.hibernate.orm.core                   : HHH000489: No JTA platform available (set 'hibernate.transaction.jta.platform' to enable JTA platform integration)
2026-04-27T16:36:49.836+05:45  INFO 13272 --- [EShopDemo] [restartedMain] j.LocalContainerEntityManagerFactoryBean : Initialized JPA EntityManagerFactory for persistence unit 'default'
2026-04-27T16:36:50.678+05:45  WARN 13272 --- [EShopDemo] [restartedMain] JpaBaseConfiguration$JpaWebConfiguration : spring.jpa.open-in-view is enabled by default. Therefore, database queries may be performed during view rendering. Explicitly configure spring.jpa.open-in-view to disable this warning
2026-04-27T16:36:54.407+05:45  WARN 13272 --- [EShopDemo] [restartedMain] ion$DefaultTemplateResolverConfiguration : Cannot find template location: classpath:/templates/ (please add some templates, check your Thymeleaf configuration, or set spring.thymeleaf.check-template-location=false)
2026-04-27T16:36:55.645+05:45  INFO 13272 --- [EShopDemo] [restartedMain] o.s.boot.tomcat.TomcatWebServer          : Tomcat started on port 8080 (http) with context path '/'
2026-04-27T16:36:55.656+05:45  INFO 13272 --- [EShopDemo] [restartedMain] c.cdsc.eshopdemo.EShopDemoApplication    : Started EShopDemoApplication in 18.911 seconds (process running for 5101.624)
2026-04-27T16:36:55.659+05:45  INFO 13272 --- [EShopDemo] [restartedMain] .ConditionEvaluationDeltaLoggingListener : Condition evaluation unchanged
2026-04-27T16:41:15.869+05:45  INFO 13272 --- [EShopDemo] [File Watcher] rtingClassPathChangeChangedEventListener : Restarting due to 1 class path change (0 additions, 0 deletions, 1 modification)
2026-04-27T16:41:16.033+05:45  INFO 13272 --- [EShopDemo] [Thread-190] o.s.boot.tomcat.GracefulShutdown         : Commencing graceful shutdown. Waiting for active requests to complete
2026-04-27T16:41:16.244+05:45  INFO 13272 --- [EShopDemo] [tomcat-shutdown] o.s.boot.tomcat.GracefulShutdown         : Graceful shutdown complete
2026-04-27T16:41:16.726+05:45  INFO 13272 --- [EShopDemo] [Thread-190] j.LocalContainerEntityManagerFactoryBean : Closing JPA EntityManagerFactory for persistence unit 'default'
2026-04-27T16:41:16.834+05:45  INFO 13272 --- [EShopDemo] [Thread-190] com.zaxxer.hikari.HikariDataSource       : HikariPool-52 - Shutdown initiated...
2026-04-27T16:41:16.908+05:45  INFO 13272 --- [EShopDemo] [Thread-190] com.zaxxer.hikari.HikariDataSource       : HikariPool-52 - Shutdown completed.
2026-04-27T16:41:19.985+05:45  INFO 13272 --- [EShopDemo] [restartedMain] c.cdsc.eshopdemo.EShopDemoApplication    : Starting EShopDemoApplication using Java 25.0.2 with PID 13272 (E:\CDC_training\EShopDemo\target\classes started by DELL in E:\CDC_training\EShopDemo)
2026-04-27T16:41:19.986+05:45  INFO 13272 --- [EShopDemo] [restartedMain] c.cdsc.eshopdemo.EShopDemoApplication    : The following 1 profile is active: "prod"
2026-04-27T16:41:22.838+05:45  INFO 13272 --- [EShopDemo] [restartedMain] .s.d.r.c.RepositoryConfigurationDelegate : Bootstrapping Spring Data JPA repositories in DEFAULT mode.
2026-04-27T16:41:23.045+05:45  INFO 13272 --- [EShopDemo] [restartedMain] .s.d.r.c.RepositoryConfigurationDelegate : Finished Spring Data repository scanning in 203 ms. Found 3 JPA repository interfaces.
2026-04-27T16:41:24.687+05:45  INFO 13272 --- [EShopDemo] [restartedMain] o.s.boot.tomcat.TomcatWebServer          : Tomcat initialized with port 8080 (http)
2026-04-27T16:41:24.695+05:45  INFO 13272 --- [EShopDemo] [restartedMain] o.apache.catalina.core.StandardService   : Starting service [Tomcat]
2026-04-27T16:41:24.696+05:45  INFO 13272 --- [EShopDemo] [restartedMain] o.apache.catalina.core.StandardEngine    : Starting Servlet engine: [Apache Tomcat/11.0.20]
2026-04-27T16:41:25.443+05:45  INFO 13272 --- [EShopDemo] [restartedMain] b.w.c.s.WebApplicationContextInitializer : Root WebApplicationContext: initialization completed in 5436 ms
2026-04-27T16:41:26.113+05:45  INFO 13272 --- [EShopDemo] [restartedMain] org.hibernate.orm.jpa                    : HHH008540: Processing PersistenceUnitInfo [name: default]
2026-04-27T16:41:26.531+05:45  INFO 13272 --- [EShopDemo] [restartedMain] o.s.o.j.p.SpringPersistenceUnitInfo      : No LoadTimeWeaver setup: ignoring JPA class transformer
2026-04-27T16:41:26.536+05:45  INFO 13272 --- [EShopDemo] [restartedMain] com.zaxxer.hikari.HikariDataSource       : HikariPool-53 - Starting...
2026-04-27T16:41:27.309+05:45  INFO 13272 --- [EShopDemo] [restartedMain] com.zaxxer.hikari.pool.HikariPool        : HikariPool-53 - Added connection com.mysql.cj.jdbc.ConnectionImpl@60f0f9dd
2026-04-27T16:41:27.312+05:45  INFO 13272 --- [EShopDemo] [restartedMain] com.zaxxer.hikari.HikariDataSource       : HikariPool-53 - Start completed.
2026-04-27T16:41:27.332+05:45  INFO 13272 --- [EShopDemo] [restartedMain] org.hibernate.orm.connections.pooling    : HHH10001005: Database info:
	Database JDBC URL [jdbc:mysql://localhost:3306/prod_eshop_db?createDatabaseIfNotExist=true]
	Database driver: MySQL Connector/J
	Database dialect: MySQLDialect
	Database version: 8.0.35
	Default catalog/schema: prod_eshop_db/undefined
	Autocommit mode: undefined/unknown
	Isolation level: REPEATABLE_READ [default REPEATABLE_READ]
	JDBC fetch size: none
	Pool: DataSourceConnectionProvider
	Minimum pool size: undefined/unknown
	Maximum pool size: undefined/unknown
2026-04-27T16:41:28.168+05:45  INFO 13272 --- [EShopDemo] [restartedMain] org.hibernate.orm.core                   : HHH000489: No JTA platform available (set 'hibernate.transaction.jta.platform' to enable JTA platform integration)
2026-04-27T16:41:28.514+05:45  INFO 13272 --- [EShopDemo] [restartedMain] j.LocalContainerEntityManagerFactoryBean : Initialized JPA EntityManagerFactory for persistence unit 'default'
2026-04-27T16:41:29.364+05:45  WARN 13272 --- [EShopDemo] [restartedMain] JpaBaseConfiguration$JpaWebConfiguration : spring.jpa.open-in-view is enabled by default. Therefore, database queries may be performed during view rendering. Explicitly configure spring.jpa.open-in-view to disable this warning
2026-04-27T16:41:30.124+05:45  WARN 13272 --- [EShopDemo] [restartedMain] ion$DefaultTemplateResolverConfiguration : Cannot find template location: classpath:/templates/ (please add some templates, check your Thymeleaf configuration, or set spring.thymeleaf.check-template-location=false)
2026-04-27T16:41:30.915+05:45  INFO 13272 --- [EShopDemo] [restartedMain] o.s.boot.tomcat.TomcatWebServer          : Tomcat started on port 8080 (http) with context path '/'
2026-04-27T16:41:30.923+05:45  INFO 13272 --- [EShopDemo] [restartedMain] c.cdsc.eshopdemo.EShopDemoApplication    : Started EShopDemoApplication in 11.258 seconds (process running for 5376.891)
2026-04-27T16:41:30.931+05:45  INFO 13272 --- [EShopDemo] [restartedMain] .ConditionEvaluationDeltaLoggingListener : Condition evaluation unchanged
2026-04-27T16:42:58.814+05:45  INFO 13272 --- [EShopDemo] [File Watcher] rtingClassPathChangeChangedEventListener : Restarting due to 1 class path change (0 additions, 0 deletions, 1 modification)
2026-04-27T16:42:58.891+05:45  INFO 13272 --- [EShopDemo] [Thread-194] o.s.boot.tomcat.GracefulShutdown         : Commencing graceful shutdown. Waiting for active requests to complete
2026-04-27T16:42:58.984+05:45  INFO 13272 --- [EShopDemo] [tomcat-shutdown] o.s.boot.tomcat.GracefulShutdown         : Graceful shutdown complete
2026-04-27T16:42:59.066+05:45  INFO 13272 --- [EShopDemo] [Thread-194] j.LocalContainerEntityManagerFactoryBean : Closing JPA EntityManagerFactory for persistence unit 'default'
2026-04-27T16:42:59.112+05:45  INFO 13272 --- [EShopDemo] [Thread-194] com.zaxxer.hikari.HikariDataSource       : HikariPool-53 - Shutdown initiated...
2026-04-27T16:42:59.255+05:45  INFO 13272 --- [EShopDemo] [Thread-194] com.zaxxer.hikari.HikariDataSource       : HikariPool-53 - Shutdown completed.
2026-04-27T16:43:00.225+05:45  INFO 13272 --- [EShopDemo] [restartedMain] c.cdsc.eshopdemo.EShopDemoApplication    : Starting EShopDemoApplication using Java 25.0.2 with PID 13272 (E:\CDC_training\EShopDemo\target\classes started by DELL in E:\CDC_training\EShopDemo)
2026-04-27T16:43:00.225+05:45  INFO 13272 --- [EShopDemo] [restartedMain] c.cdsc.eshopdemo.EShopDemoApplication    : The following 1 profile is active: "prod"
2026-04-27T16:43:02.410+05:45  INFO 13272 --- [EShopDemo] [restartedMain] .s.d.r.c.RepositoryConfigurationDelegate : Bootstrapping Spring Data JPA repositories in DEFAULT mode.
2026-04-27T16:43:02.703+05:45  INFO 13272 --- [EShopDemo] [restartedMain] .s.d.r.c.RepositoryConfigurationDelegate : Finished Spring Data repository scanning in 288 ms. Found 3 JPA repository interfaces.
2026-04-27T16:43:03.752+05:45  INFO 13272 --- [EShopDemo] [restartedMain] o.s.boot.tomcat.TomcatWebServer          : Tomcat initialized with port 8080 (http)
2026-04-27T16:43:03.777+05:45  INFO 13272 --- [EShopDemo] [restartedMain] o.apache.catalina.core.StandardService   : Starting service [Tomcat]
2026-04-27T16:43:03.777+05:45  INFO 13272 --- [EShopDemo] [restartedMain] o.apache.catalina.core.StandardEngine    : Starting Servlet engine: [Apache Tomcat/11.0.20]
2026-04-27T16:43:04.294+05:45  INFO 13272 --- [EShopDemo] [restartedMain] b.w.c.s.WebApplicationContextInitializer : Root WebApplicationContext: initialization completed in 4046 ms
2026-04-27T16:43:04.751+05:45  INFO 13272 --- [EShopDemo] [restartedMain] org.hibernate.orm.jpa                    : HHH008540: Processing PersistenceUnitInfo [name: default]
2026-04-27T16:43:05.213+05:45  INFO 13272 --- [EShopDemo] [restartedMain] o.s.o.j.p.SpringPersistenceUnitInfo      : No LoadTimeWeaver setup: ignoring JPA class transformer
2026-04-27T16:43:05.217+05:45  INFO 13272 --- [EShopDemo] [restartedMain] com.zaxxer.hikari.HikariDataSource       : HikariPool-54 - Starting...
2026-04-27T16:43:05.544+05:45  INFO 13272 --- [EShopDemo] [restartedMain] com.zaxxer.hikari.pool.HikariPool        : HikariPool-54 - Added connection com.mysql.cj.jdbc.ConnectionImpl@145cb18c
2026-04-27T16:43:05.544+05:45  INFO 13272 --- [EShopDemo] [restartedMain] com.zaxxer.hikari.HikariDataSource       : HikariPool-54 - Start completed.
2026-04-27T16:43:05.555+05:45  INFO 13272 --- [EShopDemo] [restartedMain] org.hibernate.orm.connections.pooling    : HHH10001005: Database info:
	Database JDBC URL [jdbc:mysql://localhost:3306/prod_eshop_db?createDatabaseIfNotExist=true]
	Database driver: MySQL Connector/J
	Database dialect: MySQLDialect
	Database version: 8.0.35
	Default catalog/schema: prod_eshop_db/undefined
	Autocommit mode: undefined/unknown
	Isolation level: REPEATABLE_READ [default REPEATABLE_READ]
	JDBC fetch size: none
	Pool: DataSourceConnectionProvider
	Minimum pool size: undefined/unknown
	Maximum pool size: undefined/unknown
2026-04-27T16:43:06.061+05:45  INFO 13272 --- [EShopDemo] [restartedMain] org.hibernate.orm.core                   : HHH000489: No JTA platform available (set 'hibernate.transaction.jta.platform' to enable JTA platform integration)
2026-04-27T16:43:06.517+05:45  INFO 13272 --- [EShopDemo] [restartedMain] j.LocalContainerEntityManagerFactoryBean : Initialized JPA EntityManagerFactory for persistence unit 'default'
2026-04-27T16:43:07.514+05:45  WARN 13272 --- [EShopDemo] [restartedMain] JpaBaseConfiguration$JpaWebConfiguration : spring.jpa.open-in-view is enabled by default. Therefore, database queries may be performed during view rendering. Explicitly configure spring.jpa.open-in-view to disable this warning
2026-04-27T16:43:08.414+05:45  WARN 13272 --- [EShopDemo] [restartedMain] ion$DefaultTemplateResolverConfiguration : Cannot find template location: classpath:/templates/ (please add some templates, check your Thymeleaf configuration, or set spring.thymeleaf.check-template-location=false)
2026-04-27T16:43:09.262+05:45  INFO 13272 --- [EShopDemo] [restartedMain] o.s.boot.tomcat.TomcatWebServer          : Tomcat started on port 8080 (http) with context path '/'
2026-04-27T16:43:09.271+05:45  INFO 13272 --- [EShopDemo] [restartedMain] c.cdsc.eshopdemo.EShopDemoApplication    : Started EShopDemoApplication in 9.413 seconds (process running for 5475.238)
2026-04-27T16:43:09.273+05:45  INFO 13272 --- [EShopDemo] [restartedMain] .ConditionEvaluationDeltaLoggingListener : Condition evaluation unchanged
2026-04-27T16:44:09.079+05:45  INFO 13272 --- [EShopDemo] [File Watcher] rtingClassPathChangeChangedEventListener : Restarting due to 2 class path changes (0 additions, 0 deletions, 2 modifications)
2026-04-27T16:44:09.417+05:45  INFO 13272 --- [EShopDemo] [Thread-198] o.s.boot.tomcat.GracefulShutdown         : Commencing graceful shutdown. Waiting for active requests to complete
2026-04-27T16:44:09.577+05:45  INFO 13272 --- [EShopDemo] [tomcat-shutdown] o.s.boot.tomcat.GracefulShutdown         : Graceful shutdown complete
2026-04-27T16:44:09.763+05:45  INFO 13272 --- [EShopDemo] [Thread-198] j.LocalContainerEntityManagerFactoryBean : Closing JPA EntityManagerFactory for persistence unit 'default'
2026-04-27T16:44:09.949+05:45  INFO 13272 --- [EShopDemo] [Thread-198] com.zaxxer.hikari.HikariDataSource       : HikariPool-54 - Shutdown initiated...
2026-04-27T16:44:10.216+05:45  INFO 13272 --- [EShopDemo] [Thread-198] com.zaxxer.hikari.HikariDataSource       : HikariPool-54 - Shutdown completed.
2026-04-27T16:44:16.916+05:45  INFO 13272 --- [EShopDemo] [restartedMain] c.cdsc.eshopdemo.EShopDemoApplication    : Starting EShopDemoApplication using Java 25.0.2 with PID 13272 (E:\CDC_training\EShopDemo\target\classes started by DELL in E:\CDC_training\EShopDemo)
2026-04-27T16:44:16.917+05:45  INFO 13272 --- [EShopDemo] [restartedMain] c.cdsc.eshopdemo.EShopDemoApplication    : The following 1 profile is active: "prod"
2026-04-27T16:44:19.822+05:45  INFO 13272 --- [EShopDemo] [restartedMain] .s.d.r.c.RepositoryConfigurationDelegate : Bootstrapping Spring Data JPA repositories in DEFAULT mode.
2026-04-27T16:44:20.004+05:45  INFO 13272 --- [EShopDemo] [restartedMain] .s.d.r.c.RepositoryConfigurationDelegate : Finished Spring Data repository scanning in 177 ms. Found 3 JPA repository interfaces.
2026-04-27T16:44:21.004+05:45  INFO 13272 --- [EShopDemo] [restartedMain] o.s.boot.tomcat.TomcatWebServer          : Tomcat initialized with port 8080 (http)
2026-04-27T16:44:21.011+05:45  INFO 13272 --- [EShopDemo] [restartedMain] o.apache.catalina.core.StandardService   : Starting service [Tomcat]
2026-04-27T16:44:21.012+05:45  INFO 13272 --- [EShopDemo] [restartedMain] o.apache.catalina.core.StandardEngine    : Starting Servlet engine: [Apache Tomcat/11.0.20]
2026-04-27T16:44:21.431+05:45  INFO 13272 --- [EShopDemo] [restartedMain] b.w.c.s.WebApplicationContextInitializer : Root WebApplicationContext: initialization completed in 4506 ms
2026-04-27T16:44:21.845+05:45  INFO 13272 --- [EShopDemo] [restartedMain] org.hibernate.orm.jpa                    : HHH008540: Processing PersistenceUnitInfo [name: default]
2026-04-27T16:44:22.099+05:45  INFO 13272 --- [EShopDemo] [restartedMain] o.s.o.j.p.SpringPersistenceUnitInfo      : No LoadTimeWeaver setup: ignoring JPA class transformer
2026-04-27T16:44:22.104+05:45  INFO 13272 --- [EShopDemo] [restartedMain] com.zaxxer.hikari.HikariDataSource       : HikariPool-55 - Starting...
2026-04-27T16:44:22.502+05:45  INFO 13272 --- [EShopDemo] [restartedMain] com.zaxxer.hikari.pool.HikariPool        : HikariPool-55 - Added connection com.mysql.cj.jdbc.ConnectionImpl@56ddb97d
2026-04-27T16:44:22.503+05:45  INFO 13272 --- [EShopDemo] [restartedMain] com.zaxxer.hikari.HikariDataSource       : HikariPool-55 - Start completed.
2026-04-27T16:44:22.589+05:45  INFO 13272 --- [EShopDemo] [restartedMain] org.hibernate.orm.connections.pooling    : HHH10001005: Database info:
	Database JDBC URL [jdbc:mysql://localhost:3306/prod_eshop_db?createDatabaseIfNotExist=true]
	Database driver: MySQL Connector/J
	Database dialect: MySQLDialect
	Database version: 8.0.35
	Default catalog/schema: prod_eshop_db/undefined
	Autocommit mode: undefined/unknown
	Isolation level: REPEATABLE_READ [default REPEATABLE_READ]
	JDBC fetch size: none
	Pool: DataSourceConnectionProvider
	Minimum pool size: undefined/unknown
	Maximum pool size: undefined/unknown
2026-04-27T16:44:23.762+05:45  INFO 13272 --- [EShopDemo] [restartedMain] org.hibernate.orm.core                   : HHH000489: No JTA platform available (set 'hibernate.transaction.jta.platform' to enable JTA platform integration)
2026-04-27T16:44:23.995+05:45  INFO 13272 --- [EShopDemo] [restartedMain] j.LocalContainerEntityManagerFactoryBean : Initialized JPA EntityManagerFactory for persistence unit 'default'
2026-04-27T16:44:24.796+05:45  WARN 13272 --- [EShopDemo] [restartedMain] JpaBaseConfiguration$JpaWebConfiguration : spring.jpa.open-in-view is enabled by default. Therefore, database queries may be performed during view rendering. Explicitly configure spring.jpa.open-in-view to disable this warning
2026-04-27T16:44:25.400+05:45  WARN 13272 --- [EShopDemo] [restartedMain] ion$DefaultTemplateResolverConfiguration : Cannot find template location: classpath:/templates/ (please add some templates, check your Thymeleaf configuration, or set spring.thymeleaf.check-template-location=false)
2026-04-27T16:44:25.917+05:45  INFO 13272 --- [EShopDemo] [restartedMain] o.s.boot.tomcat.TomcatWebServer          : Tomcat started on port 8080 (http) with context path '/'
2026-04-27T16:44:25.924+05:45  INFO 13272 --- [EShopDemo] [restartedMain] c.cdsc.eshopdemo.EShopDemoApplication    : Started EShopDemoApplication in 10.018 seconds (process running for 5551.892)
2026-04-27T16:44:25.932+05:45  INFO 13272 --- [EShopDemo] [restartedMain] .ConditionEvaluationDeltaLoggingListener : Condition evaluation unchanged
2026-04-27T16:44:45.229+05:45  INFO 13272 --- [EShopDemo] [File Watcher] rtingClassPathChangeChangedEventListener : Restarting due to 1 class path change (0 additions, 0 deletions, 1 modification)
2026-04-27T16:44:45.264+05:45  INFO 13272 --- [EShopDemo] [Thread-202] o.s.boot.tomcat.GracefulShutdown         : Commencing graceful shutdown. Waiting for active requests to complete
2026-04-27T16:44:45.320+05:45  INFO 13272 --- [EShopDemo] [tomcat-shutdown] o.s.boot.tomcat.GracefulShutdown         : Graceful shutdown complete
2026-04-27T16:44:45.326+05:45  INFO 13272 --- [EShopDemo] [Thread-202] j.LocalContainerEntityManagerFactoryBean : Closing JPA EntityManagerFactory for persistence unit 'default'
2026-04-27T16:44:45.327+05:45  INFO 13272 --- [EShopDemo] [Thread-202] com.zaxxer.hikari.HikariDataSource       : HikariPool-55 - Shutdown initiated...
2026-04-27T16:44:45.387+05:45  INFO 13272 --- [EShopDemo] [Thread-202] com.zaxxer.hikari.HikariDataSource       : HikariPool-55 - Shutdown completed.
2026-04-27T16:44:48.879+05:45  INFO 13272 --- [EShopDemo] [restartedMain] c.cdsc.eshopdemo.EShopDemoApplication    : Starting EShopDemoApplication using Java 25.0.2 with PID 13272 (E:\CDC_training\EShopDemo\target\classes started by DELL in E:\CDC_training\EShopDemo)
2026-04-27T16:44:48.882+05:45  INFO 13272 --- [EShopDemo] [restartedMain] c.cdsc.eshopdemo.EShopDemoApplication    : The following 1 profile is active: "prod"
2026-04-27T16:44:52.012+05:45  INFO 13272 --- [EShopDemo] [restartedMain] .s.d.r.c.RepositoryConfigurationDelegate : Bootstrapping Spring Data JPA repositories in DEFAULT mode.
2026-04-27T16:44:52.203+05:45  INFO 13272 --- [EShopDemo] [restartedMain] .s.d.r.c.RepositoryConfigurationDelegate : Finished Spring Data repository scanning in 183 ms. Found 3 JPA repository interfaces.
2026-04-27T16:44:53.375+05:45  INFO 13272 --- [EShopDemo] [restartedMain] o.s.boot.tomcat.TomcatWebServer          : Tomcat initialized with port 8080 (http)
2026-04-27T16:44:53.385+05:45  INFO 13272 --- [EShopDemo] [restartedMain] o.apache.catalina.core.StandardService   : Starting service [Tomcat]
2026-04-27T16:44:53.385+05:45  INFO 13272 --- [EShopDemo] [restartedMain] o.apache.catalina.core.StandardEngine    : Starting Servlet engine: [Apache Tomcat/11.0.20]
2026-04-27T16:44:53.831+05:45  INFO 13272 --- [EShopDemo] [restartedMain] b.w.c.s.WebApplicationContextInitializer : Root WebApplicationContext: initialization completed in 4668 ms
2026-04-27T16:44:54.089+05:45  INFO 13272 --- [EShopDemo] [restartedMain] org.hibernate.orm.jpa                    : HHH008540: Processing PersistenceUnitInfo [name: default]
2026-04-27T16:44:54.662+05:45  INFO 13272 --- [EShopDemo] [restartedMain] o.s.o.j.p.SpringPersistenceUnitInfo      : No LoadTimeWeaver setup: ignoring JPA class transformer
2026-04-27T16:44:54.664+05:45  INFO 13272 --- [EShopDemo] [restartedMain] com.zaxxer.hikari.HikariDataSource       : HikariPool-56 - Starting...
2026-04-27T16:44:55.332+05:45  INFO 13272 --- [EShopDemo] [restartedMain] com.zaxxer.hikari.pool.HikariPool        : HikariPool-56 - Added connection com.mysql.cj.jdbc.ConnectionImpl@57c35dff
2026-04-27T16:44:55.336+05:45  INFO 13272 --- [EShopDemo] [restartedMain] com.zaxxer.hikari.HikariDataSource       : HikariPool-56 - Start completed.
2026-04-27T16:44:55.377+05:45  INFO 13272 --- [EShopDemo] [restartedMain] org.hibernate.orm.connections.pooling    : HHH10001005: Database info:
	Database JDBC URL [jdbc:mysql://localhost:3306/prod_eshop_db?createDatabaseIfNotExist=true]
	Database driver: MySQL Connector/J
	Database dialect: MySQLDialect
	Database version: 8.0.35
	Default catalog/schema: prod_eshop_db/undefined
	Autocommit mode: undefined/unknown
	Isolation level: REPEATABLE_READ [default REPEATABLE_READ]
	JDBC fetch size: none
	Pool: DataSourceConnectionProvider
	Minimum pool size: undefined/unknown
	Maximum pool size: undefined/unknown
2026-04-27T16:44:57.198+05:45  INFO 13272 --- [EShopDemo] [restartedMain] org.hibernate.orm.core                   : HHH000489: No JTA platform available (set 'hibernate.transaction.jta.platform' to enable JTA platform integration)
2026-04-27T16:44:57.341+05:45  INFO 13272 --- [EShopDemo] [restartedMain] j.LocalContainerEntityManagerFactoryBean : Initialized JPA EntityManagerFactory for persistence unit 'default'
2026-04-27T16:44:58.034+05:45  WARN 13272 --- [EShopDemo] [restartedMain] JpaBaseConfiguration$JpaWebConfiguration : spring.jpa.open-in-view is enabled by default. Therefore, database queries may be performed during view rendering. Explicitly configure spring.jpa.open-in-view to disable this warning
2026-04-27T16:44:58.873+05:45  WARN 13272 --- [EShopDemo] [restartedMain] ion$DefaultTemplateResolverConfiguration : Cannot find template location: classpath:/templates/ (please add some templates, check your Thymeleaf configuration, or set spring.thymeleaf.check-template-location=false)
2026-04-27T16:44:59.196+05:45  INFO 13272 --- [EShopDemo] [restartedMain] o.s.boot.tomcat.TomcatWebServer          : Tomcat started on port 8080 (http) with context path '/'
2026-04-27T16:44:59.206+05:45  INFO 13272 --- [EShopDemo] [restartedMain] c.cdsc.eshopdemo.EShopDemoApplication    : Started EShopDemoApplication in 11.278 seconds (process running for 5585.173)
2026-04-27T16:44:59.216+05:45  INFO 13272 --- [EShopDemo] [restartedMain] .ConditionEvaluationDeltaLoggingListener : Condition evaluation unchanged
2026-04-27T16:45:09.399+05:45  INFO 13272 --- [EShopDemo] [File Watcher] rtingClassPathChangeChangedEventListener : Restarting due to 1 class path change (0 additions, 0 deletions, 1 modification)
2026-04-27T16:45:09.403+05:45  INFO 13272 --- [EShopDemo] [Thread-206] o.s.boot.tomcat.GracefulShutdown         : Commencing graceful shutdown. Waiting for active requests to complete
2026-04-27T16:45:09.444+05:45  INFO 13272 --- [EShopDemo] [tomcat-shutdown] o.s.boot.tomcat.GracefulShutdown         : Graceful shutdown complete
2026-04-27T16:45:09.474+05:45  INFO 13272 --- [EShopDemo] [Thread-206] j.LocalContainerEntityManagerFactoryBean : Closing JPA EntityManagerFactory for persistence unit 'default'
2026-04-27T16:45:09.477+05:45  INFO 13272 --- [EShopDemo] [Thread-206] com.zaxxer.hikari.HikariDataSource       : HikariPool-56 - Shutdown initiated...
2026-04-27T16:45:09.514+05:45  INFO 13272 --- [EShopDemo] [Thread-206] com.zaxxer.hikari.HikariDataSource       : HikariPool-56 - Shutdown completed.
2026-04-27T16:45:10.611+05:45  INFO 13272 --- [EShopDemo] [restartedMain] c.cdsc.eshopdemo.EShopDemoApplication    : Starting EShopDemoApplication using Java 25.0.2 with PID 13272 (E:\CDC_training\EShopDemo\target\classes started by DELL in E:\CDC_training\EShopDemo)
2026-04-27T16:45:10.612+05:45  INFO 13272 --- [EShopDemo] [restartedMain] c.cdsc.eshopdemo.EShopDemoApplication    : The following 1 profile is active: "prod"
2026-04-27T16:45:13.109+05:45  INFO 13272 --- [EShopDemo] [restartedMain] .s.d.r.c.RepositoryConfigurationDelegate : Bootstrapping Spring Data JPA repositories in DEFAULT mode.
2026-04-27T16:45:13.310+05:45  INFO 13272 --- [EShopDemo] [restartedMain] .s.d.r.c.RepositoryConfigurationDelegate : Finished Spring Data repository scanning in 196 ms. Found 3 JPA repository interfaces.
2026-04-27T16:45:14.409+05:45  INFO 13272 --- [EShopDemo] [restartedMain] o.s.boot.tomcat.TomcatWebServer          : Tomcat initialized with port 8080 (http)
2026-04-27T16:45:14.412+05:45  INFO 13272 --- [EShopDemo] [restartedMain] o.apache.catalina.core.StandardService   : Starting service [Tomcat]
2026-04-27T16:45:14.453+05:45  INFO 13272 --- [EShopDemo] [restartedMain] o.apache.catalina.core.StandardEngine    : Starting Servlet engine: [Apache Tomcat/11.0.20]
2026-04-27T16:45:14.845+05:45  INFO 13272 --- [EShopDemo] [restartedMain] b.w.c.s.WebApplicationContextInitializer : Root WebApplicationContext: initialization completed in 4223 ms
2026-04-27T16:45:15.045+05:45  INFO 13272 --- [EShopDemo] [restartedMain] org.hibernate.orm.jpa                    : HHH008540: Processing PersistenceUnitInfo [name: default]
2026-04-27T16:45:15.247+05:45  INFO 13272 --- [EShopDemo] [restartedMain] o.s.o.j.p.SpringPersistenceUnitInfo      : No LoadTimeWeaver setup: ignoring JPA class transformer
2026-04-27T16:45:15.249+05:45  INFO 13272 --- [EShopDemo] [restartedMain] com.zaxxer.hikari.HikariDataSource       : HikariPool-57 - Starting...
2026-04-27T16:45:15.370+05:45  INFO 13272 --- [EShopDemo] [restartedMain] com.zaxxer.hikari.pool.HikariPool        : HikariPool-57 - Added connection com.mysql.cj.jdbc.ConnectionImpl@22d68787
2026-04-27T16:45:15.370+05:45  INFO 13272 --- [EShopDemo] [restartedMain] com.zaxxer.hikari.HikariDataSource       : HikariPool-57 - Start completed.
2026-04-27T16:45:15.373+05:45  INFO 13272 --- [EShopDemo] [restartedMain] org.hibernate.orm.connections.pooling    : HHH10001005: Database info:
	Database JDBC URL [jdbc:mysql://localhost:3306/prod_eshop_db?createDatabaseIfNotExist=true]
	Database driver: MySQL Connector/J
	Database dialect: MySQLDialect
	Database version: 8.0.35
	Default catalog/schema: prod_eshop_db/undefined
	Autocommit mode: undefined/unknown
	Isolation level: REPEATABLE_READ [default REPEATABLE_READ]
	JDBC fetch size: none
	Pool: DataSourceConnectionProvider
	Minimum pool size: undefined/unknown
	Maximum pool size: undefined/unknown
2026-04-27T16:45:16.074+05:45  INFO 13272 --- [EShopDemo] [restartedMain] org.hibernate.orm.core                   : HHH000489: No JTA platform available (set 'hibernate.transaction.jta.platform' to enable JTA platform integration)
2026-04-27T16:45:16.148+05:45  INFO 13272 --- [EShopDemo] [restartedMain] j.LocalContainerEntityManagerFactoryBean : Initialized JPA EntityManagerFactory for persistence unit 'default'
2026-04-27T16:45:16.823+05:45  WARN 13272 --- [EShopDemo] [restartedMain] JpaBaseConfiguration$JpaWebConfiguration : spring.jpa.open-in-view is enabled by default. Therefore, database queries may be performed during view rendering. Explicitly configure spring.jpa.open-in-view to disable this warning
2026-04-27T16:45:17.371+05:45  WARN 13272 --- [EShopDemo] [restartedMain] ion$DefaultTemplateResolverConfiguration : Cannot find template location: classpath:/templates/ (please add some templates, check your Thymeleaf configuration, or set spring.thymeleaf.check-template-location=false)
2026-04-27T16:45:17.803+05:45  INFO 13272 --- [EShopDemo] [restartedMain] o.s.boot.tomcat.TomcatWebServer          : Tomcat started on port 8080 (http) with context path '/'
2026-04-27T16:45:17.810+05:45  INFO 13272 --- [EShopDemo] [restartedMain] c.cdsc.eshopdemo.EShopDemoApplication    : Started EShopDemoApplication in 7.614 seconds (process running for 5603.778)
2026-04-27T16:45:17.812+05:45  INFO 13272 --- [EShopDemo] [restartedMain] .ConditionEvaluationDeltaLoggingListener : Condition evaluation unchanged
2026-04-27T16:45:50.523+05:45  INFO 13272 --- [EShopDemo] [File Watcher] rtingClassPathChangeChangedEventListener : Restarting due to 1 class path change (0 additions, 0 deletions, 1 modification)
2026-04-27T16:45:50.585+05:45  INFO 13272 --- [EShopDemo] [Thread-210] o.s.boot.tomcat.GracefulShutdown         : Commencing graceful shutdown. Waiting for active requests to complete
2026-04-27T16:45:50.680+05:45  INFO 13272 --- [EShopDemo] [tomcat-shutdown] o.s.boot.tomcat.GracefulShutdown         : Graceful shutdown complete
2026-04-27T16:45:50.686+05:45  INFO 13272 --- [EShopDemo] [Thread-210] j.LocalContainerEntityManagerFactoryBean : Closing JPA EntityManagerFactory for persistence unit 'default'
2026-04-27T16:45:50.690+05:45  INFO 13272 --- [EShopDemo] [Thread-210] com.zaxxer.hikari.HikariDataSource       : HikariPool-57 - Shutdown initiated...
2026-04-27T16:45:50.775+05:45  INFO 13272 --- [EShopDemo] [Thread-210] com.zaxxer.hikari.HikariDataSource       : HikariPool-57 - Shutdown completed.
2026-04-27T16:45:51.284+05:45  INFO 13272 --- [EShopDemo] [restartedMain] c.cdsc.eshopdemo.EShopDemoApplication    : Starting EShopDemoApplication using Java 25.0.2 with PID 13272 (E:\CDC_training\EShopDemo\target\classes started by DELL in E:\CDC_training\EShopDemo)
2026-04-27T16:45:51.285+05:45  INFO 13272 --- [EShopDemo] [restartedMain] c.cdsc.eshopdemo.EShopDemoApplication    : The following 1 profile is active: "prod"
2026-04-27T16:45:54.934+05:45  INFO 13272 --- [EShopDemo] [restartedMain] .s.d.r.c.RepositoryConfigurationDelegate : Bootstrapping Spring Data JPA repositories in DEFAULT mode.
2026-04-27T16:45:55.170+05:45  INFO 13272 --- [EShopDemo] [restartedMain] .s.d.r.c.RepositoryConfigurationDelegate : Finished Spring Data repository scanning in 228 ms. Found 3 JPA repository interfaces.
2026-04-27T16:45:56.486+05:45  INFO 13272 --- [EShopDemo] [restartedMain] o.s.boot.tomcat.TomcatWebServer          : Tomcat initialized with port 8080 (http)
2026-04-27T16:45:56.489+05:45  INFO 13272 --- [EShopDemo] [restartedMain] o.apache.catalina.core.StandardService   : Starting service [Tomcat]
2026-04-27T16:45:56.490+05:45  INFO 13272 --- [EShopDemo] [restartedMain] o.apache.catalina.core.StandardEngine    : Starting Servlet engine: [Apache Tomcat/11.0.20]
2026-04-27T16:45:56.887+05:45  INFO 13272 --- [EShopDemo] [restartedMain] b.w.c.s.WebApplicationContextInitializer : Root WebApplicationContext: initialization completed in 5540 ms
2026-04-27T16:45:57.326+05:45  INFO 13272 --- [EShopDemo] [restartedMain] org.hibernate.orm.jpa                    : HHH008540: Processing PersistenceUnitInfo [name: default]
2026-04-27T16:45:57.900+05:45  INFO 13272 --- [EShopDemo] [restartedMain] o.s.o.j.p.SpringPersistenceUnitInfo      : No LoadTimeWeaver setup: ignoring JPA class transformer
2026-04-27T16:45:57.904+05:45  INFO 13272 --- [EShopDemo] [restartedMain] com.zaxxer.hikari.HikariDataSource       : HikariPool-58 - Starting...
2026-04-27T16:45:57.977+05:45  INFO 13272 --- [EShopDemo] [restartedMain] com.zaxxer.hikari.pool.HikariPool        : HikariPool-58 - Added connection com.mysql.cj.jdbc.ConnectionImpl@49db9fe7
2026-04-27T16:45:57.977+05:45  INFO 13272 --- [EShopDemo] [restartedMain] com.zaxxer.hikari.HikariDataSource       : HikariPool-58 - Start completed.
2026-04-27T16:45:57.982+05:45  INFO 13272 --- [EShopDemo] [restartedMain] org.hibernate.orm.connections.pooling    : HHH10001005: Database info:
	Database JDBC URL [jdbc:mysql://localhost:3306/prod_eshop_db?createDatabaseIfNotExist=true]
	Database driver: MySQL Connector/J
	Database dialect: MySQLDialect
	Database version: 8.0.35
	Default catalog/schema: prod_eshop_db/undefined
	Autocommit mode: undefined/unknown
	Isolation level: REPEATABLE_READ [default REPEATABLE_READ]
	JDBC fetch size: none
	Pool: DataSourceConnectionProvider
	Minimum pool size: undefined/unknown
	Maximum pool size: undefined/unknown
2026-04-27T16:45:59.094+05:45  INFO 13272 --- [EShopDemo] [restartedMain] org.hibernate.orm.core                   : HHH000489: No JTA platform available (set 'hibernate.transaction.jta.platform' to enable JTA platform integration)
2026-04-27T16:45:59.202+05:45  INFO 13272 --- [EShopDemo] [restartedMain] j.LocalContainerEntityManagerFactoryBean : Initialized JPA EntityManagerFactory for persistence unit 'default'
2026-04-27T16:46:00.254+05:45  WARN 13272 --- [EShopDemo] [restartedMain] JpaBaseConfiguration$JpaWebConfiguration : spring.jpa.open-in-view is enabled by default. Therefore, database queries may be performed during view rendering. Explicitly configure spring.jpa.open-in-view to disable this warning
2026-04-27T16:46:01.201+05:45  WARN 13272 --- [EShopDemo] [restartedMain] ion$DefaultTemplateResolverConfiguration : Cannot find template location: classpath:/templates/ (please add some templates, check your Thymeleaf configuration, or set spring.thymeleaf.check-template-location=false)
2026-04-27T16:46:01.745+05:45  INFO 13272 --- [EShopDemo] [restartedMain] o.s.boot.tomcat.TomcatWebServer          : Tomcat started on port 8080 (http) with context path '/'
2026-04-27T16:46:01.750+05:45  INFO 13272 --- [EShopDemo] [restartedMain] c.cdsc.eshopdemo.EShopDemoApplication    : Started EShopDemoApplication in 10.608 seconds (process running for 5647.718)
2026-04-27T16:46:01.755+05:45  INFO 13272 --- [EShopDemo] [restartedMain] .ConditionEvaluationDeltaLoggingListener : Condition evaluation unchanged
2026-04-27T16:54:00.759+05:45  INFO 13272 --- [EShopDemo] [http-nio-8080-exec-1] o.a.c.c.C.[Tomcat-15].[localhost].[/]    : Initializing Spring DispatcherServlet 'dispatcherServlet'
2026-04-27T16:54:01.200+05:45  INFO 13272 --- [EShopDemo] [http-nio-8080-exec-1] o.s.web.servlet.DispatcherServlet        : Initializing Servlet 'dispatcherServlet'
2026-04-27T16:54:03.618+05:45  INFO 13272 --- [EShopDemo] [http-nio-8080-exec-1] o.s.web.servlet.DispatcherServlet        : Completed initialization in 2405 ms
2026-04-27T16:54:41.904+05:45 ERROR 13272 --- [EShopDemo] [http-nio-8080-exec-5] o.a.c.c.C.[.[.[/].[dispatcherServlet]    : Servlet.service() for servlet [dispatcherServlet] in context with path [] threw exception [Request processing failed: org.springframework.orm.ObjectOptimisticLockingFailureException: Row was already updated or deleted by another transaction for entity [com.cdsc.eshopdemo.entity.Product with id '1']] with root cause

org.hibernate.StaleObjectStateException: Row was already updated or deleted by another transaction for entity [com.cdsc.eshopdemo.entity.Product with id '1']
	at org.hibernate.event.internal.DefaultMergeEventListener.entityIsDetached(DefaultMergeEventListener.java:431) ~[hibernate-core-7.2.7.Final.jar:7.2.7.Final]
	at org.hibernate.event.internal.DefaultMergeEventListener.merge(DefaultMergeEventListener.java:192) ~[hibernate-core-7.2.7.Final.jar:7.2.7.Final]
	at org.hibernate.event.internal.DefaultMergeEventListener.doMerge(DefaultMergeEventListener.java:136) ~[hibernate-core-7.2.7.Final.jar:7.2.7.Final]
	at org.hibernate.event.internal.DefaultMergeEventListener.onMerge(DefaultMergeEventListener.java:120) ~[hibernate-core-7.2.7.Final.jar:7.2.7.Final]
	at org.hibernate.event.internal.DefaultMergeEventListener.onMerge(DefaultMergeEventListener.java:77) ~[hibernate-core-7.2.7.Final.jar:7.2.7.Final]
	at org.hibernate.event.service.internal.EventListenerGroupImpl.fireEventOnEachListener(EventListenerGroupImpl.java:138) ~[hibernate-core-7.2.7.Final.jar:7.2.7.Final]
	at org.hibernate.internal.SessionImpl.fireMerge(SessionImpl.java:800) ~[hibernate-core-7.2.7.Final.jar:7.2.7.Final]
	at org.hibernate.internal.SessionImpl.merge(SessionImpl.java:785) ~[hibernate-core-7.2.7.Final.jar:7.2.7.Final]
	at java.base/jdk.internal.reflect.DirectMethodHandleAccessor.invoke(DirectMethodHandleAccessor.java:104) ~[na:na]
	at java.base/java.lang.reflect.Method.invoke(Method.java:565) ~[na:na]
	at org.springframework.orm.jpa.ExtendedEntityManagerCreator$ExtendedEntityManagerInvocationHandler.invoke(ExtendedEntityManagerCreator.java:362) ~[spring-orm-7.0.6.jar:7.0.6]
	at jdk.proxy60/jdk.proxy60.$Proxy393.merge(Unknown Source) ~[na:na]
	at java.base/jdk.internal.reflect.DirectMethodHandleAccessor.invoke(DirectMethodHandleAccessor.java:104) ~[na:na]
	at java.base/java.lang.reflect.Method.invoke(Method.java:565) ~[na:na]
	at org.springframework.orm.jpa.SharedEntityManagerCreator$SharedEntityHandlerInvocationHandler.invokeMethod(SharedEntityManagerCreator.java:240) ~[spring-orm-7.0.6.jar:7.0.6]
	at org.springframework.orm.jpa.SharedEntityManagerCreator$SharedEntityManagerInvocationHandler.invoke(SharedEntityManagerCreator.java:386) ~[spring-orm-7.0.6.jar:7.0.6]
	at jdk.proxy60/jdk.proxy60.$Proxy393.merge(Unknown Source) ~[na:na]
	at org.springframework.data.jpa.repository.support.SimpleJpaRepository.save(SimpleJpaRepository.java:667) ~[spring-data-jpa-4.0.4.jar:4.0.4]
	at java.base/jdk.internal.reflect.DirectMethodHandleAccessor.invoke(DirectMethodHandleAccessor.java:104) ~[na:na]
	at java.base/java.lang.reflect.Method.invoke(Method.java:565) ~[na:na]
	at org.springframework.aop.support.AopUtils.invokeJoinpointUsingReflection(AopUtils.java:359) ~[spring-aop-7.0.6.jar:7.0.6]
	at org.springframework.data.repository.core.support.RepositoryMethodInvoker$RepositoryFragmentMethodInvoker.lambda$new$0(RepositoryMethodInvoker.java:278) ~[spring-data-commons-4.0.4.jar:4.0.4]
	at org.springframework.data.repository.core.support.RepositoryMethodInvoker.doInvoke(RepositoryMethodInvoker.java:169) ~[spring-data-commons-4.0.4.jar:4.0.4]
	at org.springframework.data.repository.core.support.RepositoryMethodInvoker.invoke(RepositoryMethodInvoker.java:158) ~[spring-data-commons-4.0.4.jar:4.0.4]
	at org.springframework.data.repository.core.support.RepositoryComposition$RepositoryFragments.invoke(RepositoryComposition.java:545) ~[spring-data-commons-4.0.4.jar:4.0.4]
	at org.springframework.data.repository.core.support.RepositoryComposition.invoke(RepositoryComposition.java:290) ~[spring-data-commons-4.0.4.jar:4.0.4]
	at org.springframework.data.repository.core.support.RepositoryFactorySupport$ImplementationMethodExecutionInterceptor.invoke(RepositoryFactorySupport.java:690) ~[spring-data-commons-4.0.4.jar:4.0.4]
	at org.springframework.aop.framework.ReflectiveMethodInvocation.proceed(ReflectiveMethodInvocation.java:179) ~[spring-aop-7.0.6.jar:7.0.6]
	at org.springframework.data.repository.core.support.QueryExecutorMethodInterceptor.doInvoke(QueryExecutorMethodInterceptor.java:171) ~[spring-data-commons-4.0.4.jar:4.0.4]
	at org.springframework.data.repository.core.support.QueryExecutorMethodInterceptor.invoke(QueryExecutorMethodInterceptor.java:146) ~[spring-data-commons-4.0.4.jar:4.0.4]
	at org.springframework.aop.framework.ReflectiveMethodInvocation.proceed(ReflectiveMethodInvocation.java:179) ~[spring-aop-7.0.6.jar:7.0.6]
	at org.springframework.data.projection.DefaultMethodInvokingMethodInterceptor.invoke(DefaultMethodInvokingMethodInterceptor.java:69) ~[spring-data-commons-4.0.4.jar:4.0.4]
	at org.springframework.aop.framework.ReflectiveMethodInvocation.proceed(ReflectiveMethodInvocation.java:179) ~[spring-aop-7.0.6.jar:7.0.6]
	at org.springframework.transaction.interceptor.TransactionInterceptor$1.proceedWithInvocation(TransactionInterceptor.java:133) ~[spring-tx-7.0.6.jar:7.0.6]
	at org.springframework.transaction.interceptor.TransactionAspectSupport.invokeWithinTransaction(TransactionAspectSupport.java:371) ~[spring-tx-7.0.6.jar:7.0.6]
	at org.springframework.transaction.interceptor.TransactionInterceptor.invoke(TransactionInterceptor.java:130) ~[spring-tx-7.0.6.jar:7.0.6]
	at org.springframework.aop.framework.ReflectiveMethodInvocation.proceed(ReflectiveMethodInvocation.java:179) ~[spring-aop-7.0.6.jar:7.0.6]
	at org.springframework.dao.support.PersistenceExceptionTranslationInterceptor.invoke(PersistenceExceptionTranslationInterceptor.java:135) ~[spring-tx-7.0.6.jar:7.0.6]
	at org.springframework.aop.framework.ReflectiveMethodInvocation.proceed(ReflectiveMethodInvocation.java:179) ~[spring-aop-7.0.6.jar:7.0.6]
	at org.springframework.data.jpa.repository.support.CrudMethodMetadataPostProcessor$CrudMethodMetadataPopulatingMethodInterceptor.invoke(CrudMethodMetadataPostProcessor.java:166) ~[spring-data-jpa-4.0.4.jar:4.0.4]
	at org.springframework.aop.framework.ReflectiveMethodInvocation.proceed(ReflectiveMethodInvocation.java:179) ~[spring-aop-7.0.6.jar:7.0.6]
	at org.springframework.aop.framework.JdkDynamicAopProxy.invoke(JdkDynamicAopProxy.java:222) ~[spring-aop-7.0.6.jar:7.0.6]
	at jdk.proxy60/jdk.proxy60.$Proxy395.save(Unknown Source) ~[na:na]
	at com.cdsc.eshopdemo.serviceimpl.ProductServiceImpl.create(ProductServiceImpl.java:43) ~[classes/:na]
	at com.cdsc.eshopdemo.controller.ProductController.createProduct(ProductController.java:35) ~[classes/:na]
	at java.base/jdk.internal.reflect.DirectMethodHandleAccessor.invoke(DirectMethodHandleAccessor.java:104) ~[na:na]
	at java.base/java.lang.reflect.Method.invoke(Method.java:565) ~[na:na]
	at org.springframework.web.method.support.InvocableHandlerMethod.doInvoke(InvocableHandlerMethod.java:252) ~[spring-web-7.0.6.jar:7.0.6]
	at org.springframework.web.method.support.InvocableHandlerMethod.invokeForRequest(InvocableHandlerMethod.java:184) ~[spring-web-7.0.6.jar:7.0.6]
	at org.springframework.web.servlet.mvc.method.annotation.ServletInvocableHandlerMethod.invokeAndHandle(ServletInvocableHandlerMethod.java:117) ~[spring-webmvc-7.0.6.jar:7.0.6]
	at org.springframework.web.servlet.mvc.method.annotation.RequestMappingHandlerAdapter.invokeHandlerMethod(RequestMappingHandlerAdapter.java:934) ~[spring-webmvc-7.0.6.jar:7.0.6]
	at org.springframework.web.servlet.mvc.method.annotation.RequestMappingHandlerAdapter.handleInternal(RequestMappingHandlerAdapter.java:853) ~[spring-webmvc-7.0.6.jar:7.0.6]
	at org.springframework.web.servlet.mvc.method.AbstractHandlerMethodAdapter.handle(AbstractHandlerMethodAdapter.java:86) ~[spring-webmvc-7.0.6.jar:7.0.6]
	at org.springframework.web.servlet.DispatcherServlet.doDispatch(DispatcherServlet.java:963) ~[spring-webmvc-7.0.6.jar:7.0.6]
	at org.springframework.web.servlet.DispatcherServlet.doService(DispatcherServlet.java:866) ~[spring-webmvc-7.0.6.jar:7.0.6]
	at org.springframework.web.servlet.FrameworkServlet.processRequest(FrameworkServlet.java:1000) ~[spring-webmvc-7.0.6.jar:7.0.6]
	at org.springframework.web.servlet.FrameworkServlet.doPost(FrameworkServlet.java:903) ~[spring-webmvc-7.0.6.jar:7.0.6]
	at jakarta.servlet.http.HttpServlet.service(HttpServlet.java:649) ~[tomcat-embed-core-11.0.20.jar:6.1]
	at org.springframework.web.servlet.FrameworkServlet.service(FrameworkServlet.java:874) ~[spring-webmvc-7.0.6.jar:7.0.6]
	at jakarta.servlet.http.HttpServlet.service(HttpServlet.java:710) ~[tomcat-embed-core-11.0.20.jar:6.1]
	at org.apache.catalina.core.ApplicationFilterChain.doFilter(ApplicationFilterChain.java:128) ~[tomcat-embed-core-11.0.20.jar:11.0.20]
	at org.apache.tomcat.websocket.server.WsFilter.doFilter(WsFilter.java:53) ~[tomcat-embed-websocket-11.0.20.jar:11.0.20]
	at org.apache.catalina.core.ApplicationFilterChain.doFilter(ApplicationFilterChain.java:107) ~[tomcat-embed-core-11.0.20.jar:11.0.20]
	at org.springframework.web.filter.RequestContextFilter.doFilterInternal(RequestContextFilter.java:100) ~[spring-web-7.0.6.jar:7.0.6]
	at org.springframework.web.filter.OncePerRequestFilter.doFilter(OncePerRequestFilter.java:116) ~[spring-web-7.0.6.jar:7.0.6]
	at org.apache.catalina.core.ApplicationFilterChain.doFilter(ApplicationFilterChain.java:107) ~[tomcat-embed-core-11.0.20.jar:11.0.20]
	at org.springframework.web.filter.FormContentFilter.doFilterInternal(FormContentFilter.java:93) ~[spring-web-7.0.6.jar:7.0.6]
	at org.springframework.web.filter.OncePerRequestFilter.doFilter(OncePerRequestFilter.java:116) ~[spring-web-7.0.6.jar:7.0.6]
	at org.apache.catalina.core.ApplicationFilterChain.doFilter(ApplicationFilterChain.java:107) ~[tomcat-embed-core-11.0.20.jar:11.0.20]
	at org.springframework.web.filter.CharacterEncodingFilter.doFilterInternal(CharacterEncodingFilter.java:199) ~[spring-web-7.0.6.jar:7.0.6]
	at org.springframework.web.filter.OncePerRequestFilter.doFilter(OncePerRequestFilter.java:116) ~[spring-web-7.0.6.jar:7.0.6]
	at org.apache.catalina.core.ApplicationFilterChain.doFilter(ApplicationFilterChain.java:107) ~[tomcat-embed-core-11.0.20.jar:11.0.20]
	at org.apache.catalina.core.StandardWrapperValve.invoke(StandardWrapperValve.java:165) ~[tomcat-embed-core-11.0.20.jar:11.0.20]
	at org.apache.catalina.core.StandardContextValve.invoke(StandardContextValve.java:77) ~[tomcat-embed-core-11.0.20.jar:11.0.20]
	at org.apache.catalina.authenticator.AuthenticatorBase.invoke(AuthenticatorBase.java:492) ~[tomcat-embed-core-11.0.20.jar:11.0.20]
	at org.apache.catalina.core.StandardHostValve.invoke(StandardHostValve.java:113) ~[tomcat-embed-core-11.0.20.jar:11.0.20]
	at org.apache.catalina.valves.ErrorReportValve.invoke(ErrorReportValve.java:83) ~[tomcat-embed-core-11.0.20.jar:11.0.20]
	at org.apache.catalina.core.StandardEngineValve.invoke(StandardEngineValve.java:72) ~[tomcat-embed-core-11.0.20.jar:11.0.20]
	at org.apache.catalina.connector.CoyoteAdapter.service(CoyoteAdapter.java:341) ~[tomcat-embed-core-11.0.20.jar:11.0.20]
	at org.apache.coyote.http11.Http11Processor.service(Http11Processor.java:397) ~[tomcat-embed-core-11.0.20.jar:11.0.20]
	at org.apache.coyote.AbstractProcessorLight.process(AbstractProcessorLight.java:63) ~[tomcat-embed-core-11.0.20.jar:11.0.20]
	at org.apache.coyote.AbstractProtocol$ConnectionHandler.process(AbstractProtocol.java:903) ~[tomcat-embed-core-11.0.20.jar:11.0.20]
	at org.apache.tomcat.util.net.NioEndpoint$SocketProcessor.doRun(NioEndpoint.java:1779) ~[tomcat-embed-core-11.0.20.jar:11.0.20]
	at org.apache.tomcat.util.net.SocketProcessorBase.run(SocketProcessorBase.java:52) ~[tomcat-embed-core-11.0.20.jar:11.0.20]
	at org.apache.tomcat.util.threads.ThreadPoolExecutor.runWorker(ThreadPoolExecutor.java:946) ~[tomcat-embed-core-11.0.20.jar:11.0.20]
	at org.apache.tomcat.util.threads.ThreadPoolExecutor$Worker.run(ThreadPoolExecutor.java:480) ~[tomcat-embed-core-11.0.20.jar:11.0.20]
	at org.apache.tomcat.util.threads.TaskThread$WrappingRunnable.run(TaskThread.java:57) ~[tomcat-embed-core-11.0.20.jar:11.0.20]
	at java.base/java.lang.Thread.run(Thread.java:1474) ~[na:na]

2026-04-27T17:01:39.523+05:45  INFO 13272 --- [EShopDemo] [File Watcher] rtingClassPathChangeChangedEventListener : Restarting due to 1 class path change (0 additions, 0 deletions, 1 modification)
2026-04-27T17:01:40.295+05:45  INFO 13272 --- [EShopDemo] [Thread-214] o.s.boot.tomcat.GracefulShutdown         : Commencing graceful shutdown. Waiting for active requests to complete
2026-04-27T17:01:40.554+05:45  INFO 13272 --- [EShopDemo] [tomcat-shutdown] o.s.boot.tomcat.GracefulShutdown         : Graceful shutdown complete
2026-04-27T17:01:41.085+05:45  INFO 13272 --- [EShopDemo] [Thread-214] j.LocalContainerEntityManagerFactoryBean : Closing JPA EntityManagerFactory for persistence unit 'default'
2026-04-27T17:01:41.434+05:45  INFO 13272 --- [EShopDemo] [Thread-214] com.zaxxer.hikari.HikariDataSource       : HikariPool-58 - Shutdown initiated...
2026-04-27T17:01:41.713+05:45  INFO 13272 --- [EShopDemo] [Thread-214] com.zaxxer.hikari.HikariDataSource       : HikariPool-58 - Shutdown completed.
2026-04-27T17:01:50.610+05:45  INFO 13272 --- [EShopDemo] [restartedMain] c.cdsc.eshopdemo.EShopDemoApplication    : Starting EShopDemoApplication using Java 25.0.2 with PID 13272 (E:\CDC_training\EShopDemo\target\classes started by DELL in E:\CDC_training\EShopDemo)
2026-04-27T17:01:50.613+05:45  INFO 13272 --- [EShopDemo] [restartedMain] c.cdsc.eshopdemo.EShopDemoApplication    : The following 1 profile is active: "prod"
2026-04-27T17:01:52.626+05:45  INFO 13272 --- [EShopDemo] [restartedMain] .s.d.r.c.RepositoryConfigurationDelegate : Bootstrapping Spring Data JPA repositories in DEFAULT mode.
2026-04-27T17:01:52.807+05:45  INFO 13272 --- [EShopDemo] [restartedMain] .s.d.r.c.RepositoryConfigurationDelegate : Finished Spring Data repository scanning in 95 ms. Found 3 JPA repository interfaces.
2026-04-27T17:01:54.023+05:45  INFO 13272 --- [EShopDemo] [restartedMain] o.s.boot.tomcat.TomcatWebServer          : Tomcat initialized with port 8080 (http)
2026-04-27T17:01:54.036+05:45  INFO 13272 --- [EShopDemo] [restartedMain] o.apache.catalina.core.StandardService   : Starting service [Tomcat]
2026-04-27T17:01:54.037+05:45  INFO 13272 --- [EShopDemo] [restartedMain] o.apache.catalina.core.StandardEngine    : Starting Servlet engine: [Apache Tomcat/11.0.20]
2026-04-27T17:01:54.583+05:45  INFO 13272 --- [EShopDemo] [restartedMain] b.w.c.s.WebApplicationContextInitializer : Root WebApplicationContext: initialization completed in 3896 ms
2026-04-27T17:01:55.040+05:45  INFO 13272 --- [EShopDemo] [restartedMain] org.hibernate.orm.jpa                    : HHH008540: Processing PersistenceUnitInfo [name: default]
2026-04-27T17:01:56.762+05:45  INFO 13272 --- [EShopDemo] [restartedMain] o.s.o.j.p.SpringPersistenceUnitInfo      : No LoadTimeWeaver setup: ignoring JPA class transformer
2026-04-27T17:01:56.819+05:45  INFO 13272 --- [EShopDemo] [restartedMain] com.zaxxer.hikari.HikariDataSource       : HikariPool-59 - Starting...
2026-04-27T17:01:57.215+05:45  INFO 13272 --- [EShopDemo] [restartedMain] com.zaxxer.hikari.pool.HikariPool        : HikariPool-59 - Added connection com.mysql.cj.jdbc.ConnectionImpl@921a526
2026-04-27T17:01:57.215+05:45  INFO 13272 --- [EShopDemo] [restartedMain] com.zaxxer.hikari.HikariDataSource       : HikariPool-59 - Start completed.
2026-04-27T17:01:57.230+05:45  INFO 13272 --- [EShopDemo] [restartedMain] org.hibernate.orm.connections.pooling    : HHH10001005: Database info:
	Database JDBC URL [jdbc:mysql://localhost:3306/prod_eshop_db?createDatabaseIfNotExist=true]
	Database driver: MySQL Connector/J
	Database dialect: MySQLDialect
	Database version: 8.0.35
	Default catalog/schema: prod_eshop_db/undefined
	Autocommit mode: undefined/unknown
	Isolation level: REPEATABLE_READ [default REPEATABLE_READ]
	JDBC fetch size: none
	Pool: DataSourceConnectionProvider
	Minimum pool size: undefined/unknown
	Maximum pool size: undefined/unknown
2026-04-27T17:01:57.743+05:45  INFO 13272 --- [EShopDemo] [restartedMain] org.hibernate.orm.core                   : HHH000489: No JTA platform available (set 'hibernate.transaction.jta.platform' to enable JTA platform integration)
2026-04-27T17:01:58.045+05:45  INFO 13272 --- [EShopDemo] [restartedMain] j.LocalContainerEntityManagerFactoryBean : Initialized JPA EntityManagerFactory for persistence unit 'default'
2026-04-27T17:01:59.019+05:45  WARN 13272 --- [EShopDemo] [restartedMain] JpaBaseConfiguration$JpaWebConfiguration : spring.jpa.open-in-view is enabled by default. Therefore, database queries may be performed during view rendering. Explicitly configure spring.jpa.open-in-view to disable this warning
2026-04-27T17:01:59.736+05:45  WARN 13272 --- [EShopDemo] [restartedMain] ion$DefaultTemplateResolverConfiguration : Cannot find template location: classpath:/templates/ (please add some templates, check your Thymeleaf configuration, or set spring.thymeleaf.check-template-location=false)
2026-04-27T17:02:00.411+05:45  INFO 13272 --- [EShopDemo] [restartedMain] o.s.boot.tomcat.TomcatWebServer          : Tomcat started on port 8080 (http) with context path '/'
2026-04-27T17:02:00.433+05:45  INFO 13272 --- [EShopDemo] [restartedMain] c.cdsc.eshopdemo.EShopDemoApplication    : Started EShopDemoApplication in 10.505 seconds (process running for 6606.401)
2026-04-27T17:02:00.438+05:45  INFO 13272 --- [EShopDemo] [restartedMain] .ConditionEvaluationDeltaLoggingListener : Condition evaluation unchanged
